0 verbose cli /usr/local/bin/node /usr/local/bin/npm
1 info using npm@10.5.0
2 info using node@v20.12.2
3 timing npm:load:whichnode Completed in 1ms
4 timing config:load:defaults Completed in 1ms
5 timing config:load:file:/usr/local/lib/node_modules/npm/npmrc Completed in 2ms
6 timing config:load:builtin Completed in 2ms
7 timing config:load:cli Completed in 3ms
8 timing config:load:env Completed in 0ms
9 timing config:load:project Completed in 2ms
10 timing config:load:file:/root/.npmrc Completed in 7ms
11 timing config:load:user Completed in 7ms
12 timing config:load:file:/usr/local/etc/npmrc Completed in 0ms
13 timing config:load:global Completed in 0ms
14 timing config:load:setEnvs Completed in 1ms
15 timing config:load Completed in 17ms
16 timing npm:load:configload Completed in 17ms
17 timing config:load:flatten Completed in 2ms
18 timing npm:load:mkdirpcache Completed in 1ms
19 timing npm:load:mkdirplogs Completed in 1ms
20 verbose title npm install
21 verbose argv "install"
22 timing npm:load:setTitle Completed in 0ms
23 timing npm:load:display Completed in 1ms
24 verbose logfile logs-max:10 dir:/root/.npm/_logs/2026-02-11T20_16_09_795Z-
25 verbose logfile /root/.npm/_logs/2026-02-11T20_16_09_795Z-debug-0.log
26 timing npm:load:logFile Completed in 7ms
27 timing npm:load:timers Completed in 0ms
28 timing npm:load:configScope Completed in 0ms
29 timing npm:load Completed in 46ms
30 timing arborist:ctor Completed in 1ms
31 silly logfile done cleaning log files
32 timing idealTree:init Completed in 576ms
33 timing idealTree:userRequests Completed in 0ms
34 silly idealTree buildDeps
35 timing idealTree:#root Completed in 0ms
36 timing idealTree:buildDeps Completed in 2ms
37 timing idealTree:fixDepFlags Completed in 0ms
38 timing idealTree Completed in 594ms
39 timing reify:loadTrees Completed in 610ms
40 timing reify:diffTrees Completed in 17ms
41 silly reify moves {}
42 timing reify:retireShallow Completed in 2ms
43 timing reify:createSparse Completed in 366ms
44 timing reify:loadBundles Completed in 0ms
45 silly audit bulk request {
45 silly audit   '@aashutoshrathi/word-wrap': [ '1.2.6' ],
45 silly audit   '@ampproject/remapping': [ '2.3.0' ],
45 silly audit   '@babel/code-frame': [ '7.24.2' ],
45 silly audit   '@babel/compat-data': [ '7.24.4' ],
45 silly audit   '@babel/core': [ '7.24.4' ],
45 silly audit   semver: [ '6.3.1', '7.6.0' ],
45 silly audit   '@babel/generator': [ '7.24.4' ],
45 silly audit   '@babel/helper-compilation-targets': [ '7.23.6' ],
45 silly audit   '@babel/helper-environment-visitor': [ '7.22.20' ],
45 silly audit   '@babel/helper-function-name': [ '7.23.0' ],
45 silly audit   '@babel/helper-hoist-variables': [ '7.22.5' ],
45 silly audit   '@babel/helper-module-imports': [ '7.24.3' ],
45 silly audit   '@babel/helper-module-transforms': [ '7.23.3' ],
45 silly audit   '@babel/helper-plugin-utils': [ '7.24.0' ],
45 silly audit   '@babel/helper-simple-access': [ '7.22.5' ],
45 silly audit   '@babel/helper-split-export-declaration': [ '7.22.6' ],
45 silly audit   '@babel/helper-string-parser': [ '7.24.1' ],
45 silly audit   '@babel/helper-validator-identifier': [ '7.22.20' ],
45 silly audit   '@babel/helper-validator-option': [ '7.23.5' ],
45 silly audit   '@babel/helpers': [ '7.24.4' ],
45 silly audit   '@babel/highlight': [ '7.24.2' ],
45 silly audit   'ansi-styles': [ '3.2.1', '4.3.0', '5.2.0', '6.1.0' ],
45 silly audit   chalk: [ '2.4.2', '5.0.1', '4.1.2', '5.3.0' ],
45 silly audit   'color-convert': [ '1.9.3', '2.0.1' ],
45 silly audit   'color-name': [ '1.1.3', '1.1.4' ],
45 silly audit   'has-flag': [ '3.0.0', '4.0.0' ],
45 silly audit   'supports-color': [ '5.5.0', '8.1.1', '7.2.0' ],
45 silly audit   '@babel/parser': [ '7.24.4' ],
45 silly audit   '@babel/plugin-syntax-async-generators': [ '7.8.4' ],
45 silly audit   '@babel/plugin-syntax-bigint': [ '7.8.3' ],
45 silly audit   '@babel/plugin-syntax-class-properties': [ '7.12.13' ],
45 silly audit   '@babel/plugin-syntax-import-meta': [ '7.10.4' ],
45 silly audit   '@babel/plugin-syntax-json-strings': [ '7.8.3' ],
45 silly audit   '@babel/plugin-syntax-jsx': [ '7.24.1' ],
45 silly audit   '@babel/plugin-syntax-logical-assignment-operators': [ '7.10.4' ],
45 silly audit   '@babel/plugin-syntax-nullish-coalescing-operator': [ '7.8.3' ],
45 silly audit   '@babel/plugin-syntax-numeric-separator': [ '7.10.4' ],
45 silly audit   '@babel/plugin-syntax-object-rest-spread': [ '7.8.3' ],
45 silly audit   '@babel/plugin-syntax-optional-catch-binding': [ '7.8.3' ],
45 silly audit   '@babel/plugin-syntax-optional-chaining': [ '7.8.3' ],
45 silly audit   '@babel/plugin-syntax-top-level-await': [ '7.14.5' ],
45 silly audit   '@babel/plugin-syntax-typescript': [ '7.24.1' ],
45 silly audit   '@babel/runtime': [ '7.24.4' ],
45 silly audit   '@babel/template': [ '7.24.0' ],
45 silly audit   '@babel/traverse': [ '7.24.1' ],
45 silly audit   globals: [ '11.12.0', '14.0.0', '13.24.0', '15.0.0' ],
45 silly audit   '@babel/types': [ '7.24.0' ],
45 silly audit   '@bcoe/v8-coverage': [ '0.2.3' ],
45 silly audit   '@colors/colors': [ '1.5.0' ],
45 silly audit   '@discoveryjs/json-ext': [ '0.5.7' ],
45 silly audit   '@eslint-community/eslint-utils': [ '4.4.0' ],
45 silly audit   '@eslint-community/regexpp': [ '4.10.0' ],
45 silly audit   '@eslint/eslintrc': [ '3.0.2', '2.1.4' ],
45 silly audit   '@eslint/js': [ '9.1.1', '8.57.0' ],
45 silly audit   '@fastify/accept-negotiator': [ '1.0.0' ],
45 silly audit   '@fastify/ajv-compiler': [ '3.5.0' ],
45 silly audit   ajv: [ '8.12.0', '6.12.6', '8.11.0' ],
45 silly audit   'json-schema-traverse': [ '1.0.0', '0.4.1' ],
45 silly audit   '@fastify/cookie': [ '9.3.1' ],
45 silly audit   'fastify-plugin': [ '4.5.1', '4.2.0', '2.3.4', '3.0.1' ],
45 silly audit   '@fastify/deepmerge': [ '1.3.0' ],
45 silly audit   '@fastify/error': [ '3.4.1' ],
45 silly audit   '@fastify/fast-json-stringify-compiler': [ '4.3.0' ],
45 silly audit   '@fastify/flash': [ '5.1.0' ],
45 silly audit   '@fastify/formbody': [ '7.4.0' ],
45 silly audit   '@fastify/merge-json-schemas': [ '0.1.1' ],
45 silly audit   '@fastify/secure-session': [ '7.5.1' ],
45 silly audit   '@fastify/send': [ '2.1.0' ],
45 silly audit   '@fastify/sensible': [ '5.5.0' ],
45 silly audit   '@fastify/static': [ '7.0.3' ],
45 silly audit   '@fastify/view': [ '9.0.0' ],
45 silly audit   '@gar/promisify': [ '1.1.3' ],
45 silly audit   '@humanwhocodes/config-array': [ '0.11.14' ],
45 silly audit   '@humanwhocodes/module-importer': [ '1.0.1' ],
45 silly audit   '@humanwhocodes/object-schema': [ '2.0.3' ],
45 silly audit   '@isaacs/cliui': [ '8.0.2' ],
45 silly audit   'ansi-regex': [ '6.0.1', '5.0.1' ],
45 silly audit   'emoji-regex': [ '9.2.2', '8.0.0' ],
45 silly audit   'string-width': [ '5.1.2', '4.2.3' ],
45 silly audit   'strip-ansi': [ '7.1.0', '7.0.1', '6.0.1' ],
45 silly audit   '@istanbuljs/load-nyc-config': [ '1.1.0' ],
45 silly audit   argparse: [ '1.0.10', '2.0.1' ],
45 silly audit   'find-up': [ '4.1.0', '5.0.0', '3.0.0' ],
45 silly audit   'js-yaml': [ '3.14.1', '4.1.0' ],
45 silly audit   'locate-path': [ '5.0.0', '6.0.0', '3.0.0' ],
45 silly audit   'p-limit': [ '2.3.0', '3.1.0' ],
45 silly audit   'p-locate': [ '4.1.0', '5.0.0', '3.0.0' ],
45 silly audit   '@istanbuljs/schema': [ '0.1.3' ],
45 silly audit   '@jest/console': [ '29.7.0' ],
45 silly audit   '@jest/core': [ '29.7.0' ],
45 silly audit   '@jest/environment': [ '29.7.0' ],
45 silly audit   '@jest/expect': [ '29.7.0' ],
45 silly audit   '@jest/expect-utils': [ '29.7.0' ],
45 silly audit   '@jest/fake-timers': [ '29.7.0' ],
45 silly audit   '@jest/globals': [ '29.7.0' ],
45 silly audit   '@jest/reporters': [ '29.7.0' ],
45 silly audit   glob: [ '7.2.3', '10.3.12', '8.1.0' ],
45 silly audit   '@jest/schemas': [ '29.6.3' ],
45 silly audit   '@jest/source-map': [ '29.6.3' ],
45 silly audit   '@jest/test-result': [ '29.7.0' ],
45 silly audit   '@jest/test-sequencer': [ '29.7.0' ],
45 silly audit   '@jest/transform': [ '29.7.0' ],
45 silly audit   '@jest/types': [ '29.6.3' ],
45 silly audit   '@jridgewell/gen-mapping': [ '0.3.5' ],
45 silly audit   '@jridgewell/resolve-uri': [ '3.1.2' ],
45 silly audit   '@jridgewell/set-array': [ '1.2.1' ],
45 silly audit   '@jridgewell/source-map': [ '0.3.6' ],
45 silly audit   '@jridgewell/sourcemap-codec': [ '1.4.15' ],
45 silly audit   '@jridgewell/trace-mapping': [ '0.3.25' ],
45 silly audit   '@lukeed/ms': [ '2.0.2' ],
45 silly audit   '@nodelib/fs.scandir': [ '2.1.5' ],
45 silly audit   '@nodelib/fs.stat': [ '2.0.5' ],
45 silly audit   '@nodelib/fs.walk': [ '1.2.8' ],
45 silly audit   '@npmcli/fs': [ '3.1.0', '2.1.2', '1.1.1' ],
45 silly audit   '@npmcli/git': [ '4.1.0' ],
45 silly audit   'lru-cache': [ '7.18.3', '5.1.1', '10.2.0', '6.0.0' ],
45 silly audit   which: [ '3.0.1', '2.0.2' ],
45 silly audit   '@npmcli/installed-package-contents': [ '2.0.2' ],
45 silly audit   '@npmcli/move-file': [ '2.0.1', '1.1.2' ],
45 silly audit   '@npmcli/node-gyp': [ '3.0.0' ],
45 silly audit   '@npmcli/promise-spawn': [ '6.0.2' ],
45 silly audit   '@npmcli/run-script': [ '6.0.2' ],
45 silly audit   '@one-ini/wasm': [ '0.1.1' ],
45 silly audit   '@pkgjs/parseargs': [ '0.11.0' ],
45 silly audit   '@pnpm/network.ca-file': [ '1.0.1' ],
45 silly audit   '@pnpm/npm-conf': [ '1.0.5' ],
45 silly audit   '@popperjs/core': [ '2.11.8' ],
45 silly audit   '@rails/ujs': [ '7.1.3-2' ],
45 silly audit   '@sigstore/bundle': [ '1.1.0' ],
45 silly audit   '@sigstore/protobuf-specs': [ '0.2.1' ],
45 silly audit   '@sigstore/sign': [ '1.0.0' ],
45 silly audit   '@sigstore/tuf': [ '1.0.3' ],
45 silly audit   '@sinclair/typebox': [ '0.27.8' ],
45 silly audit   '@sindresorhus/is': [ '5.3.0' ],
45 silly audit   '@sinonjs/commons': [ '3.0.1' ],
45 silly audit   '@sinonjs/fake-timers': [ '10.3.0' ],
45 silly audit   '@szmarczak/http-timer': [ '5.0.1' ],
45 silly audit   '@tootallnate/once': [ '2.0.0', '1.1.2' ],
45 silly audit   '@tufjs/canonical-json': [ '1.0.0' ],
45 silly audit   '@tufjs/models': [ '1.0.4' ],
45 silly audit   'brace-expansion': [ '2.0.1', '1.1.11' ],
45 silly audit   minimatch: [ '9.0.4', '9.0.1', '5.1.6', '3.1.2' ],
45 silly audit   '@types/babel__core': [ '7.20.5' ],
45 silly audit   '@types/babel__generator': [ '7.6.8' ],
45 silly audit   '@types/babel__template': [ '7.4.4' ],
45 silly audit   '@types/babel__traverse': [ '7.20.5' ],
45 silly audit   '@types/cacheable-request': [ '6.0.2' ],
45 silly audit   '@types/debug': [ '4.1.12' ],
45 silly audit   '@types/eslint': [ '8.4.6' ],
45 silly audit   '@types/eslint-scope': [ '3.7.4' ],
45 silly audit   '@types/estree': [ '1.0.5' ],
45 silly audit   '@types/graceful-fs': [ '4.1.9' ],
45 silly audit   '@types/http-cache-semantics': [ '4.0.1' ],
45 silly audit   '@types/istanbul-lib-coverage': [ '2.0.6' ],
45 silly audit   '@types/istanbul-lib-report': [ '3.0.3' ],
45 silly audit   '@types/istanbul-reports': [ '3.0.4' ],
45 silly audit   '@types/jest': [ '29.5.12' ],
45 silly audit   '@types/json-schema': [ '7.0.11' ],
45 silly audit   '@types/json5': [ '0.0.29' ],
45 silly audit   '@types/keyv': [ '3.1.4' ],
45 silly audit   '@types/ms': [ '0.7.34' ],
45 silly audit   '@types/node': [ '20.12.7' ],
45 silly audit   '@types/responselike': [ '1.0.0' ],
45 silly audit   '@types/semver-utils': [ '1.1.3' ],
45 silly audit   '@types/stack-trace': [ '0.0.29' ],
45 silly audit   '@types/stack-utils': [ '2.0.3' ],
45 silly audit   '@types/validator': [ '13.11.9' ],
45 silly audit   '@types/yargs': [ '17.0.32' ],
45 silly audit   '@types/yargs-parser': [ '21.0.3' ],
45 silly audit   '@ungap/structured-clone': [ '1.2.0' ],
45 silly audit   '@vscode/sqlite3': [ '5.1.2' ],
45 silly audit   '@webassemblyjs/ast': [ '1.12.1' ],
45 silly audit   '@webassemblyjs/floating-point-hex-parser': [ '1.11.6' ],
45 silly audit   '@webassemblyjs/helper-api-error': [ '1.11.6' ],
45 silly audit   '@webassemblyjs/helper-buffer': [ '1.12.1' ],
45 silly audit   '@webassemblyjs/helper-numbers': [ '1.11.6' ],
45 silly audit   '@webassemblyjs/helper-wasm-bytecode': [ '1.11.6' ],
45 silly audit   '@webassemblyjs/helper-wasm-section': [ '1.12.1' ],
45 silly audit   '@webassemblyjs/ieee754': [ '1.11.6' ],
45 silly audit   '@webassemblyjs/leb128': [ '1.11.6' ],
45 silly audit   '@webassemblyjs/utf8': [ '1.11.6' ],
45 silly audit   '@webassemblyjs/wasm-edit': [ '1.12.1' ],
45 silly audit   '@webassemblyjs/wasm-gen': [ '1.12.1' ],
45 silly audit   '@webassemblyjs/wasm-opt': [ '1.12.1' ],
45 silly audit   '@webassemblyjs/wasm-parser': [ '1.12.1' ],
45 silly audit   '@webassemblyjs/wast-printer': [ '1.12.1' ],
45 silly audit   '@webpack-cli/configtest': [ '2.1.1' ],
45 silly audit   '@webpack-cli/info': [ '2.0.2' ],
45 silly audit   '@webpack-cli/serve': [ '2.0.5' ],
45 silly audit   '@xtuc/ieee754': [ '1.2.0' ],
45 silly audit   '@xtuc/long': [ '4.2.2' ],
45 silly audit   abbrev: [ '1.1.1', '2.0.0' ],
45 silly audit   'abort-controller': [ '3.0.0' ],
45 silly audit   'abstract-logging': [ '2.0.1' ],
45 silly audit   acorn: [ '8.11.3', '7.4.1' ],
45 silly audit   'acorn-import-assertions': [ '1.9.0' ],
45 silly audit   'acorn-jsx': [ '5.3.2' ],
45 silly audit   'agent-base': [ '6.0.2' ],
45 silly audit   agentkeepalive: [ '4.2.1' ],
45 silly audit   depd: [ '1.1.2', '2.0.0' ],
45 silly audit   'aggregate-error': [ '3.1.0' ],
45 silly audit   'ajv-formats': [ '2.1.1', '3.0.1' ],
45 silly audit   'ajv-keywords': [ '3.5.2', '5.1.0' ],
45 silly audit   'ansi-align': [ '3.0.1' ],
45 silly audit   'ansi-escapes': [ '4.3.2' ],
45 silly audit   'type-fest': [ '0.21.3', '2.19.0', '1.4.0', '0.20.2' ],
45 silly audit   anymatch: [ '3.1.2' ],
45 silly audit   aproba: [ '2.0.0' ],
45 silly audit   archy: [ '1.0.0' ],
45 silly audit   'are-we-there-yet': [ '3.0.1' ],
45 silly audit   'array-buffer-byte-length': [ '1.0.1' ],
45 silly audit   'array-includes': [ '3.1.8' ],
45 silly audit   'array-union': [ '2.1.0' ],
45 silly audit   'array.prototype.findlastindex': [ '1.2.5' ],
45 silly audit   'array.prototype.flat': [ '1.3.2' ],
45 silly audit   'array.prototype.flatmap': [ '1.3.2' ],
45 silly audit   'arraybuffer.prototype.slice': [ '1.0.3' ],
45 silly audit   asap: [ '2.0.6' ],
45 silly audit   'assert-never': [ '1.2.1' ],
45 silly audit   'at-least-node': [ '1.0.0' ],
45 silly audit   'atomic-sleep': [ '1.0.0' ],
45 silly audit   'available-typed-arrays': [ '1.0.7' ],
45 silly audit   avvio: [ '8.3.0' ],
45 silly audit   'babel-jest': [ '29.7.0' ],
45 silly audit   'babel-plugin-istanbul': [ '6.1.1' ],
45 silly audit   'istanbul-lib-instrument': [ '5.2.1', '6.0.2' ],
45 silly audit   'babel-plugin-jest-hoist': [ '29.6.3' ],
45 silly audit   'babel-preset-current-node-syntax': [ '1.0.1' ],
45 silly audit   'babel-preset-jest': [ '29.6.3' ],
45 silly audit   'babel-walk': [ '3.0.0-canary-5' ],
45 silly audit   'balanced-match': [ '1.0.2' ],
45 silly audit   'base64-js': [ '1.5.1' ],
45 silly audit   'better-sqlite3': [ '8.7.0' ],
45 silly audit   'binary-extensions': [ '2.2.0' ],
45 silly audit   bindings: [ '1.5.0' ],
45 silly audit   bl: [ '4.1.0' ],
45 silly audit   bluebird: [ '3.7.2' ],
45 silly audit   bootstrap: [ '5.3.3' ],
45 silly audit   boxen: [ '7.0.0' ],
45 silly audit   camelcase: [ '7.0.0', '5.3.1', '6.3.0' ],
45 silly audit   braces: [ '3.0.2' ],
45 silly audit   browserslist: [ '4.23.0' ],
45 silly audit   bser: [ '2.1.1' ],
45 silly audit   buffer: [ '5.7.1', '6.0.3' ],
45 silly audit   'buffer-from': [ '1.1.2' ],
45 silly audit   builtins: [ '5.1.0' ],
45 silly audit   cacache: [ '17.1.4', '16.1.3', '15.3.0' ],
45 silly audit   'fs-minipass': [ '3.0.3', '2.1.0' ],
45 silly audit   minipass: [ '7.0.4', '5.0.0', '3.3.4' ],
45 silly audit   'unique-filename': [ '3.0.0', '2.0.1', '1.1.1' ],
45 silly audit   'unique-slug': [ '4.0.0', '3.0.0', '2.0.2' ],
45 silly audit   'cacheable-lookup': [ '6.1.0' ],
45 silly audit   'cacheable-request': [ '7.0.2' ],
45 silly audit   'get-stream': [ '5.2.0', '6.0.1' ],
45 silly audit   'lowercase-keys': [ '2.0.0', '3.0.0' ],
45 silly audit   'call-bind': [ '1.0.7' ],
45 silly audit   callsites: [ '3.1.0' ],
45 silly audit   'caniuse-lite': [ '1.0.30001612' ],
45 silly audit   'char-regex': [ '1.0.2' ],
45 silly audit   'character-parser': [ '2.2.0' ],
45 silly audit   chokidar: [ '3.5.3' ],
45 silly audit   'glob-parent': [ '5.1.2', '6.0.2' ],
45 silly audit   chownr: [ '2.0.0', '1.1.4' ],
45 silly audit   'chrome-trace-event': [ '1.0.3' ],
45 silly audit   'ci-info': [ '3.3.2' ],
45 silly audit   'cjs-module-lexer': [ '1.2.3' ],
45 silly audit   'clean-stack': [ '2.2.0' ],
45 silly audit   'cli-boxes': [ '3.0.0' ],
45 silly audit   'cli-color': [ '2.0.4' ],
45 silly audit   'cli-table3': [ '0.6.4' ],
45 silly audit   cliui: [ '8.0.1', '7.0.4' ],
45 silly audit   'wrap-ansi': [ '7.0.0', '8.1.0' ],
45 silly audit   'clone-deep': [ '4.0.1' ],
45 silly audit   'clone-response': [ '1.0.3' ],
45 silly audit   'close-with-grace': [ '1.1.0' ],
45 silly audit   co: [ '4.6.0' ],
45 silly audit   'collect-v8-coverage': [ '1.0.2' ],
45 silly audit   'color-support': [ '1.1.3' ],
45 silly audit   colorette: [ '2.0.19' ],
45 silly audit   commander: [ '10.0.1', '2.20.3' ],
45 silly audit   commist: [ '3.0.0' ],
45 silly audit   'concat-map': [ '0.0.1' ],
45 silly audit   concurrently: [ '8.2.2' ],
45 silly audit   'config-chain': [ '1.1.13' ],
45 silly audit   ini: [ '1.3.8', '2.0.0', '4.1.2' ],
45 silly audit   configstore: [ '6.0.0' ],
45 silly audit   'write-file-atomic': [ '3.0.3', '4.0.2' ],
45 silly audit   'confusing-browser-globals': [ '1.0.11' ],
45 silly audit   'console-control-strings': [ '1.1.0' ],
45 silly audit   constantinople: [ '4.0.1' ],
45 silly audit   'content-disposition': [ '0.5.4' ],
45 silly audit   'convert-source-map': [ '2.0.0' ],
45 silly audit   cookie: [ '0.6.0', '0.4.2' ],
45 silly audit   'cookie-signature': [ '1.2.1' ],
45 silly audit   'create-jest': [ '29.7.0' ],
45 silly audit   'cross-spawn': [ '7.0.3' ],
45 silly audit   'crypto-random-string': [ '4.0.0' ],
45 silly audit   'css-loader': [ '7.1.1' ],
45 silly audit   cssesc: [ '3.0.0' ],
45 silly audit   d: [ '1.0.2' ],
45 silly audit   'data-view-buffer': [ '1.0.1' ],
45 silly audit   'data-view-byte-length': [ '1.0.1' ],
45 silly audit   'data-view-byte-offset': [ '1.0.0' ],
45 silly audit   'date-fns': [ '2.30.0' ],
45 silly audit   dateformat: [ '4.6.3' ],
45 silly audit   'db-errors': [ '0.2.3' ],
45 silly audit   debug: [ '4.3.4', '3.2.7' ],
45 silly audit   ms: [ '2.1.2', '2.1.3' ],
45 silly audit   'decompress-response': [ '6.0.0' ],
45 silly audit   'mimic-response': [ '3.1.0', '1.0.1' ],
45 silly audit   dedent: [ '1.5.3' ],
45 silly audit   'deep-extend': [ '0.6.0' ],
45 silly audit   'deep-is': [ '0.1.4' ],
45 silly audit   deepmerge: [ '4.3.1' ],
45 silly audit   'defer-to-connect': [ '2.0.1' ],
45 silly audit   'define-data-property': [ '1.1.4' ],
45 silly audit   'define-properties': [ '1.2.1' ],
45 silly audit   delegates: [ '1.0.0' ],
45 silly audit   'detect-libc': [ '2.0.3' ],
45 silly audit   'detect-newline': [ '3.1.0' ],
45 silly audit   'diff-sequences': [ '29.6.3' ],
45 silly audit   'dir-glob': [ '3.0.1' ],
45 silly audit   doctrine: [ '3.0.0', '2.1.0' ],
45 silly audit   doctypes: [ '1.1.0' ],
45 silly audit   'dot-prop': [ '6.0.1' ],
45 silly audit   dotenv: [ '16.4.5' ],
45 silly audit   dottie: [ '2.0.6' ],
45 silly audit   eastasianwidth: [ '0.2.0' ],
45 silly audit   editorconfig: [ '1.0.4' ],
45 silly audit   'electron-to-chromium': [ '1.4.746' ],
45 silly audit   emittery: [ '0.13.1' ],
45 silly audit   encoding: [ '0.1.13' ],
45 silly audit   'end-of-stream': [ '1.4.4' ],
45 silly audit   'enhanced-resolve': [ '5.16.0' ],
45 silly audit   entities: [ '3.0.1' ],
45 silly audit   'env-paths': [ '2.2.1' ],
45 silly audit   envinfo: [ '7.12.0' ],
45 silly audit   'err-code': [ '2.0.3' ],
45 silly audit   'error-ex': [ '1.3.2' ],
45 silly audit   'es-abstract': [ '1.23.3' ],
45 silly audit   'es-define-property': [ '1.0.0' ],
45 silly audit   'es-errors': [ '1.3.0' ],
45 silly audit   'es-module-lexer': [ '1.5.0' ],
45 silly audit   'es-object-atoms': [ '1.0.0' ],
45 silly audit   'es-set-tostringtag': [ '2.0.3' ],
45 silly audit   'es-shim-unscopables': [ '1.0.2' ],
45 silly audit   'es-to-primitive': [ '1.2.1' ],
45 silly audit   'es5-ext': [ '0.10.64' ],
45 silly audit   'es6-iterator': [ '2.0.3' ],
45 silly audit   'es6-symbol': [ '3.1.4' ],
45 silly audit   'es6-weak-map': [ '2.0.3' ],
45 silly audit   escalade: [ '3.1.1' ],
45 silly audit   'escape-goat': [ '4.0.0' ],
45 silly audit   'escape-html': [ '1.0.3' ],
45 silly audit   'escape-string-regexp': [ '1.0.5', '4.0.0', '2.0.0' ],
45 silly audit   eslint: [ '8.57.0' ],
45 silly audit   'eslint-config-airbnb-base': [ '15.0.0' ],
45 silly audit   'eslint-import-resolver-node': [ '0.3.9' ],
45 silly audit   'eslint-module-utils': [ '2.8.1' ],
45 silly audit   'eslint-plugin-import': [ '2.29.1' ],
45 silly audit   'eslint-scope': [ '7.2.2', '5.1.1' ],
45 silly audit   'eslint-visitor-keys': [ '3.4.3', '4.0.0' ],
45 silly audit   espree: [ '9.6.1', '10.0.1' ],
45 silly audit   esm: [ '3.2.25' ],
45 silly audit   esniff: [ '2.0.1' ],
45 silly audit   esprima: [ '4.0.1' ],
45 silly audit   esquery: [ '1.5.0' ],
45 silly audit   esrecurse: [ '4.3.0' ],
45 silly audit   estraverse: [ '5.3.0', '4.3.0' ],
45 silly audit   esutils: [ '2.0.3' ],
45 silly audit   'event-emitter': [ '0.3.5' ],
45 silly audit   'event-target-shim': [ '5.0.1' ],
45 silly audit   events: [ '3.3.0' ],
45 silly audit   execa: [ '5.1.1' ],
45 silly audit   exit: [ '0.1.2' ],
45 silly audit   'expand-template': [ '2.0.3' ],
45 silly audit   expect: [ '29.7.0' ],
45 silly audit   'exponential-backoff': [ '3.1.1' ],
45 silly audit   ext: [ '1.7.0' ],
45 silly audit   'fast-content-type-parse': [ '1.1.0' ],
45 silly audit   'fast-copy': [ '3.0.2' ],
45 silly audit   'fast-decode-uri-component': [ '1.0.1' ],
45 silly audit   'fast-deep-equal': [ '3.1.3' ],
45 silly audit   'fast-glob': [ '3.2.11' ],
45 silly audit   'fast-json-stable-stringify': [ '2.1.0' ],
45 silly audit   'fast-json-stringify': [ '5.14.1' ],
45 silly audit   'fast-levenshtein': [ '2.0.6' ],
45 silly audit   'fast-memoize': [ '2.5.2' ],
45 silly audit   'fast-querystring': [ '1.0.0' ],
45 silly audit   'fast-redact': [ '3.5.0' ],
45 silly audit   'fast-safe-stringify': [ '2.1.1' ],
45 silly audit   'fast-uri': [ '2.3.0' ],
45 silly audit   'fastest-levenshtein': [ '1.0.16' ],
45 silly audit   fastify: [ '4.26.2' ],
45 silly audit   'fastify-cli': [ '6.1.1' ],
45 silly audit   'pino-pretty': [ '10.3.1', '11.0.0' ],
45 silly audit   'help-me': [ '5.0.0', '4.2.0' ],
45 silly audit   'readable-stream': [ '4.5.2', '3.6.2' ],
45 silly audit   'fastify-error-page': [ '4.0.0' ],
45 silly audit   'fastify-method-override': [ '1.5.10' ],
45 silly audit   'fastify-objectionjs': [ '2.0.1' ],
45 silly audit   knex: [ '2.5.1', '3.1.0' ],
45 silly audit   'pg-connection-string': [ '2.6.1', '2.6.2', '2.6.4' ],
45 silly audit   'fastify-reverse-routes': [ '3.0.0' ],
45 silly audit   fastq: [ '1.17.1' ],
45 silly audit   'fb-watchman': [ '2.0.2' ],
45 silly audit   'file-entry-cache': [ '6.0.1' ],
45 silly audit   'file-uri-to-path': [ '1.0.0' ],
45 silly audit   'fill-range': [ '7.0.1' ],
45 silly audit   'find-my-way': [ '8.1.0' ],
45 silly audit   'flat-cache': [ '3.2.0' ],
45 silly audit   flatted: [ '3.3.1' ],
45 silly audit   'for-each': [ '0.3.3' ],
45 silly audit   'foreground-child': [ '3.1.1' ],
45 silly audit   'signal-exit': [ '4.1.0', '3.0.7' ],
45 silly audit   'form-data-encoder': [ '2.1.0' ],
45 silly audit   forwarded: [ '0.2.0' ],
45 silly audit   'fp-and-or': [ '0.1.4' ],
45 silly audit   'fs-constants': [ '1.0.0' ],
45 silly audit   'fs-extra': [ '9.1.0' ],
45 silly audit   'fs.realpath': [ '1.0.0' ],
45 silly audit   fsevents: [ '2.3.2' ],
45 silly audit   'function-bind': [ '1.1.2' ],
45 silly audit   'function.prototype.name': [ '1.1.6' ],
45 silly audit   'functions-have-names': [ '1.2.3' ],
45 silly audit   gauge: [ '4.0.4' ],
45 silly audit   generify: [ '4.2.0' ],
45 silly audit   gensync: [ '1.0.0-beta.2' ],
45 silly audit   'get-caller-file': [ '2.0.5' ],
45 silly audit   'get-intrinsic': [ '1.2.4' ],
45 silly audit   'get-package-type': [ '0.1.0' ],
45 silly audit   'get-stdin': [ '8.0.0' ],
45 silly audit   'get-symbol-description': [ '1.0.2' ],
45 silly audit   getopts: [ '2.3.0' ],
45 silly audit   'github-from-package': [ '0.0.0' ],
45 silly audit   'glob-to-regexp': [ '0.4.1' ],
45 silly audit   'global-dirs': [ '3.0.0' ],
45 silly audit   globalthis: [ '1.0.3' ],
45 silly audit   globby: [ '11.1.0' ],
45 silly audit   gopd: [ '1.0.1' ],
45 silly audit   got: [ '12.3.1' ],
45 silly audit   'graceful-fs': [ '4.2.10', '4.2.11' ],
45 silly audit   graphemer: [ '1.4.0' ],
45 silly audit   'has-bigints': [ '1.0.2' ],
45 silly audit   'has-property-descriptors': [ '1.0.2' ],
45 silly audit   'has-proto': [ '1.0.3' ],
45 silly audit   'has-symbols': [ '1.0.3' ],
45 silly audit   'has-tostringtag': [ '1.0.2' ],
45 silly audit   'has-unicode': [ '2.0.1' ],
45 silly audit   'has-yarn': [ '3.0.0' ],
45 silly audit   hashlru: [ '2.3.0' ],
45 silly audit   hasown: [ '2.0.2' ],
45 silly audit   'hosted-git-info': [ '5.2.1', '6.1.1' ],
45 silly audit   'html-escaper': [ '2.0.2' ],
45 silly audit   'http-cache-semantics': [ '4.1.1' ],
45 silly audit   'http-errors': [ '2.0.0' ],
45 silly audit   'http-proxy-agent': [ '5.0.0', '4.0.1' ],
45 silly audit   'http2-wrapper': [ '2.1.11' ],
45 silly audit   'https-proxy-agent': [ '5.0.1' ],
45 silly audit   'human-signals': [ '2.1.0' ],
45 silly audit   'humanize-ms': [ '1.2.1' ],
45 silly audit   i18next: [ '23.11.2' ],
45 silly audit   'iconv-lite': [ '0.6.3' ],
45 silly audit   'icss-utils': [ '5.1.0' ],
45 silly audit   ieee754: [ '1.2.1' ],
45 silly audit   ignore: [ '5.2.0' ],
45 silly audit   'ignore-walk': [ '6.0.4' ],
45 silly audit   'import-fresh': [ '3.3.0' ],
45 silly audit   'resolve-from': [ '4.0.0', '5.0.0' ],
45 silly audit   'import-lazy': [ '4.0.0' ],
45 silly audit   'import-local': [ '3.1.0' ],
45 silly audit   imurmurhash: [ '0.1.4' ],
45 silly audit   'indent-string': [ '4.0.0' ],
45 silly audit   'infer-owner': [ '1.0.4' ],
45 silly audit   inflection: [ '1.13.4' ],
45 silly audit   inflight: [ '1.0.6' ],
45 silly audit   inherits: [ '2.0.4' ],
45 silly audit   'internal-slot': [ '1.0.7' ],
45 silly audit   interpret: [ '2.2.0', '3.1.1' ],
45 silly audit   ip: [ '2.0.0' ],
45 silly audit   'ipaddr.js': [ '1.9.1' ],
45 silly audit   'is-array-buffer': [ '3.0.4' ],
45 silly audit   'is-arrayish': [ '0.2.1' ],
45 silly audit   'is-bigint': [ '1.0.4' ],
45 silly audit   'is-binary-path': [ '2.1.0' ],
45 silly audit   'is-boolean-object': [ '1.1.2' ],
45 silly audit   'is-callable': [ '1.2.7' ],
45 silly audit   'is-ci': [ '3.0.1' ],
45 silly audit   'is-core-module': [ '2.13.1' ],
45 silly audit   'is-data-view': [ '1.0.1' ],
45 silly audit   'is-date-object': [ '1.0.5' ],
45 silly audit   'is-docker': [ '2.2.1' ],
45 silly audit   'is-expression': [ '4.0.0' ],
45 silly audit   'is-extglob': [ '2.1.1' ],
45 silly audit   'is-fullwidth-code-point': [ '3.0.0' ],
45 silly audit   'is-generator-fn': [ '2.1.0' ],
45 silly audit   'is-glob': [ '4.0.3' ],
45 silly audit   'is-installed-globally': [ '0.4.0' ],
45 silly audit   'is-lambda': [ '1.0.1' ],
45 silly audit   'is-negative-zero': [ '2.0.3' ],
45 silly audit   'is-npm': [ '6.0.0' ],
45 silly audit   'is-number': [ '7.0.0' ],
45 silly audit   'is-number-object': [ '1.0.7' ],
45 silly audit   'is-obj': [ '2.0.0' ],
45 silly audit   'is-path-inside': [ '3.0.3' ],
45 silly audit   'is-plain-object': [ '2.0.4' ],
45 silly audit   'is-promise': [ '2.2.2' ],
45 silly audit   'is-regex': [ '1.1.4' ],
45 silly audit   'is-shared-array-buffer': [ '1.0.3' ],
45 silly audit   'is-stream': [ '2.0.1' ],
45 silly audit   'is-string': [ '1.0.7' ],
45 silly audit   'is-symbol': [ '1.0.4' ],
45 silly audit   'is-typed-array': [ '1.1.13' ],
45 silly audit   'is-typedarray': [ '1.0.0' ],
45 silly audit   'is-weakref': [ '1.0.2' ],
45 silly audit   'is-yarn-global': [ '0.4.0' ],
45 silly audit   isarray: [ '2.0.5' ],
45 silly audit   isbinaryfile: [ '4.0.10' ],
45 silly audit   isexe: [ '2.0.0' ],
45 silly audit   isobject: [ '3.0.1' ],
45 silly audit   'istanbul-lib-coverage': [ '3.2.2' ],
45 silly audit   'istanbul-lib-report': [ '3.0.1' ],
45 silly audit   'istanbul-lib-source-maps': [ '4.0.1' ],
45 silly audit   'istanbul-reports': [ '3.1.7' ],
45 silly audit   jackspeak: [ '2.3.6' ],
45 silly audit   jest: [ '29.7.0' ],
45 silly audit   'jest-changed-files': [ '29.7.0' ],
45 silly audit   'jest-circus': [ '29.7.0' ],
45 silly audit   'jest-cli': [ '29.7.0' ],
45 silly audit   'jest-config': [ '29.7.0' ],
45 silly audit   'jest-diff': [ '29.7.0' ],
45 silly audit   'jest-docblock': [ '29.7.0' ],
45 silly audit   'jest-each': [ '29.7.0' ],
45 silly audit   'jest-environment-node': [ '29.7.0' ],
45 silly audit   'jest-get-type': [ '29.6.3' ],
45 silly audit   'jest-haste-map': [ '29.7.0' ],
45 silly audit   'jest-leak-detector': [ '29.7.0' ],
45 silly audit   'jest-matcher-utils': [ '29.7.0' ],
45 silly audit   'jest-message-util': [ '29.7.0' ],
45 silly audit   'jest-mock': [ '29.7.0' ],
45 silly audit   'jest-pnp-resolver': [ '1.2.3' ],
45 silly audit   'jest-regex-util': [ '29.6.3' ],
45 silly audit   'jest-resolve': [ '29.7.0' ],
45 silly audit   'jest-resolve-dependencies': [ '29.7.0' ],
45 silly audit   'jest-runner': [ '29.7.0' ],
45 silly audit   'jest-runtime': [ '29.7.0' ],
45 silly audit   'jest-snapshot': [ '29.7.0' ],
45 silly audit   'jest-util': [ '29.7.0' ],
45 silly audit   'jest-validate': [ '29.7.0' ],
45 silly audit   'jest-watcher': [ '29.7.0' ],
45 silly audit   'jest-worker': [ '29.7.0', '27.5.1' ],
45 silly audit   jju: [ '1.4.0' ],
45 silly audit   joycon: [ '3.1.1' ],
45 silly audit   jquery: [ '3.7.1' ],
45 silly audit   'js-beautify': [ '1.15.1' ],
45 silly audit   nopt: [ '7.2.0', '6.0.0', '5.0.0' ],
45 silly audit   'js-cookie': [ '3.0.5' ],
45 silly audit   'js-stringify': [ '1.0.2' ],
45 silly audit   'js-tokens': [ '4.0.0' ],
45 silly audit   jsesc: [ '2.5.2' ],
45 silly audit   'json-buffer': [ '3.0.1' ],
45 silly audit   'json-parse-even-better-errors': [ '2.3.1', '3.0.1' ],
45 silly audit   'json-parse-helpfulerror': [ '1.0.3' ],
45 silly audit   'json-schema-ref-resolver': [ '1.0.1' ],
45 silly audit   'json-stable-stringify-without-jsonify': [ '1.0.1' ],
45 silly audit   json5: [ '2.2.3', '1.0.2' ],
45 silly audit   jsonfile: [ '6.1.0' ],
45 silly audit   jsonlines: [ '0.1.1' ],
45 silly audit   jsonparse: [ '1.3.1' ],
45 silly audit   jstransformer: [ '1.0.0' ],
45 silly audit   'jstransformer-markdown-it': [ '3.0.0' ],
45 silly audit   keyv: [ '4.5.4' ],
45 silly audit   'kind-of': [ '6.0.3' ],
45 silly audit   kleur: [ '3.0.3', '4.1.5' ],
45 silly audit   'latest-version': [ '7.0.0' ],
45 silly audit   leven: [ '3.1.0' ],
45 silly audit   levn: [ '0.4.1' ],
45 silly audit   'light-my-request': [ '5.13.0' ],
45 silly audit   'lines-and-columns': [ '1.2.4' ],
45 silly audit   'linkify-it': [ '4.0.1' ],
45 silly audit   'loader-runner': [ '4.3.0' ],
45 silly audit   lodash: [ '4.17.21' ],
45 silly audit   'lodash.castarray': [ '4.4.0' ],
45 silly audit   'lodash.compact': [ '3.0.1' ],
45 silly audit   'lodash.isempty': [ '4.4.0' ],
45 silly audit   'lodash.merge': [ '4.6.2' ],
45 silly audit   yallist: [ '3.1.1', '4.0.0' ],
45 silly audit   'lru-queue': [ '0.1.0' ],
45 silly audit   'make-dir': [ '4.0.0' ],
45 silly audit   'make-fetch-happen': [ '11.1.1', '10.2.1', '9.1.0' ],
45 silly audit   'make-promises-safe': [ '5.1.0' ],
45 silly audit   makeerror: [ '1.0.12' ],
45 silly audit   'markdown-it': [ '13.0.2' ],
45 silly audit   mdurl: [ '1.0.1' ],
45 silly audit   'media-typer': [ '0.3.0' ],
45 silly audit   memoizee: [ '0.4.15' ],
45 silly audit   'merge-stream': [ '2.0.0' ],
45 silly audit   merge2: [ '1.4.1' ],
45 silly audit   micromatch: [ '4.0.5' ],
45 silly audit   mime: [ '3.0.0' ],
45 silly audit   'mime-db': [ '1.52.0' ],
45 silly audit   'mime-types': [ '2.1.35' ],
45 silly audit   'mimic-fn': [ '2.1.0' ],
45 silly audit   'mini-css-extract-plugin': [ '2.9.0' ],
45 silly audit   minimist: [ '1.2.6' ],
45 silly audit   'minipass-collect': [ '1.0.2' ],
45 silly audit   'minipass-fetch': [ '3.0.4', '2.1.2', '1.4.1' ],
45 silly audit   'minipass-flush': [ '1.0.5' ],
45 silly audit   'minipass-json-stream': [ '1.0.1' ],
45 silly audit   'minipass-pipeline': [ '1.2.4' ],
45 silly audit   'minipass-sized': [ '1.0.3' ],
45 silly audit   minizlib: [ '2.1.2' ],
45 silly audit   mkdirp: [ '1.0.4' ],
45 silly audit   'mkdirp-classic': [ '0.5.3' ],
45 silly audit   moment: [ '2.30.1' ],
45 silly audit   'moment-timezone': [ '0.5.45' ],
45 silly audit   mustache: [ '4.2.0' ],
45 silly audit   nanoid: [ '3.3.7' ],
45 silly audit   'napi-build-utils': [ '1.0.2' ],
45 silly audit   'natural-compare': [ '1.4.0' ],
45 silly audit   negotiator: [ '0.6.3' ],
45 silly audit   'neo-async': [ '2.6.2' ],
45 silly audit   'next-tick': [ '1.1.0' ],
45 silly audit   'node-abi': [ '3.60.0' ],
45 silly audit   'node-addon-api': [ '4.3.0', '7.1.0' ],
45 silly audit   'node-gyp': [ '9.4.1', '8.4.1' ],
45 silly audit   'node-gyp-build': [ '4.8.0' ],
45 silly audit   ssri: [ '9.0.1', '8.0.1', '10.0.5' ],
45 silly audit   'node-int64': [ '0.4.0' ],
45 silly audit   'node-releases': [ '2.0.14' ],
45 silly audit   'normalize-package-data': [ '5.0.0' ],
45 silly audit   'normalize-path': [ '3.0.0' ],
45 silly audit   'normalize-url': [ '6.1.0' ],
45 silly audit   'npm-bundled': [ '3.0.0' ],
45 silly audit   'npm-check-updates': [ '16.14.18' ],
45 silly audit   rimraf: [ '5.0.5', '3.0.2' ],
45 silly audit   'source-map-support': [ '0.5.21', '0.5.13' ],
45 silly audit   'strip-json-comments': [ '5.0.1', '2.0.1', '3.1.1' ],
45 silly audit   'npm-install-checks': [ '6.3.0' ],
45 silly audit   'npm-normalize-package-bin': [ '3.0.1' ],
45 silly audit   'npm-package-arg': [ '10.1.0' ],
45 silly audit   'npm-packlist': [ '7.0.4' ],
45 silly audit   'npm-pick-manifest': [ '8.0.2' ],
45 silly audit   'npm-registry-fetch': [ '14.0.5' ],
45 silly audit   'npm-run-path': [ '4.0.1' ],
45 silly audit   npmlog: [ '6.0.2' ],
45 silly audit   'object-assign': [ '4.1.1' ],
45 silly audit   'object-inspect': [ '1.13.1' ],
45 silly audit   'object-keys': [ '1.1.1' ],
45 silly audit   'object.assign': [ '4.1.5' ],
45 silly audit   'object.entries': [ '1.1.8' ],
45 silly audit   'object.fromentries': [ '2.0.8' ],
45 silly audit   'object.groupby': [ '1.0.3' ],
45 silly audit   'object.values': [ '1.2.0' ],
45 silly audit   objection: [ '3.1.4' ],
45 silly audit   'objection-unique': [ '1.2.2' ],
45 silly audit   'on-exit-leak-free': [ '2.1.2' ],
45 silly audit   once: [ '1.4.0' ],
45 silly audit   onetime: [ '5.1.2' ],
45 silly audit   optionator: [ '0.9.3' ],
45 silly audit   'p-cancelable': [ '3.0.0' ],
45 silly audit   'p-map': [ '4.0.0' ],
45 silly audit   'p-try': [ '2.2.0' ],
45 silly audit   'package-json': [ '8.1.0' ],
45 silly audit   pacote: [ '15.2.0' ],
45 silly audit   'parent-module': [ '1.0.1' ],
45 silly audit   'parse-github-url': [ '1.0.2' ],
45 silly audit   'parse-json': [ '5.2.0' ],
45 silly audit   'path-exists': [ '4.0.0', '3.0.0' ],
45 silly audit   'path-is-absolute': [ '1.0.1' ],
45 silly audit   'path-key': [ '3.1.1' ],
45 silly audit   'path-parse': [ '1.0.7' ],
45 silly audit   'path-scurry': [ '1.10.2' ],
45 silly audit   'path-to-regexp': [ '6.2.1' ],
45 silly audit   'path-type': [ '4.0.0' ],
45 silly audit   pg: [ '8.11.5' ],
45 silly audit   'pg-cloudflare': [ '1.1.1' ],
45 silly audit   'pg-int8': [ '1.0.1' ],
45 silly audit   'pg-pool': [ '3.6.2' ],
45 silly audit   'pg-protocol': [ '1.6.1' ],
45 silly audit   'pg-types': [ '2.2.0' ],
45 silly audit   pgpass: [ '1.0.5' ],
45 silly audit   split2: [ '4.2.0', '3.2.2' ],
45 silly audit   picocolors: [ '1.0.0' ],
45 silly audit   picomatch: [ '2.3.1' ],
45 silly audit   pino: [ '8.20.0' ],
45 silly audit   'pino-abstract-transport': [ '1.2.0' ],
45 silly audit   'pino-std-serializers': [ '6.2.2' ],
45 silly audit   pirates: [ '4.0.6' ],
45 silly audit   'pkg-dir': [ '4.2.0' ],
45 silly audit   'pkg-up': [ '3.1.0' ],
45 silly audit   'possible-typed-array-names': [ '1.0.0' ],
45 silly audit   postcss: [ '8.4.38' ],
45 silly audit   'postcss-modules-extract-imports': [ '3.1.0' ],
45 silly audit   'postcss-modules-local-by-default': [ '4.0.5' ],
45 silly audit   'postcss-modules-scope': [ '3.2.0' ],
45 silly audit   'postcss-modules-values': [ '4.0.0' ],
45 silly audit   'postcss-selector-parser': [ '6.0.16' ],
45 silly audit   'postcss-value-parser': [ '4.2.0' ],
45 silly audit   'postgres-array': [ '2.0.0' ],
45 silly audit   'postgres-bytea': [ '1.0.0' ],
45 silly audit   'postgres-date': [ '1.0.7' ],
45 silly audit   'postgres-interval': [ '1.2.0' ],
45 silly audit   'prebuild-install': [ '7.1.2' ],
45 silly audit   'prelude-ls': [ '1.2.1' ],
45 silly audit   'pretty-format': [ '29.7.0' ],
45 silly audit   'proc-log': [ '3.0.0' ],
45 silly audit   process: [ '0.11.10' ],
45 silly audit   'process-warning': [ '3.0.0' ],
45 silly audit   progress: [ '2.0.3' ],
45 silly audit   promise: [ '7.3.1' ],
45 silly audit   'promise-inflight': [ '1.0.1' ],
45 silly audit   'promise-retry': [ '2.0.1' ],
45 silly audit   prompts: [ '2.4.2' ],
45 silly audit   'prompts-ncu': [ '3.0.0' ],
45 silly audit   'proto-list': [ '1.2.4' ],
45 silly audit   'proxy-addr': [ '2.0.7' ],
45 silly audit   pug: [ '3.0.2' ],
45 silly audit   'pug-attrs': [ '3.0.0' ],
45 silly audit   'pug-code-gen': [ '3.0.2' ],
45 silly audit   'pug-error': [ '2.0.0' ],
45 silly audit   'pug-filters': [ '4.0.0' ],
45 silly audit   'pug-lexer': [ '5.0.1' ],
45 silly audit   'pug-linker': [ '4.0.0' ],
45 silly audit   'pug-load': [ '3.0.0' ],
45 silly audit   'pug-parser': [ '6.0.0' ],
45 silly audit   'pug-runtime': [ '3.0.1' ],
45 silly audit   'pug-strip-comments': [ '2.0.0' ],
45 silly audit   'pug-walk': [ '2.0.0' ],
45 silly audit   pump: [ '3.0.0' ],
45 silly audit   punycode: [ '2.1.1' ],
45 silly audit   pupa: [ '3.1.0' ],
45 silly audit   'pure-rand': [ '6.1.0' ],
45 silly audit   qs: [ '6.12.1' ],
45 silly audit   'queue-microtask': [ '1.2.3' ],
45 silly audit   'quick-format-unescaped': [ '4.0.4' ],
45 silly audit   'quick-lru': [ '5.1.1' ],
45 silly audit   randombytes: [ '2.1.0' ],
45 silly audit   rc: [ '1.2.8' ],
45 silly audit   'rc-config-loader': [ '4.1.3' ],
45 silly audit   'react-is': [ '18.2.0' ],
45 silly audit   'read-package-json': [ '6.0.4' ],
45 silly audit   'read-package-json-fast': [ '3.0.2' ],
45 silly audit   readdirp: [ '3.6.0' ],
45 silly audit   'real-require': [ '0.2.0' ],
45 silly audit   rechoir: [ '0.8.0' ],
45 silly audit   'regenerator-runtime': [ '0.14.1' ],
45 silly audit   'regexp.prototype.flags': [ '1.5.2' ],
45 silly audit   'registry-auth-token': [ '5.0.1' ],
45 silly audit   'registry-url': [ '6.0.1' ],
45 silly audit   'remote-git-tags': [ '3.0.0' ],
45 silly audit   'require-directory': [ '2.1.1' ],
45 silly audit   'require-from-string': [ '2.0.2' ],
45 silly audit   resolve: [ '1.22.8' ],
45 silly audit   'resolve-alpn': [ '1.2.1' ],
45 silly audit   'resolve-cwd': [ '3.0.0' ],
45 silly audit   'resolve.exports': [ '2.0.2' ],
45 silly audit   responselike: [ '2.0.1' ],
45 silly audit   ret: [ '0.2.2' ],
45 silly audit   retry: [ '0.12.0' ],
45 silly audit   'retry-as-promised': [ '7.0.4' ],
45 silly audit   reusify: [ '1.0.4' ],
45 silly audit   rfdc: [ '1.3.1' ],
45 silly audit   'run-parallel': [ '1.2.0' ],
45 silly audit   rxjs: [ '7.8.1' ],
45 silly audit   'safe-array-concat': [ '1.1.2' ],
45 silly audit   'safe-buffer': [ '5.2.1' ],
45 silly audit   'safe-regex-test': [ '1.0.3' ],
45 silly audit   'safe-regex2': [ '2.0.0' ],
45 silly audit   'safe-stable-stringify': [ '2.4.3' ],
45 silly audit   'safer-buffer': [ '2.1.2' ],
45 silly audit   'schema-utils': [ '4.0.0', '3.3.0' ],
45 silly audit   'secure-json-parse': [ '2.7.0' ],
45 silly audit   'semver-diff': [ '4.0.0' ],
45 silly audit   'semver-utils': [ '1.1.4' ],
45 silly audit   sequelize: [ '6.37.3' ],
45 silly audit   'sequelize-cli': [ '6.6.2' ],
45 silly audit   yargs: [ '16.2.0', '17.7.2' ],
45 silly audit   'yargs-parser': [ '20.2.9', '21.1.1' ],
45 silly audit   'sequelize-pool': [ '7.1.0' ],
45 silly audit   'serialize-javascript': [ '6.0.2' ],
45 silly audit   'set-blocking': [ '2.0.0' ],
45 silly audit   'set-cookie-parser': [ '2.6.0' ],
45 silly audit   'set-function-length': [ '1.2.2' ],
45 silly audit   'set-function-name': [ '2.0.2' ],
45 silly audit   setprototypeof: [ '1.2.0' ],
45 silly audit   'shallow-clone': [ '3.0.1' ],
45 silly audit   'shebang-command': [ '2.0.0' ],
45 silly audit   'shebang-regex': [ '3.0.0' ],
45 silly audit   'shell-quote': [ '1.8.1' ],
45 silly audit   'side-channel': [ '1.0.6' ],
45 silly audit   sigstore: [ '1.9.0' ],
45 silly audit   'simple-concat': [ '1.0.1' ],
45 silly audit   'simple-get': [ '4.0.1' ],
45 silly audit   sisteransi: [ '1.0.5' ],
45 silly audit   slash: [ '3.0.0' ],
45 silly audit   'smart-buffer': [ '4.2.0' ],
45 silly audit   socks: [ '2.7.0' ],
45 silly audit   'socks-proxy-agent': [ '7.0.0', '6.2.1' ],
45 silly audit   'sodium-native': [ '4.1.1' ],
45 silly audit   'sonic-boom': [ '3.8.1' ],
45 silly audit   'source-map': [ '0.6.1' ],
45 silly audit   'source-map-js': [ '1.2.0' ],
45 silly audit   'spawn-command': [ '0.0.2' ],
45 silly audit   'spawn-please': [ '2.0.2' ],
45 silly audit   'spdx-correct': [ '3.2.0' ],
45 silly audit   'spdx-exceptions': [ '2.5.0' ],
45 silly audit   'spdx-expression-parse': [ '3.0.1' ],
45 silly audit   'spdx-license-ids': [ '3.0.17' ],
45 silly audit   'sprintf-js': [ '1.0.3' ],
45 silly audit   sqlite3: [ '5.1.7' ],
45 silly audit   'stack-trace': [ '0.0.10' ],
45 silly audit   'stack-utils': [ '2.0.6' ],
45 silly audit   statuses: [ '2.0.1' ],
45 silly audit   string_decoder: [ '1.3.0' ],
45 silly audit   'string-length': [ '4.0.2' ],
45 silly audit   'string.prototype.trim': [ '1.2.9' ],
45 silly audit   'string.prototype.trimend': [ '1.0.8' ],
45 silly audit   'string.prototype.trimstart': [ '1.0.8' ],
45 silly audit   'strip-bom': [ '4.0.0', '3.0.0' ],
45 silly audit   'strip-final-newline': [ '2.0.0' ],
45 silly audit   'style-loader': [ '4.0.0' ],
45 silly audit   'supports-preserve-symlinks-flag': [ '1.0.0' ],
45 silly audit   tapable: [ '2.2.1' ],
45 silly audit   tar: [ '6.1.11' ],
45 silly audit   'tar-fs': [ '2.1.1' ],
45 silly audit   'tar-stream': [ '2.2.0' ],
45 silly audit   tarn: [ '3.0.2' ],
45 silly audit   terser: [ '5.30.4' ],
45 silly audit   'terser-webpack-plugin': [ '5.3.10' ],
45 silly audit   'test-exclude': [ '6.0.0' ],
45 silly audit   'text-table': [ '0.2.0' ],
45 silly audit   'thread-stream': [ '2.6.0' ],
45 silly audit   tildify: [ '2.0.0' ],
45 silly audit   'timers-ext': [ '0.1.7' ],
45 silly audit   tmpl: [ '1.0.5' ],
45 silly audit   'to-fast-properties': [ '2.0.0' ],
45 silly audit   'to-regex-range': [ '5.0.1' ],
45 silly audit   'toad-cache': [ '3.7.0' ],
45 silly audit   toidentifier: [ '1.0.1' ],
45 silly audit   'token-stream': [ '1.0.0' ],
45 silly audit   'toposort-class': [ '1.0.1' ],
45 silly audit   'tree-kill': [ '1.2.2' ],
45 silly audit   'tsconfig-paths': [ '3.15.0' ],
45 silly audit   tslib: [ '2.6.2' ],
45 silly audit   'tuf-js': [ '1.1.7' ],
45 silly audit   'tunnel-agent': [ '0.6.0' ],
45 silly audit   type: [ '2.7.2' ],
45 silly audit   'type-check': [ '0.4.0' ],
45 silly audit   'type-detect': [ '4.0.8' ],
45 silly audit   'type-is': [ '1.6.18' ],
45 silly audit   'typed-array-buffer': [ '1.0.2' ],
45 silly audit   'typed-array-byte-length': [ '1.0.1' ],
45 silly audit   'typed-array-byte-offset': [ '1.0.2' ],
45 silly audit   'typed-array-length': [ '1.0.6' ],
45 silly audit   'typedarray-to-buffer': [ '3.1.5' ],
45 silly audit   'uc.micro': [ '1.0.6' ],
45 silly audit   umzug: [ '2.3.0' ],
45 silly audit   'unbox-primitive': [ '1.0.2' ],
45 silly audit   'undici-types': [ '5.26.5' ],
45 silly audit   'unique-string': [ '3.0.0' ],
45 silly audit   universalify: [ '2.0.1' ],
45 silly audit   untildify: [ '4.0.0' ],
45 silly audit   'update-browserslist-db': [ '1.0.13' ],
45 silly audit   'update-notifier': [ '6.0.2' ],
45 silly audit   'uri-js': [ '4.4.1' ],
45 silly audit   'util-deprecate': [ '1.0.2' ],
45 silly audit   uuid: [ '8.3.2' ],
45 silly audit   'v8-to-istanbul': [ '9.2.0' ],
45 silly audit   'validate-npm-package-license': [ '3.0.4' ],
45 silly audit   'validate-npm-package-name': [ '5.0.0' ],
45 silly audit   validator: [ '13.11.0' ],
45 silly audit   vary: [ '1.1.2' ],
45 silly audit   'void-elements': [ '3.1.0' ],
45 silly audit   walker: [ '1.0.8' ],
45 silly audit   watchpack: [ '2.4.1' ],
45 silly audit   webpack: [ '5.91.0' ],
45 silly audit   'webpack-cli': [ '5.1.4' ],
45 silly audit   'webpack-merge': [ '5.8.0' ],
45 silly audit   'webpack-sources': [ '3.2.3' ],
45 silly audit   'which-boxed-primitive': [ '1.0.2' ],
45 silly audit   'which-typed-array': [ '1.1.15' ],
45 silly audit   'wide-align': [ '1.1.5' ],
45 silly audit   'widest-line': [ '4.0.1' ],
45 silly audit   wildcard: [ '2.0.0' ],
45 silly audit   with: [ '7.0.2' ],
45 silly audit   wkx: [ '0.5.0' ],
45 silly audit   wrappy: [ '1.0.2' ],
45 silly audit   'xdg-basedir': [ '5.1.0' ],
45 silly audit   xtend: [ '4.0.2' ],
45 silly audit   y18n: [ '5.0.8' ],
45 silly audit   'yocto-queue': [ '0.1.0' ],
45 silly audit   youch: [ '2.2.2' ]
45 silly audit }
46 verbose reify failed optional dependency /root/node_modules/fsevents
47 silly reify mark deleted [ '/root/node_modules/fsevents' ]
48 timing reifyNode:node_modules/fsevents Completed in 239ms
49 http fetch GET 200 https://registry.npmjs.org/npm 1522ms
50 silly tarball no local data for youch@https://registry.npmjs.org/youch/-/youch-2.2.2.tgz. Extracting by manifest.
51 silly tarball no local data for yocto-queue@https://registry.npmjs.org/yocto-queue/-/yocto-queue-0.1.0.tgz. Extracting by manifest.
52 silly tarball no local data for yallist@https://registry.npmjs.org/yallist/-/yallist-4.0.0.tgz. Extracting by manifest.
53 silly tarball no local data for yargs-parser@https://registry.npmjs.org/yargs-parser/-/yargs-parser-21.1.1.tgz. Extracting by manifest.
54 silly tarball no local data for yargs@https://registry.npmjs.org/yargs/-/yargs-17.7.2.tgz. Extracting by manifest.
55 silly tarball no local data for y18n@https://registry.npmjs.org/y18n/-/y18n-5.0.8.tgz. Extracting by manifest.
56 silly tarball no local data for xtend@https://registry.npmjs.org/xtend/-/xtend-4.0.2.tgz. Extracting by manifest.
57 silly tarball no local data for xdg-basedir@https://registry.npmjs.org/xdg-basedir/-/xdg-basedir-5.1.0.tgz. Extracting by manifest.
58 silly tarball no local data for write-file-atomic@https://registry.npmjs.org/write-file-atomic/-/write-file-atomic-4.0.2.tgz. Extracting by manifest.
59 silly tarball no local data for wrappy@https://registry.npmjs.org/wrappy/-/wrappy-1.0.2.tgz. Extracting by manifest.
60 silly tarball no local data for wrap-ansi-cjs@https://registry.npmjs.org/wrap-ansi/-/wrap-ansi-7.0.0.tgz. Extracting by manifest.
61 silly tarball no local data for wrap-ansi@https://registry.npmjs.org/wrap-ansi/-/wrap-ansi-8.1.0.tgz. Extracting by manifest.
62 silly tarball no local data for wkx@https://registry.npmjs.org/wkx/-/wkx-0.5.0.tgz. Extracting by manifest.
63 silly tarball no local data for with@https://registry.npmjs.org/with/-/with-7.0.2.tgz. Extracting by manifest.
64 silly tarball no local data for widest-line@https://registry.npmjs.org/widest-line/-/widest-line-4.0.1.tgz. Extracting by manifest.
65 silly tarball no local data for which-typed-array@https://registry.npmjs.org/which-typed-array/-/which-typed-array-1.1.15.tgz. Extracting by manifest.
66 silly tarball no local data for which-boxed-primitive@https://registry.npmjs.org/which-boxed-primitive/-/which-boxed-primitive-1.0.2.tgz. Extracting by manifest.
67 silly tarball no local data for wide-align@https://registry.npmjs.org/wide-align/-/wide-align-1.1.5.tgz. Extracting by manifest.
68 silly tarball no local data for wildcard@https://registry.npmjs.org/wildcard/-/wildcard-2.0.0.tgz. Extracting by manifest.
69 silly tarball no local data for which@https://registry.npmjs.org/which/-/which-2.0.2.tgz. Extracting by manifest.
70 silly tarball no local data for webpack-sources@https://registry.npmjs.org/webpack-sources/-/webpack-sources-3.2.3.tgz. Extracting by manifest.
71 silly tarball no local data for webpack-merge@https://registry.npmjs.org/webpack-merge/-/webpack-merge-5.8.0.tgz. Extracting by manifest.
72 silly tarball no local data for webpack-cli@https://registry.npmjs.org/webpack-cli/-/webpack-cli-5.1.4.tgz. Extracting by manifest.
73 silly tarball no local data for webpack@https://registry.npmjs.org/webpack/-/webpack-5.91.0.tgz. Extracting by manifest.
74 silly tarball no local data for watchpack@https://registry.npmjs.org/watchpack/-/watchpack-2.4.1.tgz. Extracting by manifest.
75 silly tarball no local data for void-elements@https://registry.npmjs.org/void-elements/-/void-elements-3.1.0.tgz. Extracting by manifest.
76 silly tarball no local data for vary@https://registry.npmjs.org/vary/-/vary-1.1.2.tgz. Extracting by manifest.
77 silly tarball no local data for validator@https://registry.npmjs.org/validator/-/validator-13.11.0.tgz. Extracting by manifest.
78 silly tarball no local data for validate-npm-package-license@https://registry.npmjs.org/validate-npm-package-license/-/validate-npm-package-license-3.0.4.tgz. Extracting by manifest.
79 silly tarball no local data for v8-to-istanbul@https://registry.npmjs.org/v8-to-istanbul/-/v8-to-istanbul-9.2.0.tgz. Extracting by manifest.
80 silly tarball no local data for validate-npm-package-name@https://registry.npmjs.org/validate-npm-package-name/-/validate-npm-package-name-5.0.0.tgz. Extracting by manifest.
81 silly tarball no local data for uuid@https://registry.npmjs.org/uuid/-/uuid-8.3.2.tgz. Extracting by manifest.
82 silly tarball no local data for util-deprecate@https://registry.npmjs.org/util-deprecate/-/util-deprecate-1.0.2.tgz. Extracting by manifest.
83 silly tarball no local data for uri-js@https://registry.npmjs.org/uri-js/-/uri-js-4.4.1.tgz. Extracting by manifest.
84 silly tarball no local data for update-notifier@https://registry.npmjs.org/update-notifier/-/update-notifier-6.0.2.tgz. Extracting by manifest.
85 silly tarball no local data for update-browserslist-db@https://registry.npmjs.org/update-browserslist-db/-/update-browserslist-db-1.0.13.tgz. Extracting by manifest.
86 silly tarball no local data for untildify@https://registry.npmjs.org/untildify/-/untildify-4.0.0.tgz. Extracting by manifest.
87 silly tarball no local data for unique-string@https://registry.npmjs.org/unique-string/-/unique-string-3.0.0.tgz. Extracting by manifest.
88 silly tarball no local data for unique-slug@https://registry.npmjs.org/unique-slug/-/unique-slug-2.0.2.tgz. Extracting by manifest.
89 silly tarball no local data for universalify@https://registry.npmjs.org/universalify/-/universalify-2.0.1.tgz. Extracting by manifest.
90 silly tarball no local data for unique-filename@https://registry.npmjs.org/unique-filename/-/unique-filename-1.1.1.tgz. Extracting by manifest.
91 silly tarball no local data for unbox-primitive@https://registry.npmjs.org/unbox-primitive/-/unbox-primitive-1.0.2.tgz. Extracting by manifest.
92 silly tarball no local data for undici-types@https://registry.npmjs.org/undici-types/-/undici-types-5.26.5.tgz. Extracting by manifest.
93 silly tarball no local data for walker@https://registry.npmjs.org/walker/-/walker-1.0.8.tgz. Extracting by manifest.
94 silly tarball no local data for umzug@https://registry.npmjs.org/umzug/-/umzug-2.3.0.tgz. Extracting by manifest.
95 silly tarball no local data for uc.micro@https://registry.npmjs.org/uc.micro/-/uc.micro-1.0.6.tgz. Extracting by manifest.
96 silly tarball no local data for typed-array-length@https://registry.npmjs.org/typed-array-length/-/typed-array-length-1.0.6.tgz. Extracting by manifest.
97 silly tarball no local data for typedarray-to-buffer@https://registry.npmjs.org/typedarray-to-buffer/-/typedarray-to-buffer-3.1.5.tgz. Extracting by manifest.
98 silly tarball no local data for typed-array-byte-offset@https://registry.npmjs.org/typed-array-byte-offset/-/typed-array-byte-offset-1.0.2.tgz. Extracting by manifest.
99 silly tarball no local data for typed-array-byte-length@https://registry.npmjs.org/typed-array-byte-length/-/typed-array-byte-length-1.0.1.tgz. Extracting by manifest.
100 silly tarball no local data for type-is@https://registry.npmjs.org/type-is/-/type-is-1.6.18.tgz. Extracting by manifest.
101 silly tarball no local data for typed-array-buffer@https://registry.npmjs.org/typed-array-buffer/-/typed-array-buffer-1.0.2.tgz. Extracting by manifest.
102 silly tarball no local data for type-fest@https://registry.npmjs.org/type-fest/-/type-fest-0.20.2.tgz. Extracting by manifest.
103 silly tarball no local data for type-detect@https://registry.npmjs.org/type-detect/-/type-detect-4.0.8.tgz. Extracting by manifest.
104 silly tarball no local data for type-check@https://registry.npmjs.org/type-check/-/type-check-0.4.0.tgz. Extracting by manifest.
105 silly tarball no local data for type@https://registry.npmjs.org/type/-/type-2.7.2.tgz. Extracting by manifest.
106 silly tarball no local data for tunnel-agent@https://registry.npmjs.org/tunnel-agent/-/tunnel-agent-0.6.0.tgz. Extracting by manifest.
107 silly tarball no local data for tuf-js@https://registry.npmjs.org/tuf-js/-/tuf-js-1.1.7.tgz. Extracting by manifest.
108 silly tarball no local data for tsconfig-paths@https://registry.npmjs.org/tsconfig-paths/-/tsconfig-paths-3.15.0.tgz. Extracting by manifest.
109 silly tarball no local data for tree-kill@https://registry.npmjs.org/tree-kill/-/tree-kill-1.2.2.tgz. Extracting by manifest.
110 silly tarball no local data for toposort-class@https://registry.npmjs.org/toposort-class/-/toposort-class-1.0.1.tgz. Extracting by manifest.
111 silly tarball no local data for token-stream@https://registry.npmjs.org/token-stream/-/token-stream-1.0.0.tgz. Extracting by manifest.
112 silly tarball no local data for tslib@https://registry.npmjs.org/tslib/-/tslib-2.6.2.tgz. Extracting by manifest.
113 silly tarball no local data for toidentifier@https://registry.npmjs.org/toidentifier/-/toidentifier-1.0.1.tgz. Extracting by manifest.
114 silly tarball no local data for toad-cache@https://registry.npmjs.org/toad-cache/-/toad-cache-3.7.0.tgz. Extracting by manifest.
115 silly tarball no local data for to-regex-range@https://registry.npmjs.org/to-regex-range/-/to-regex-range-5.0.1.tgz. Extracting by manifest.
116 silly tarball no local data for to-fast-properties@https://registry.npmjs.org/to-fast-properties/-/to-fast-properties-2.0.0.tgz. Extracting by manifest.
117 silly tarball no local data for tmpl@https://registry.npmjs.org/tmpl/-/tmpl-1.0.5.tgz. Extracting by manifest.
118 silly tarball no local data for timers-ext@https://registry.npmjs.org/timers-ext/-/timers-ext-0.1.7.tgz. Extracting by manifest.
119 silly tarball no local data for tildify@https://registry.npmjs.org/tildify/-/tildify-2.0.0.tgz. Extracting by manifest.
120 silly tarball no local data for thread-stream@https://registry.npmjs.org/thread-stream/-/thread-stream-2.6.0.tgz. Extracting by manifest.
121 silly tarball no local data for text-table@https://registry.npmjs.org/text-table/-/text-table-0.2.0.tgz. Extracting by manifest.
122 silly tarball no local data for test-exclude@https://registry.npmjs.org/test-exclude/-/test-exclude-6.0.0.tgz. Extracting by manifest.
123 silly tarball no local data for terser-webpack-plugin@https://registry.npmjs.org/terser-webpack-plugin/-/terser-webpack-plugin-5.3.10.tgz. Extracting by manifest.
124 silly tarball no local data for terser@https://registry.npmjs.org/terser/-/terser-5.30.4.tgz. Extracting by manifest.
125 silly tarball no local data for tarn@https://registry.npmjs.org/tarn/-/tarn-3.0.2.tgz. Extracting by manifest.
126 silly tarball no local data for tar-stream@https://registry.npmjs.org/tar-stream/-/tar-stream-2.2.0.tgz. Extracting by manifest.
127 silly tarball no local data for tar-fs@https://registry.npmjs.org/tar-fs/-/tar-fs-2.1.1.tgz. Extracting by manifest.
128 silly tarball no local data for tar@https://registry.npmjs.org/tar/-/tar-6.1.11.tgz. Extracting by manifest.
129 silly tarball no local data for tapable@https://registry.npmjs.org/tapable/-/tapable-2.2.1.tgz. Extracting by manifest.
130 silly tarball no local data for supports-preserve-symlinks-flag@https://registry.npmjs.org/supports-preserve-symlinks-flag/-/supports-preserve-symlinks-flag-1.0.0.tgz. Extracting by manifest.
131 silly tarball no local data for supports-color@https://registry.npmjs.org/supports-color/-/supports-color-7.2.0.tgz. Extracting by manifest.
132 silly tarball no local data for style-loader@https://registry.npmjs.org/style-loader/-/style-loader-4.0.0.tgz. Extracting by manifest.
133 silly tarball no local data for strip-json-comments@https://registry.npmjs.org/strip-json-comments/-/strip-json-comments-3.1.1.tgz. Extracting by manifest.
134 silly tarball no local data for strip-final-newline@https://registry.npmjs.org/strip-final-newline/-/strip-final-newline-2.0.0.tgz. Extracting by manifest.
135 silly tarball no local data for strip-ansi-cjs@https://registry.npmjs.org/strip-ansi/-/strip-ansi-6.0.1.tgz. Extracting by manifest.
136 silly tarball no local data for strip-bom@https://registry.npmjs.org/strip-bom/-/strip-bom-4.0.0.tgz. Extracting by manifest.
137 silly tarball no local data for strip-ansi@https://registry.npmjs.org/strip-ansi/-/strip-ansi-6.0.1.tgz. Extracting by manifest.
138 silly tarball no local data for string.prototype.trimstart@https://registry.npmjs.org/string.prototype.trimstart/-/string.prototype.trimstart-1.0.8.tgz. Extracting by manifest.
139 silly tarball no local data for string.prototype.trimend@https://registry.npmjs.org/string.prototype.trimend/-/string.prototype.trimend-1.0.8.tgz. Extracting by manifest.
140 silly tarball no local data for string-width@https://registry.npmjs.org/string-width/-/string-width-4.2.3.tgz. Extracting by manifest.
141 silly tarball no local data for string-width-cjs@https://registry.npmjs.org/string-width/-/string-width-4.2.3.tgz. Extracting by manifest.
142 silly tarball no local data for string.prototype.trim@https://registry.npmjs.org/string.prototype.trim/-/string.prototype.trim-1.2.9.tgz. Extracting by manifest.
143 silly tarball no local data for string_decoder@https://registry.npmjs.org/string_decoder/-/string_decoder-1.3.0.tgz. Extracting by manifest.
144 silly tarball no local data for string-length@https://registry.npmjs.org/string-length/-/string-length-4.0.2.tgz. Extracting by manifest.
145 silly tarball no local data for statuses@https://registry.npmjs.org/statuses/-/statuses-2.0.1.tgz. Extracting by manifest.
146 silly tarball no local data for stack-utils@https://registry.npmjs.org/stack-utils/-/stack-utils-2.0.6.tgz. Extracting by manifest.
147 silly tarball no local data for stack-trace@https://registry.npmjs.org/stack-trace/-/stack-trace-0.0.10.tgz. Extracting by manifest.
148 silly tarball no local data for ssri@https://registry.npmjs.org/ssri/-/ssri-10.0.5.tgz. Extracting by manifest.
149 silly tarball no local data for sqlite3@https://registry.npmjs.org/sqlite3/-/sqlite3-5.1.7.tgz. Extracting by manifest.
150 silly tarball no local data for sprintf-js@https://registry.npmjs.org/sprintf-js/-/sprintf-js-1.0.3.tgz. Extracting by manifest.
151 silly tarball no local data for split2@https://registry.npmjs.org/split2/-/split2-3.2.2.tgz. Extracting by manifest.
152 silly tarball no local data for spdx-license-ids@https://registry.npmjs.org/spdx-license-ids/-/spdx-license-ids-3.0.17.tgz. Extracting by manifest.
153 silly tarball no local data for spdx-expression-parse@https://registry.npmjs.org/spdx-expression-parse/-/spdx-expression-parse-3.0.1.tgz. Extracting by manifest.
154 silly tarball no local data for spdx-exceptions@https://registry.npmjs.org/spdx-exceptions/-/spdx-exceptions-2.5.0.tgz. Extracting by manifest.
155 silly tarball no local data for spdx-correct@https://registry.npmjs.org/spdx-correct/-/spdx-correct-3.2.0.tgz. Extracting by manifest.
156 silly tarball no local data for spawn-please@https://registry.npmjs.org/spawn-please/-/spawn-please-2.0.2.tgz. Extracting by manifest.
157 silly tarball no local data for spawn-command@https://registry.npmjs.org/spawn-command/-/spawn-command-0.0.2.tgz. Extracting by manifest.
158 silly tarball no local data for source-map-support@https://registry.npmjs.org/source-map-support/-/source-map-support-0.5.13.tgz. Extracting by manifest.
159 silly tarball no local data for source-map-js@https://registry.npmjs.org/source-map-js/-/source-map-js-1.2.0.tgz. Extracting by manifest.
160 silly tarball no local data for source-map@https://registry.npmjs.org/source-map/-/source-map-0.6.1.tgz. Extracting by manifest.
161 silly tarball no local data for sonic-boom@https://registry.npmjs.org/sonic-boom/-/sonic-boom-3.8.1.tgz. Extracting by manifest.
162 silly tarball no local data for sodium-native@https://registry.npmjs.org/sodium-native/-/sodium-native-4.1.1.tgz. Extracting by manifest.
163 silly tarball no local data for socks-proxy-agent@https://registry.npmjs.org/socks-proxy-agent/-/socks-proxy-agent-7.0.0.tgz. Extracting by manifest.
164 silly tarball no local data for socks@https://registry.npmjs.org/socks/-/socks-2.7.0.tgz. Extracting by manifest.
165 silly tarball no local data for smart-buffer@https://registry.npmjs.org/smart-buffer/-/smart-buffer-4.2.0.tgz. Extracting by manifest.
166 silly tarball no local data for slash@https://registry.npmjs.org/slash/-/slash-3.0.0.tgz. Extracting by manifest.
167 silly tarball no local data for sisteransi@https://registry.npmjs.org/sisteransi/-/sisteransi-1.0.5.tgz. Extracting by manifest.
168 silly tarball no local data for simple-get@https://registry.npmjs.org/simple-get/-/simple-get-4.0.1.tgz. Extracting by manifest.
169 silly tarball no local data for simple-concat@https://registry.npmjs.org/simple-concat/-/simple-concat-1.0.1.tgz. Extracting by manifest.
170 silly tarball no local data for sigstore@https://registry.npmjs.org/sigstore/-/sigstore-1.9.0.tgz. Extracting by manifest.
171 silly tarball no local data for signal-exit@https://registry.npmjs.org/signal-exit/-/signal-exit-3.0.7.tgz. Extracting by manifest.
172 silly tarball no local data for side-channel@https://registry.npmjs.org/side-channel/-/side-channel-1.0.6.tgz. Extracting by manifest.
173 silly tarball no local data for shell-quote@https://registry.npmjs.org/shell-quote/-/shell-quote-1.8.1.tgz. Extracting by manifest.
174 silly tarball no local data for shebang-regex@https://registry.npmjs.org/shebang-regex/-/shebang-regex-3.0.0.tgz. Extracting by manifest.
175 silly tarball no local data for shebang-command@https://registry.npmjs.org/shebang-command/-/shebang-command-2.0.0.tgz. Extracting by manifest.
176 silly tarball no local data for setprototypeof@https://registry.npmjs.org/setprototypeof/-/setprototypeof-1.2.0.tgz. Extracting by manifest.
177 silly tarball no local data for shallow-clone@https://registry.npmjs.org/shallow-clone/-/shallow-clone-3.0.1.tgz. Extracting by manifest.
178 silly tarball no local data for set-function-name@https://registry.npmjs.org/set-function-name/-/set-function-name-2.0.2.tgz. Extracting by manifest.
179 silly tarball no local data for set-function-length@https://registry.npmjs.org/set-function-length/-/set-function-length-1.2.2.tgz. Extracting by manifest.
180 silly tarball no local data for set-cookie-parser@https://registry.npmjs.org/set-cookie-parser/-/set-cookie-parser-2.6.0.tgz. Extracting by manifest.
181 silly tarball no local data for set-blocking@https://registry.npmjs.org/set-blocking/-/set-blocking-2.0.0.tgz. Extracting by manifest.
182 silly tarball no local data for serialize-javascript@https://registry.npmjs.org/serialize-javascript/-/serialize-javascript-6.0.2.tgz. Extracting by manifest.
183 silly tarball no local data for sequelize-pool@https://registry.npmjs.org/sequelize-pool/-/sequelize-pool-7.1.0.tgz. Extracting by manifest.
184 silly tarball no local data for sequelize-cli@https://registry.npmjs.org/sequelize-cli/-/sequelize-cli-6.6.2.tgz. Extracting by manifest.
185 silly tarball no local data for sequelize@https://registry.npmjs.org/sequelize/-/sequelize-6.37.3.tgz. Extracting by manifest.
186 silly tarball no local data for semver-utils@https://registry.npmjs.org/semver-utils/-/semver-utils-1.1.4.tgz. Extracting by manifest.
187 silly tarball no local data for semver-diff@https://registry.npmjs.org/semver-diff/-/semver-diff-4.0.0.tgz. Extracting by manifest.
188 silly tarball no local data for secure-json-parse@https://registry.npmjs.org/secure-json-parse/-/secure-json-parse-2.7.0.tgz. Extracting by manifest.
189 silly tarball no local data for semver@https://registry.npmjs.org/semver/-/semver-7.6.0.tgz. Extracting by manifest.
190 silly tarball no local data for schema-utils@https://registry.npmjs.org/schema-utils/-/schema-utils-4.0.0.tgz. Extracting by manifest.
191 silly tarball no local data for safer-buffer@https://registry.npmjs.org/safer-buffer/-/safer-buffer-2.1.2.tgz. Extracting by manifest.
192 silly tarball no local data for safe-regex2@https://registry.npmjs.org/safe-regex2/-/safe-regex2-2.0.0.tgz. Extracting by manifest.
193 silly tarball no local data for safe-stable-stringify@https://registry.npmjs.org/safe-stable-stringify/-/safe-stable-stringify-2.4.3.tgz. Extracting by manifest.
194 silly tarball no local data for safe-regex-test@https://registry.npmjs.org/safe-regex-test/-/safe-regex-test-1.0.3.tgz. Extracting by manifest.
195 silly tarball no local data for safe-buffer@https://registry.npmjs.org/safe-buffer/-/safe-buffer-5.2.1.tgz. Extracting by manifest.
196 silly tarball no local data for rxjs@https://registry.npmjs.org/rxjs/-/rxjs-7.8.1.tgz. Extracting by manifest.
197 silly tarball no local data for safe-array-concat@https://registry.npmjs.org/safe-array-concat/-/safe-array-concat-1.1.2.tgz. Extracting by manifest.
198 silly tarball no local data for run-parallel@https://registry.npmjs.org/run-parallel/-/run-parallel-1.2.0.tgz. Extracting by manifest.
199 silly tarball no local data for rimraf@https://registry.npmjs.org/rimraf/-/rimraf-3.0.2.tgz. Extracting by manifest.
200 silly tarball no local data for rfdc@https://registry.npmjs.org/rfdc/-/rfdc-1.3.1.tgz. Extracting by manifest.
201 silly tarball no local data for reusify@https://registry.npmjs.org/reusify/-/reusify-1.0.4.tgz. Extracting by manifest.
202 silly tarball no local data for retry@https://registry.npmjs.org/retry/-/retry-0.12.0.tgz. Extracting by manifest.
203 silly tarball no local data for retry-as-promised@https://registry.npmjs.org/retry-as-promised/-/retry-as-promised-7.0.4.tgz. Extracting by manifest.
204 silly tarball no local data for resolve.exports@https://registry.npmjs.org/resolve.exports/-/resolve.exports-2.0.2.tgz. Extracting by manifest.
205 silly tarball no local data for responselike@https://registry.npmjs.org/responselike/-/responselike-2.0.1.tgz. Extracting by manifest.
206 silly tarball no local data for resolve-from@https://registry.npmjs.org/resolve-from/-/resolve-from-5.0.0.tgz. Extracting by manifest.
207 silly tarball no local data for resolve-cwd@https://registry.npmjs.org/resolve-cwd/-/resolve-cwd-3.0.0.tgz. Extracting by manifest.
208 silly tarball no local data for resolve-alpn@https://registry.npmjs.org/resolve-alpn/-/resolve-alpn-1.2.1.tgz. Extracting by manifest.
209 silly tarball no local data for resolve@https://registry.npmjs.org/resolve/-/resolve-1.22.8.tgz. Extracting by manifest.
210 silly tarball no local data for require-from-string@https://registry.npmjs.org/require-from-string/-/require-from-string-2.0.2.tgz. Extracting by manifest.
211 silly tarball no local data for require-directory@https://registry.npmjs.org/require-directory/-/require-directory-2.1.1.tgz. Extracting by manifest.
212 silly tarball no local data for registry-url@https://registry.npmjs.org/registry-url/-/registry-url-6.0.1.tgz. Extracting by manifest.
213 silly tarball no local data for remote-git-tags@https://registry.npmjs.org/remote-git-tags/-/remote-git-tags-3.0.0.tgz. Extracting by manifest.
214 silly tarball no local data for registry-auth-token@https://registry.npmjs.org/registry-auth-token/-/registry-auth-token-5.0.1.tgz. Extracting by manifest.
215 silly tarball no local data for regexp.prototype.flags@https://registry.npmjs.org/regexp.prototype.flags/-/regexp.prototype.flags-1.5.2.tgz. Extracting by manifest.
216 silly tarball no local data for regenerator-runtime@https://registry.npmjs.org/regenerator-runtime/-/regenerator-runtime-0.14.1.tgz. Extracting by manifest.
217 silly tarball no local data for rechoir@https://registry.npmjs.org/rechoir/-/rechoir-0.8.0.tgz. Extracting by manifest.
218 silly tarball no local data for real-require@https://registry.npmjs.org/real-require/-/real-require-0.2.0.tgz. Extracting by manifest.
219 silly tarball no local data for readdirp@https://registry.npmjs.org/readdirp/-/readdirp-3.6.0.tgz. Extracting by manifest.
220 silly tarball no local data for readable-stream@https://registry.npmjs.org/readable-stream/-/readable-stream-3.6.2.tgz. Extracting by manifest.
221 silly tarball no local data for read-package-json-fast@https://registry.npmjs.org/read-package-json-fast/-/read-package-json-fast-3.0.2.tgz. Extracting by manifest.
222 silly tarball no local data for read-package-json@https://registry.npmjs.org/read-package-json/-/read-package-json-6.0.4.tgz. Extracting by manifest.
223 silly tarball no local data for react-is@https://registry.npmjs.org/react-is/-/react-is-18.2.0.tgz. Extracting by manifest.
224 silly tarball no local data for rc-config-loader@https://registry.npmjs.org/rc-config-loader/-/rc-config-loader-4.1.3.tgz. Extracting by manifest.
225 silly tarball no local data for rc@https://registry.npmjs.org/rc/-/rc-1.2.8.tgz. Extracting by manifest.
226 silly tarball no local data for randombytes@https://registry.npmjs.org/randombytes/-/randombytes-2.1.0.tgz. Extracting by manifest.
227 silly tarball no local data for quick-lru@https://registry.npmjs.org/quick-lru/-/quick-lru-5.1.1.tgz. Extracting by manifest.
228 silly tarball no local data for quick-format-unescaped@https://registry.npmjs.org/quick-format-unescaped/-/quick-format-unescaped-4.0.4.tgz. Extracting by manifest.
229 silly tarball no local data for queue-microtask@https://registry.npmjs.org/queue-microtask/-/queue-microtask-1.2.3.tgz. Extracting by manifest.
230 silly tarball no local data for qs@https://registry.npmjs.org/qs/-/qs-6.12.1.tgz. Extracting by manifest.
231 silly tarball no local data for pure-rand@https://registry.npmjs.org/pure-rand/-/pure-rand-6.1.0.tgz. Extracting by manifest.
232 silly tarball no local data for pupa@https://registry.npmjs.org/pupa/-/pupa-3.1.0.tgz. Extracting by manifest.
233 silly tarball no local data for punycode@https://registry.npmjs.org/punycode/-/punycode-2.1.1.tgz. Extracting by manifest.
234 silly tarball no local data for pug-walk@https://registry.npmjs.org/pug-walk/-/pug-walk-2.0.0.tgz. Extracting by manifest.
235 silly tarball no local data for pump@https://registry.npmjs.org/pump/-/pump-3.0.0.tgz. Extracting by manifest.
236 silly tarball no local data for pug-strip-comments@https://registry.npmjs.org/pug-strip-comments/-/pug-strip-comments-2.0.0.tgz. Extracting by manifest.
237 silly tarball no local data for pug-runtime@https://registry.npmjs.org/pug-runtime/-/pug-runtime-3.0.1.tgz. Extracting by manifest.
238 silly tarball no local data for pug-parser@https://registry.npmjs.org/pug-parser/-/pug-parser-6.0.0.tgz. Extracting by manifest.
239 silly tarball no local data for ret@https://registry.npmjs.org/ret/-/ret-0.2.2.tgz. Extracting by manifest.
240 silly tarball no local data for pug-load@https://registry.npmjs.org/pug-load/-/pug-load-3.0.0.tgz. Extracting by manifest.
241 silly tarball no local data for pug-linker@https://registry.npmjs.org/pug-linker/-/pug-linker-4.0.0.tgz. Extracting by manifest.
242 silly tarball no local data for pug-filters@https://registry.npmjs.org/pug-filters/-/pug-filters-4.0.0.tgz. Extracting by manifest.
243 silly tarball no local data for pug-lexer@https://registry.npmjs.org/pug-lexer/-/pug-lexer-5.0.1.tgz. Extracting by manifest.
244 silly tarball no local data for pug-error@https://registry.npmjs.org/pug-error/-/pug-error-2.0.0.tgz. Extracting by manifest.
245 silly tarball no local data for pug-code-gen@https://registry.npmjs.org/pug-code-gen/-/pug-code-gen-3.0.2.tgz. Extracting by manifest.
246 silly tarball no local data for pug-attrs@https://registry.npmjs.org/pug-attrs/-/pug-attrs-3.0.0.tgz. Extracting by manifest.
247 silly tarball no local data for pug@https://registry.npmjs.org/pug/-/pug-3.0.2.tgz. Extracting by manifest.
248 silly tarball no local data for proxy-addr@https://registry.npmjs.org/proxy-addr/-/proxy-addr-2.0.7.tgz. Extracting by manifest.
249 silly tarball no local data for prompts-ncu@https://registry.npmjs.org/prompts-ncu/-/prompts-ncu-3.0.0.tgz. Extracting by manifest.
250 silly tarball no local data for proto-list@https://registry.npmjs.org/proto-list/-/proto-list-1.2.4.tgz. Extracting by manifest.
251 silly tarball no local data for prompts@https://registry.npmjs.org/prompts/-/prompts-2.4.2.tgz. Extracting by manifest.
252 silly tarball no local data for promise-retry@https://registry.npmjs.org/promise-retry/-/promise-retry-2.0.1.tgz. Extracting by manifest.
253 silly tarball no local data for promise-inflight@https://registry.npmjs.org/promise-inflight/-/promise-inflight-1.0.1.tgz. Extracting by manifest.
254 silly tarball no local data for progress@https://registry.npmjs.org/progress/-/progress-2.0.3.tgz. Extracting by manifest.
255 silly tarball no local data for process-warning@https://registry.npmjs.org/process-warning/-/process-warning-3.0.0.tgz. Extracting by manifest.
256 silly tarball no local data for process@https://registry.npmjs.org/process/-/process-0.11.10.tgz. Extracting by manifest.
257 silly tarball no local data for proc-log@https://registry.npmjs.org/proc-log/-/proc-log-3.0.0.tgz. Extracting by manifest.
258 silly tarball no local data for pretty-format@https://registry.npmjs.org/pretty-format/-/pretty-format-29.7.0.tgz. Extracting by manifest.
259 silly tarball no local data for prelude-ls@https://registry.npmjs.org/prelude-ls/-/prelude-ls-1.2.1.tgz. Extracting by manifest.
260 silly tarball no local data for prebuild-install@https://registry.npmjs.org/prebuild-install/-/prebuild-install-7.1.2.tgz. Extracting by manifest.
261 silly tarball no local data for postgres-interval@https://registry.npmjs.org/postgres-interval/-/postgres-interval-1.2.0.tgz. Extracting by manifest.
262 silly tarball no local data for postgres-date@https://registry.npmjs.org/postgres-date/-/postgres-date-1.0.7.tgz. Extracting by manifest.
263 silly tarball no local data for postgres-bytea@https://registry.npmjs.org/postgres-bytea/-/postgres-bytea-1.0.0.tgz. Extracting by manifest.
264 silly tarball no local data for postgres-array@https://registry.npmjs.org/postgres-array/-/postgres-array-2.0.0.tgz. Extracting by manifest.
265 silly tarball no local data for promise@https://registry.npmjs.org/promise/-/promise-7.3.1.tgz. Extracting by manifest.
266 silly tarball no local data for postcss-value-parser@https://registry.npmjs.org/postcss-value-parser/-/postcss-value-parser-4.2.0.tgz. Extracting by manifest.
267 silly tarball no local data for postcss-selector-parser@https://registry.npmjs.org/postcss-selector-parser/-/postcss-selector-parser-6.0.16.tgz. Extracting by manifest.
268 silly tarball no local data for postcss-modules-values@https://registry.npmjs.org/postcss-modules-values/-/postcss-modules-values-4.0.0.tgz. Extracting by manifest.
269 silly tarball no local data for postcss-modules-scope@https://registry.npmjs.org/postcss-modules-scope/-/postcss-modules-scope-3.2.0.tgz. Extracting by manifest.
270 silly tarball no local data for postcss-modules-local-by-default@https://registry.npmjs.org/postcss-modules-local-by-default/-/postcss-modules-local-by-default-4.0.5.tgz. Extracting by manifest.
271 silly tarball no local data for postcss-modules-extract-imports@https://registry.npmjs.org/postcss-modules-extract-imports/-/postcss-modules-extract-imports-3.1.0.tgz. Extracting by manifest.
272 silly tarball no local data for postcss@https://registry.npmjs.org/postcss/-/postcss-8.4.38.tgz. Extracting by manifest.
273 silly tarball no local data for possible-typed-array-names@https://registry.npmjs.org/possible-typed-array-names/-/possible-typed-array-names-1.0.0.tgz. Extracting by manifest.
274 silly tarball no local data for pkg-up@https://registry.npmjs.org/pkg-up/-/pkg-up-3.1.0.tgz. Extracting by manifest.
275 silly tarball no local data for pirates@https://registry.npmjs.org/pirates/-/pirates-4.0.6.tgz. Extracting by manifest.
276 silly tarball no local data for pkg-dir@https://registry.npmjs.org/pkg-dir/-/pkg-dir-4.2.0.tgz. Extracting by manifest.
277 silly tarball no local data for pino-std-serializers@https://registry.npmjs.org/pino-std-serializers/-/pino-std-serializers-6.2.2.tgz. Extracting by manifest.
278 silly tarball no local data for pino-pretty@https://registry.npmjs.org/pino-pretty/-/pino-pretty-11.0.0.tgz. Extracting by manifest.
279 silly tarball no local data for pino-abstract-transport@https://registry.npmjs.org/pino-abstract-transport/-/pino-abstract-transport-1.2.0.tgz. Extracting by manifest.
280 silly tarball no local data for pino@https://registry.npmjs.org/pino/-/pino-8.20.0.tgz. Extracting by manifest.
281 silly tarball no local data for picomatch@https://registry.npmjs.org/picomatch/-/picomatch-2.3.1.tgz. Extracting by manifest.
282 silly tarball no local data for picocolors@https://registry.npmjs.org/picocolors/-/picocolors-1.0.0.tgz. Extracting by manifest.
283 silly tarball no local data for pgpass@https://registry.npmjs.org/pgpass/-/pgpass-1.0.5.tgz. Extracting by manifest.
284 silly tarball no local data for pg-types@https://registry.npmjs.org/pg-types/-/pg-types-2.2.0.tgz. Extracting by manifest.
285 silly tarball no local data for pg-protocol@https://registry.npmjs.org/pg-protocol/-/pg-protocol-1.6.1.tgz. Extracting by manifest.
286 silly tarball no local data for pg-int8@https://registry.npmjs.org/pg-int8/-/pg-int8-1.0.1.tgz. Extracting by manifest.
287 silly tarball no local data for pg-pool@https://registry.npmjs.org/pg-pool/-/pg-pool-3.6.2.tgz. Extracting by manifest.
288 silly tarball no local data for pg-connection-string@https://registry.npmjs.org/pg-connection-string/-/pg-connection-string-2.6.2.tgz. Extracting by manifest.
289 silly tarball no local data for pg-cloudflare@https://registry.npmjs.org/pg-cloudflare/-/pg-cloudflare-1.1.1.tgz. Extracting by manifest.
290 silly tarball no local data for pg@https://registry.npmjs.org/pg/-/pg-8.11.5.tgz. Extracting by manifest.
291 silly tarball no local data for path-type@https://registry.npmjs.org/path-type/-/path-type-4.0.0.tgz. Extracting by manifest.
292 silly tarball no local data for path-scurry@https://registry.npmjs.org/path-scurry/-/path-scurry-1.10.2.tgz. Extracting by manifest.
293 silly tarball no local data for path-to-regexp@https://registry.npmjs.org/path-to-regexp/-/path-to-regexp-6.2.1.tgz. Extracting by manifest.
294 silly tarball no local data for path-parse@https://registry.npmjs.org/path-parse/-/path-parse-1.0.7.tgz. Extracting by manifest.
295 silly tarball no local data for path-key@https://registry.npmjs.org/path-key/-/path-key-3.1.1.tgz. Extracting by manifest.
296 silly tarball no local data for path-is-absolute@https://registry.npmjs.org/path-is-absolute/-/path-is-absolute-1.0.1.tgz. Extracting by manifest.
297 silly tarball no local data for path-exists@https://registry.npmjs.org/path-exists/-/path-exists-4.0.0.tgz. Extracting by manifest.
298 silly tarball no local data for parse-json@https://registry.npmjs.org/parse-json/-/parse-json-5.2.0.tgz. Extracting by manifest.
299 silly tarball no local data for parse-github-url@https://registry.npmjs.org/parse-github-url/-/parse-github-url-1.0.2.tgz. Extracting by manifest.
300 silly tarball no local data for parent-module@https://registry.npmjs.org/parent-module/-/parent-module-1.0.1.tgz. Extracting by manifest.
301 silly tarball no local data for package-json@https://registry.npmjs.org/package-json/-/package-json-8.1.0.tgz. Extracting by manifest.
302 silly tarball no local data for pacote@https://registry.npmjs.org/pacote/-/pacote-15.2.0.tgz. Extracting by manifest.
303 silly tarball no local data for p-try@https://registry.npmjs.org/p-try/-/p-try-2.2.0.tgz. Extracting by manifest.
304 silly tarball no local data for p-map@https://registry.npmjs.org/p-map/-/p-map-4.0.0.tgz. Extracting by manifest.
305 silly tarball no local data for p-locate@https://registry.npmjs.org/p-locate/-/p-locate-5.0.0.tgz. Extracting by manifest.
306 silly tarball no local data for p-limit@https://registry.npmjs.org/p-limit/-/p-limit-3.1.0.tgz. Extracting by manifest.
307 silly tarball no local data for p-cancelable@https://registry.npmjs.org/p-cancelable/-/p-cancelable-3.0.0.tgz. Extracting by manifest.
308 silly tarball no local data for onetime@https://registry.npmjs.org/onetime/-/onetime-5.1.2.tgz. Extracting by manifest.
309 silly tarball no local data for optionator@https://registry.npmjs.org/optionator/-/optionator-0.9.3.tgz. Extracting by manifest.
310 silly tarball no local data for once@https://registry.npmjs.org/once/-/once-1.4.0.tgz. Extracting by manifest.
311 silly tarball no local data for on-exit-leak-free@https://registry.npmjs.org/on-exit-leak-free/-/on-exit-leak-free-2.1.2.tgz. Extracting by manifest.
312 silly tarball no local data for objection-unique@https://registry.npmjs.org/objection-unique/-/objection-unique-1.2.2.tgz. Extracting by manifest.
313 silly tarball no local data for object.values@https://registry.npmjs.org/object.values/-/object.values-1.2.0.tgz. Extracting by manifest.
314 silly tarball no local data for object.groupby@https://registry.npmjs.org/object.groupby/-/object.groupby-1.0.3.tgz. Extracting by manifest.
315 silly tarball no local data for object.fromentries@https://registry.npmjs.org/object.fromentries/-/object.fromentries-2.0.8.tgz. Extracting by manifest.
316 silly tarball no local data for object.entries@https://registry.npmjs.org/object.entries/-/object.entries-1.1.8.tgz. Extracting by manifest.
317 silly tarball no local data for objection@https://registry.npmjs.org/objection/-/objection-3.1.4.tgz. Extracting by manifest.
318 silly tarball no local data for object.assign@https://registry.npmjs.org/object.assign/-/object.assign-4.1.5.tgz. Extracting by manifest.
319 silly tarball no local data for object-keys@https://registry.npmjs.org/object-keys/-/object-keys-1.1.1.tgz. Extracting by manifest.
320 silly tarball no local data for object-inspect@https://registry.npmjs.org/object-inspect/-/object-inspect-1.13.1.tgz. Extracting by manifest.
321 silly tarball no local data for object-assign@https://registry.npmjs.org/object-assign/-/object-assign-4.1.1.tgz. Extracting by manifest.
322 silly tarball no local data for npmlog@https://registry.npmjs.org/npmlog/-/npmlog-6.0.2.tgz. Extracting by manifest.
323 silly tarball no local data for npm-run-path@https://registry.npmjs.org/npm-run-path/-/npm-run-path-4.0.1.tgz. Extracting by manifest.
324 silly tarball no local data for npm-registry-fetch@https://registry.npmjs.org/npm-registry-fetch/-/npm-registry-fetch-14.0.5.tgz. Extracting by manifest.
325 silly tarball no local data for npm-pick-manifest@https://registry.npmjs.org/npm-pick-manifest/-/npm-pick-manifest-8.0.2.tgz. Extracting by manifest.
326 silly tarball no local data for npm-package-arg@https://registry.npmjs.org/npm-package-arg/-/npm-package-arg-10.1.0.tgz. Extracting by manifest.
327 silly tarball no local data for npm-packlist@https://registry.npmjs.org/npm-packlist/-/npm-packlist-7.0.4.tgz. Extracting by manifest.
328 silly tarball no local data for npm-normalize-package-bin@https://registry.npmjs.org/npm-normalize-package-bin/-/npm-normalize-package-bin-3.0.1.tgz. Extracting by manifest.
329 silly tarball no local data for npm-install-checks@https://registry.npmjs.org/npm-install-checks/-/npm-install-checks-6.3.0.tgz. Extracting by manifest.
330 silly tarball no local data for npm-check-updates@https://registry.npmjs.org/npm-check-updates/-/npm-check-updates-16.14.18.tgz. Extracting by manifest.
331 silly tarball no local data for npm-bundled@https://registry.npmjs.org/npm-bundled/-/npm-bundled-3.0.0.tgz. Extracting by manifest.
332 silly tarball no local data for normalize-url@https://registry.npmjs.org/normalize-url/-/normalize-url-6.1.0.tgz. Extracting by manifest.
333 silly tarball no local data for normalize-path@https://registry.npmjs.org/normalize-path/-/normalize-path-3.0.0.tgz. Extracting by manifest.
334 silly tarball no local data for nopt@https://registry.npmjs.org/nopt/-/nopt-5.0.0.tgz. Extracting by manifest.
335 silly tarball no local data for node-releases@https://registry.npmjs.org/node-releases/-/node-releases-2.0.14.tgz. Extracting by manifest.
336 silly tarball no local data for normalize-package-data@https://registry.npmjs.org/normalize-package-data/-/normalize-package-data-5.0.0.tgz. Extracting by manifest.
337 silly tarball no local data for node-int64@https://registry.npmjs.org/node-int64/-/node-int64-0.4.0.tgz. Extracting by manifest.
338 silly tarball no local data for node-gyp-build@https://registry.npmjs.org/node-gyp-build/-/node-gyp-build-4.8.0.tgz. Extracting by manifest.
339 silly tarball no local data for node-gyp@https://registry.npmjs.org/node-gyp/-/node-gyp-9.4.1.tgz. Extracting by manifest.
340 silly tarball no local data for node-abi@https://registry.npmjs.org/node-abi/-/node-abi-3.60.0.tgz. Extracting by manifest.
341 silly tarball no local data for node-addon-api@https://registry.npmjs.org/node-addon-api/-/node-addon-api-4.3.0.tgz. Extracting by manifest.
342 silly tarball no local data for neo-async@https://registry.npmjs.org/neo-async/-/neo-async-2.6.2.tgz. Extracting by manifest.
343 silly tarball no local data for negotiator@https://registry.npmjs.org/negotiator/-/negotiator-0.6.3.tgz. Extracting by manifest.
344 silly tarball no local data for next-tick@https://registry.npmjs.org/next-tick/-/next-tick-1.1.0.tgz. Extracting by manifest.
345 silly tarball no local data for natural-compare@https://registry.npmjs.org/natural-compare/-/natural-compare-1.4.0.tgz. Extracting by manifest.
346 silly tarball no local data for napi-build-utils@https://registry.npmjs.org/napi-build-utils/-/napi-build-utils-1.0.2.tgz. Extracting by manifest.
347 silly tarball no local data for nanoid@https://registry.npmjs.org/nanoid/-/nanoid-3.3.7.tgz. Extracting by manifest.
348 silly tarball no local data for mustache@https://registry.npmjs.org/mustache/-/mustache-4.2.0.tgz. Extracting by manifest.
349 silly tarball no local data for ms@https://registry.npmjs.org/ms/-/ms-2.1.3.tgz. Extracting by manifest.
350 silly tarball no local data for moment-timezone@https://registry.npmjs.org/moment-timezone/-/moment-timezone-0.5.45.tgz. Extracting by manifest.
351 silly tarball no local data for mkdirp-classic@https://registry.npmjs.org/mkdirp-classic/-/mkdirp-classic-0.5.3.tgz. Extracting by manifest.
352 silly tarball no local data for moment@https://registry.npmjs.org/moment/-/moment-2.30.1.tgz. Extracting by manifest.
353 silly tarball no local data for minizlib@https://registry.npmjs.org/minizlib/-/minizlib-2.1.2.tgz. Extracting by manifest.
354 silly tarball no local data for mkdirp@https://registry.npmjs.org/mkdirp/-/mkdirp-1.0.4.tgz. Extracting by manifest.
355 silly tarball no local data for minipass-sized@https://registry.npmjs.org/minipass-sized/-/minipass-sized-1.0.3.tgz. Extracting by manifest.
356 silly tarball no local data for minipass-pipeline@https://registry.npmjs.org/minipass-pipeline/-/minipass-pipeline-1.2.4.tgz. Extracting by manifest.
357 silly tarball no local data for minipass-json-stream@https://registry.npmjs.org/minipass-json-stream/-/minipass-json-stream-1.0.1.tgz. Extracting by manifest.
358 silly tarball no local data for minipass-flush@https://registry.npmjs.org/minipass-flush/-/minipass-flush-1.0.5.tgz. Extracting by manifest.
359 silly tarball no local data for minipass-fetch@https://registry.npmjs.org/minipass-fetch/-/minipass-fetch-3.0.4.tgz. Extracting by manifest.
360 silly tarball no local data for minipass-collect@https://registry.npmjs.org/minipass-collect/-/minipass-collect-1.0.2.tgz. Extracting by manifest.
361 silly tarball no local data for minipass@https://registry.npmjs.org/minipass/-/minipass-3.3.4.tgz. Extracting by manifest.
362 silly tarball no local data for minimist@https://registry.npmjs.org/minimist/-/minimist-1.2.6.tgz. Extracting by manifest.
363 silly tarball no local data for minimatch@https://registry.npmjs.org/minimatch/-/minimatch-3.1.2.tgz. Extracting by manifest.
364 silly tarball no local data for mini-css-extract-plugin@https://registry.npmjs.org/mini-css-extract-plugin/-/mini-css-extract-plugin-2.9.0.tgz. Extracting by manifest.
365 silly tarball no local data for mimic-response@https://registry.npmjs.org/mimic-response/-/mimic-response-1.0.1.tgz. Extracting by manifest.
366 silly tarball no local data for mimic-fn@https://registry.npmjs.org/mimic-fn/-/mimic-fn-2.1.0.tgz. Extracting by manifest.
367 silly tarball no local data for mime-types@https://registry.npmjs.org/mime-types/-/mime-types-2.1.35.tgz. Extracting by manifest.
368 silly tarball no local data for mime-db@https://registry.npmjs.org/mime-db/-/mime-db-1.52.0.tgz. Extracting by manifest.
369 silly tarball no local data for mime@https://registry.npmjs.org/mime/-/mime-3.0.0.tgz. Extracting by manifest.
370 silly tarball no local data for micromatch@https://registry.npmjs.org/micromatch/-/micromatch-4.0.5.tgz. Extracting by manifest.
371 silly tarball no local data for merge2@https://registry.npmjs.org/merge2/-/merge2-1.4.1.tgz. Extracting by manifest.
372 silly tarball no local data for merge-stream@https://registry.npmjs.org/merge-stream/-/merge-stream-2.0.0.tgz. Extracting by manifest.
373 silly tarball no local data for memoizee@https://registry.npmjs.org/memoizee/-/memoizee-0.4.15.tgz. Extracting by manifest.
374 silly tarball no local data for media-typer@https://registry.npmjs.org/media-typer/-/media-typer-0.3.0.tgz. Extracting by manifest.
375 silly tarball no local data for mdurl@https://registry.npmjs.org/mdurl/-/mdurl-1.0.1.tgz. Extracting by manifest.
376 silly tarball no local data for markdown-it@https://registry.npmjs.org/markdown-it/-/markdown-it-13.0.2.tgz. Extracting by manifest.
377 silly tarball no local data for makeerror@https://registry.npmjs.org/makeerror/-/makeerror-1.0.12.tgz. Extracting by manifest.
378 silly tarball no local data for make-promises-safe@https://registry.npmjs.org/make-promises-safe/-/make-promises-safe-5.1.0.tgz. Extracting by manifest.
379 silly tarball no local data for make-dir@https://registry.npmjs.org/make-dir/-/make-dir-4.0.0.tgz. Extracting by manifest.
380 silly tarball no local data for make-fetch-happen@https://registry.npmjs.org/make-fetch-happen/-/make-fetch-happen-11.1.1.tgz. Extracting by manifest.
381 silly tarball no local data for lru-queue@https://registry.npmjs.org/lru-queue/-/lru-queue-0.1.0.tgz. Extracting by manifest.
382 silly tarball no local data for lru-cache@https://registry.npmjs.org/lru-cache/-/lru-cache-5.1.1.tgz. Extracting by manifest.
383 silly tarball no local data for lowercase-keys@https://registry.npmjs.org/lowercase-keys/-/lowercase-keys-3.0.0.tgz. Extracting by manifest.
384 silly tarball no local data for lodash.merge@https://registry.npmjs.org/lodash.merge/-/lodash.merge-4.6.2.tgz. Extracting by manifest.
385 silly tarball no local data for lodash.isempty@https://registry.npmjs.org/lodash.isempty/-/lodash.isempty-4.4.0.tgz. Extracting by manifest.
386 silly tarball no local data for lodash.compact@https://registry.npmjs.org/lodash.compact/-/lodash.compact-3.0.1.tgz. Extracting by manifest.
387 silly tarball no local data for lodash.castarray@https://registry.npmjs.org/lodash.castarray/-/lodash.castarray-4.4.0.tgz. Extracting by manifest.
388 silly tarball no local data for lodash@https://registry.npmjs.org/lodash/-/lodash-4.17.21.tgz. Extracting by manifest.
389 silly tarball no local data for locate-path@https://registry.npmjs.org/locate-path/-/locate-path-6.0.0.tgz. Extracting by manifest.
390 silly tarball no local data for loader-runner@https://registry.npmjs.org/loader-runner/-/loader-runner-4.3.0.tgz. Extracting by manifest.
391 silly tarball no local data for linkify-it@https://registry.npmjs.org/linkify-it/-/linkify-it-4.0.1.tgz. Extracting by manifest.
392 silly tarball no local data for lines-and-columns@https://registry.npmjs.org/lines-and-columns/-/lines-and-columns-1.2.4.tgz. Extracting by manifest.
393 silly tarball no local data for light-my-request@https://registry.npmjs.org/light-my-request/-/light-my-request-5.13.0.tgz. Extracting by manifest.
394 silly tarball no local data for levn@https://registry.npmjs.org/levn/-/levn-0.4.1.tgz. Extracting by manifest.
395 silly tarball no local data for knex@https://registry.npmjs.org/knex/-/knex-3.1.0.tgz. Extracting by manifest.
396 silly tarball no local data for latest-version@https://registry.npmjs.org/latest-version/-/latest-version-7.0.0.tgz. Extracting by manifest.
397 silly tarball no local data for leven@https://registry.npmjs.org/leven/-/leven-3.1.0.tgz. Extracting by manifest.
398 silly tarball no local data for kleur@https://registry.npmjs.org/kleur/-/kleur-3.0.3.tgz. Extracting by manifest.
399 silly tarball no local data for kind-of@https://registry.npmjs.org/kind-of/-/kind-of-6.0.3.tgz. Extracting by manifest.
400 silly tarball no local data for keyv@https://registry.npmjs.org/keyv/-/keyv-4.5.4.tgz. Extracting by manifest.
401 silly tarball no local data for jstransformer-markdown-it@https://registry.npmjs.org/jstransformer-markdown-it/-/jstransformer-markdown-it-3.0.0.tgz. Extracting by manifest.
402 silly tarball no local data for jstransformer@https://registry.npmjs.org/jstransformer/-/jstransformer-1.0.0.tgz. Extracting by manifest.
403 silly tarball no local data for jsonparse@https://registry.npmjs.org/jsonparse/-/jsonparse-1.3.1.tgz. Extracting by manifest.
404 silly tarball no local data for json5@https://registry.npmjs.org/json5/-/json5-2.2.3.tgz. Extracting by manifest.
405 silly tarball no local data for jsonfile@https://registry.npmjs.org/jsonfile/-/jsonfile-6.1.0.tgz. Extracting by manifest.
406 silly tarball no local data for jsonlines@https://registry.npmjs.org/jsonlines/-/jsonlines-0.1.1.tgz. Extracting by manifest.
407 silly tarball no local data for json-stable-stringify-without-jsonify@https://registry.npmjs.org/json-stable-stringify-without-jsonify/-/json-stable-stringify-without-jsonify-1.0.1.tgz. Extracting by manifest.
408 silly tarball no local data for json-schema-traverse@https://registry.npmjs.org/json-schema-traverse/-/json-schema-traverse-0.4.1.tgz. Extracting by manifest.
409 silly tarball no local data for json-parse-helpfulerror@https://registry.npmjs.org/json-parse-helpfulerror/-/json-parse-helpfulerror-1.0.3.tgz. Extracting by manifest.
410 silly tarball no local data for json-parse-even-better-errors@https://registry.npmjs.org/json-parse-even-better-errors/-/json-parse-even-better-errors-2.3.1.tgz. Extracting by manifest.
411 silly tarball no local data for json-schema-ref-resolver@https://registry.npmjs.org/json-schema-ref-resolver/-/json-schema-ref-resolver-1.0.1.tgz. Extracting by manifest.
412 silly tarball no local data for json-buffer@https://registry.npmjs.org/json-buffer/-/json-buffer-3.0.1.tgz. Extracting by manifest.
413 silly tarball no local data for jsesc@https://registry.npmjs.org/jsesc/-/jsesc-2.5.2.tgz. Extracting by manifest.
414 silly tarball no local data for js-yaml@https://registry.npmjs.org/js-yaml/-/js-yaml-4.1.0.tgz. Extracting by manifest.
415 silly tarball no local data for js-tokens@https://registry.npmjs.org/js-tokens/-/js-tokens-4.0.0.tgz. Extracting by manifest.
416 silly tarball no local data for js-cookie@https://registry.npmjs.org/js-cookie/-/js-cookie-3.0.5.tgz. Extracting by manifest.
417 silly tarball no local data for js-stringify@https://registry.npmjs.org/js-stringify/-/js-stringify-1.0.2.tgz. Extracting by manifest.
418 silly tarball no local data for js-beautify@https://registry.npmjs.org/js-beautify/-/js-beautify-1.15.1.tgz. Extracting by manifest.
419 silly tarball no local data for jquery@https://registry.npmjs.org/jquery/-/jquery-3.7.1.tgz. Extracting by manifest.
420 silly tarball no local data for joycon@https://registry.npmjs.org/joycon/-/joycon-3.1.1.tgz. Extracting by manifest.
421 silly tarball no local data for jest-worker@https://registry.npmjs.org/jest-worker/-/jest-worker-29.7.0.tgz. Extracting by manifest.
422 silly tarball no local data for jest-watcher@https://registry.npmjs.org/jest-watcher/-/jest-watcher-29.7.0.tgz. Extracting by manifest.
423 silly tarball no local data for jju@https://registry.npmjs.org/jju/-/jju-1.4.0.tgz. Extracting by manifest.
424 silly tarball no local data for jest-validate@https://registry.npmjs.org/jest-validate/-/jest-validate-29.7.0.tgz. Extracting by manifest.
425 silly tarball no local data for jest-util@https://registry.npmjs.org/jest-util/-/jest-util-29.7.0.tgz. Extracting by manifest.
426 silly tarball no local data for jest-snapshot@https://registry.npmjs.org/jest-snapshot/-/jest-snapshot-29.7.0.tgz. Extracting by manifest.
427 silly tarball no local data for jest-runtime@https://registry.npmjs.org/jest-runtime/-/jest-runtime-29.7.0.tgz. Extracting by manifest.
428 silly tarball no local data for jest-runner@https://registry.npmjs.org/jest-runner/-/jest-runner-29.7.0.tgz. Extracting by manifest.
429 silly tarball no local data for jest-resolve-dependencies@https://registry.npmjs.org/jest-resolve-dependencies/-/jest-resolve-dependencies-29.7.0.tgz. Extracting by manifest.
430 silly tarball no local data for jest-resolve@https://registry.npmjs.org/jest-resolve/-/jest-resolve-29.7.0.tgz. Extracting by manifest.
431 silly tarball no local data for jest-pnp-resolver@https://registry.npmjs.org/jest-pnp-resolver/-/jest-pnp-resolver-1.2.3.tgz. Extracting by manifest.
432 silly tarball no local data for jest-mock@https://registry.npmjs.org/jest-mock/-/jest-mock-29.7.0.tgz. Extracting by manifest.
433 silly tarball no local data for jest-regex-util@https://registry.npmjs.org/jest-regex-util/-/jest-regex-util-29.6.3.tgz. Extracting by manifest.
434 silly tarball no local data for jest-matcher-utils@https://registry.npmjs.org/jest-matcher-utils/-/jest-matcher-utils-29.7.0.tgz. Extracting by manifest.
435 silly tarball no local data for jest-leak-detector@https://registry.npmjs.org/jest-leak-detector/-/jest-leak-detector-29.7.0.tgz. Extracting by manifest.
436 silly tarball no local data for jest-message-util@https://registry.npmjs.org/jest-message-util/-/jest-message-util-29.7.0.tgz. Extracting by manifest.
437 silly tarball no local data for jest-haste-map@https://registry.npmjs.org/jest-haste-map/-/jest-haste-map-29.7.0.tgz. Extracting by manifest.
438 silly tarball no local data for jest-environment-node@https://registry.npmjs.org/jest-environment-node/-/jest-environment-node-29.7.0.tgz. Extracting by manifest.
439 silly tarball no local data for jest-get-type@https://registry.npmjs.org/jest-get-type/-/jest-get-type-29.6.3.tgz. Extracting by manifest.
440 silly tarball no local data for jest-docblock@https://registry.npmjs.org/jest-docblock/-/jest-docblock-29.7.0.tgz. Extracting by manifest.
441 silly tarball no local data for jest-each@https://registry.npmjs.org/jest-each/-/jest-each-29.7.0.tgz. Extracting by manifest.
442 silly tarball no local data for jest-diff@https://registry.npmjs.org/jest-diff/-/jest-diff-29.7.0.tgz. Extracting by manifest.
443 silly tarball no local data for jest-config@https://registry.npmjs.org/jest-config/-/jest-config-29.7.0.tgz. Extracting by manifest.
444 silly tarball no local data for jest-cli@https://registry.npmjs.org/jest-cli/-/jest-cli-29.7.0.tgz. Extracting by manifest.
445 silly tarball no local data for jest-changed-files@https://registry.npmjs.org/jest-changed-files/-/jest-changed-files-29.7.0.tgz. Extracting by manifest.
446 silly tarball no local data for jest-circus@https://registry.npmjs.org/jest-circus/-/jest-circus-29.7.0.tgz. Extracting by manifest.
447 silly tarball no local data for jest@https://registry.npmjs.org/jest/-/jest-29.7.0.tgz. Extracting by manifest.
448 silly tarball no local data for jackspeak@https://registry.npmjs.org/jackspeak/-/jackspeak-2.3.6.tgz. Extracting by manifest.
449 silly tarball no local data for istanbul-reports@https://registry.npmjs.org/istanbul-reports/-/istanbul-reports-3.1.7.tgz. Extracting by manifest.
450 silly tarball no local data for istanbul-lib-source-maps@https://registry.npmjs.org/istanbul-lib-source-maps/-/istanbul-lib-source-maps-4.0.1.tgz. Extracting by manifest.
451 silly tarball no local data for istanbul-lib-report@https://registry.npmjs.org/istanbul-lib-report/-/istanbul-lib-report-3.0.1.tgz. Extracting by manifest.
452 silly tarball no local data for istanbul-lib-instrument@https://registry.npmjs.org/istanbul-lib-instrument/-/istanbul-lib-instrument-6.0.2.tgz. Extracting by manifest.
453 silly tarball no local data for istanbul-lib-coverage@https://registry.npmjs.org/istanbul-lib-coverage/-/istanbul-lib-coverage-3.2.2.tgz. Extracting by manifest.
454 silly tarball no local data for isobject@https://registry.npmjs.org/isobject/-/isobject-3.0.1.tgz. Extracting by manifest.
455 silly tarball no local data for isexe@https://registry.npmjs.org/isexe/-/isexe-2.0.0.tgz. Extracting by manifest.
456 silly tarball no local data for isbinaryfile@https://registry.npmjs.org/isbinaryfile/-/isbinaryfile-4.0.10.tgz. Extracting by manifest.
457 silly tarball no local data for isarray@https://registry.npmjs.org/isarray/-/isarray-2.0.5.tgz. Extracting by manifest.
458 silly tarball no local data for is-yarn-global@https://registry.npmjs.org/is-yarn-global/-/is-yarn-global-0.4.0.tgz. Extracting by manifest.
459 silly tarball no local data for is-weakref@https://registry.npmjs.org/is-weakref/-/is-weakref-1.0.2.tgz. Extracting by manifest.
460 silly tarball no local data for is-typedarray@https://registry.npmjs.org/is-typedarray/-/is-typedarray-1.0.0.tgz. Extracting by manifest.
461 silly tarball no local data for is-typed-array@https://registry.npmjs.org/is-typed-array/-/is-typed-array-1.1.13.tgz. Extracting by manifest.
462 silly tarball no local data for is-symbol@https://registry.npmjs.org/is-symbol/-/is-symbol-1.0.4.tgz. Extracting by manifest.
463 silly tarball no local data for is-string@https://registry.npmjs.org/is-string/-/is-string-1.0.7.tgz. Extracting by manifest.
464 silly tarball no local data for is-stream@https://registry.npmjs.org/is-stream/-/is-stream-2.0.1.tgz. Extracting by manifest.
465 silly tarball no local data for is-shared-array-buffer@https://registry.npmjs.org/is-shared-array-buffer/-/is-shared-array-buffer-1.0.3.tgz. Extracting by manifest.
466 silly tarball no local data for is-regex@https://registry.npmjs.org/is-regex/-/is-regex-1.1.4.tgz. Extracting by manifest.
467 silly tarball no local data for is-promise@https://registry.npmjs.org/is-promise/-/is-promise-2.2.2.tgz. Extracting by manifest.
468 silly tarball no local data for is-path-inside@https://registry.npmjs.org/is-path-inside/-/is-path-inside-3.0.3.tgz. Extracting by manifest.
469 silly tarball no local data for is-plain-object@https://registry.npmjs.org/is-plain-object/-/is-plain-object-2.0.4.tgz. Extracting by manifest.
470 silly tarball no local data for is-number-object@https://registry.npmjs.org/is-number-object/-/is-number-object-1.0.7.tgz. Extracting by manifest.
471 silly tarball no local data for is-obj@https://registry.npmjs.org/is-obj/-/is-obj-2.0.0.tgz. Extracting by manifest.
472 silly tarball no local data for is-number@https://registry.npmjs.org/is-number/-/is-number-7.0.0.tgz. Extracting by manifest.
473 silly tarball no local data for is-npm@https://registry.npmjs.org/is-npm/-/is-npm-6.0.0.tgz. Extracting by manifest.
474 silly tarball no local data for is-negative-zero@https://registry.npmjs.org/is-negative-zero/-/is-negative-zero-2.0.3.tgz. Extracting by manifest.
475 silly tarball no local data for is-lambda@https://registry.npmjs.org/is-lambda/-/is-lambda-1.0.1.tgz. Extracting by manifest.
476 silly tarball no local data for is-installed-globally@https://registry.npmjs.org/is-installed-globally/-/is-installed-globally-0.4.0.tgz. Extracting by manifest.
477 silly tarball no local data for is-glob@https://registry.npmjs.org/is-glob/-/is-glob-4.0.3.tgz. Extracting by manifest.
478 silly tarball no local data for is-generator-fn@https://registry.npmjs.org/is-generator-fn/-/is-generator-fn-2.1.0.tgz. Extracting by manifest.
479 silly tarball no local data for is-fullwidth-code-point@https://registry.npmjs.org/is-fullwidth-code-point/-/is-fullwidth-code-point-3.0.0.tgz. Extracting by manifest.
480 silly tarball no local data for is-extglob@https://registry.npmjs.org/is-extglob/-/is-extglob-2.1.1.tgz. Extracting by manifest.
481 silly tarball no local data for is-expression@https://registry.npmjs.org/is-expression/-/is-expression-4.0.0.tgz. Extracting by manifest.
482 silly tarball no local data for is-docker@https://registry.npmjs.org/is-docker/-/is-docker-2.2.1.tgz. Extracting by manifest.
483 silly tarball no local data for is-date-object@https://registry.npmjs.org/is-date-object/-/is-date-object-1.0.5.tgz. Extracting by manifest.
484 silly tarball no local data for is-data-view@https://registry.npmjs.org/is-data-view/-/is-data-view-1.0.1.tgz. Extracting by manifest.
485 silly tarball no local data for is-ci@https://registry.npmjs.org/is-ci/-/is-ci-3.0.1.tgz. Extracting by manifest.
486 silly tarball no local data for is-core-module@https://registry.npmjs.org/is-core-module/-/is-core-module-2.13.1.tgz. Extracting by manifest.
487 silly tarball no local data for is-callable@https://registry.npmjs.org/is-callable/-/is-callable-1.2.7.tgz. Extracting by manifest.
488 silly tarball no local data for is-binary-path@https://registry.npmjs.org/is-binary-path/-/is-binary-path-2.1.0.tgz. Extracting by manifest.
489 silly tarball no local data for is-boolean-object@https://registry.npmjs.org/is-boolean-object/-/is-boolean-object-1.1.2.tgz. Extracting by manifest.
490 silly tarball no local data for is-bigint@https://registry.npmjs.org/is-bigint/-/is-bigint-1.0.4.tgz. Extracting by manifest.
491 silly tarball no local data for is-arrayish@https://registry.npmjs.org/is-arrayish/-/is-arrayish-0.2.1.tgz. Extracting by manifest.
492 silly tarball no local data for is-array-buffer@https://registry.npmjs.org/is-array-buffer/-/is-array-buffer-3.0.4.tgz. Extracting by manifest.
493 silly tarball no local data for ipaddr.js@https://registry.npmjs.org/ipaddr.js/-/ipaddr.js-1.9.1.tgz. Extracting by manifest.
494 silly tarball no local data for ip@https://registry.npmjs.org/ip/-/ip-2.0.0.tgz. Extracting by manifest.
495 silly tarball no local data for internal-slot@https://registry.npmjs.org/internal-slot/-/internal-slot-1.0.7.tgz. Extracting by manifest.
496 silly tarball no local data for interpret@https://registry.npmjs.org/interpret/-/interpret-2.2.0.tgz. Extracting by manifest.
497 silly tarball no local data for ini@https://registry.npmjs.org/ini/-/ini-2.0.0.tgz. Extracting by manifest.
498 silly tarball no local data for inherits@https://registry.npmjs.org/inherits/-/inherits-2.0.4.tgz. Extracting by manifest.
499 silly tarball no local data for inflight@https://registry.npmjs.org/inflight/-/inflight-1.0.6.tgz. Extracting by manifest.
500 silly tarball no local data for inflection@https://registry.npmjs.org/inflection/-/inflection-1.13.4.tgz. Extracting by manifest.
501 silly tarball no local data for infer-owner@https://registry.npmjs.org/infer-owner/-/infer-owner-1.0.4.tgz. Extracting by manifest.
502 silly tarball no local data for indent-string@https://registry.npmjs.org/indent-string/-/indent-string-4.0.0.tgz. Extracting by manifest.
503 silly tarball no local data for imurmurhash@https://registry.npmjs.org/imurmurhash/-/imurmurhash-0.1.4.tgz. Extracting by manifest.
504 silly tarball no local data for import-lazy@https://registry.npmjs.org/import-lazy/-/import-lazy-4.0.0.tgz. Extracting by manifest.
505 silly tarball no local data for import-fresh@https://registry.npmjs.org/import-fresh/-/import-fresh-3.3.0.tgz. Extracting by manifest.
506 silly tarball no local data for ignore-walk@https://registry.npmjs.org/ignore-walk/-/ignore-walk-6.0.4.tgz. Extracting by manifest.
507 silly tarball no local data for ignore@https://registry.npmjs.org/ignore/-/ignore-5.2.0.tgz. Extracting by manifest.
508 silly tarball no local data for ieee754@https://registry.npmjs.org/ieee754/-/ieee754-1.2.1.tgz. Extracting by manifest.
509 silly tarball no local data for icss-utils@https://registry.npmjs.org/icss-utils/-/icss-utils-5.1.0.tgz. Extracting by manifest.
510 silly tarball no local data for iconv-lite@https://registry.npmjs.org/iconv-lite/-/iconv-lite-0.6.3.tgz. Extracting by manifest.
511 silly tarball no local data for i18next@https://registry.npmjs.org/i18next/-/i18next-23.11.2.tgz. Extracting by manifest.
512 silly tarball no local data for humanize-ms@https://registry.npmjs.org/humanize-ms/-/humanize-ms-1.2.1.tgz. Extracting by manifest.
513 silly tarball no local data for human-signals@https://registry.npmjs.org/human-signals/-/human-signals-2.1.0.tgz. Extracting by manifest.
514 silly tarball no local data for https-proxy-agent@https://registry.npmjs.org/https-proxy-agent/-/https-proxy-agent-5.0.1.tgz. Extracting by manifest.
515 silly tarball no local data for http-proxy-agent@https://registry.npmjs.org/http-proxy-agent/-/http-proxy-agent-5.0.0.tgz. Extracting by manifest.
516 silly tarball no local data for http2-wrapper@https://registry.npmjs.org/http2-wrapper/-/http2-wrapper-2.1.11.tgz. Extracting by manifest.
517 silly tarball no local data for http-errors@https://registry.npmjs.org/http-errors/-/http-errors-2.0.0.tgz. Extracting by manifest.
518 silly tarball no local data for html-escaper@https://registry.npmjs.org/html-escaper/-/html-escaper-2.0.2.tgz. Extracting by manifest.
519 silly tarball no local data for http-cache-semantics@https://registry.npmjs.org/http-cache-semantics/-/http-cache-semantics-4.1.1.tgz. Extracting by manifest.
520 silly tarball no local data for hosted-git-info@https://registry.npmjs.org/hosted-git-info/-/hosted-git-info-5.2.1.tgz. Extracting by manifest.
521 silly tarball no local data for hasown@https://registry.npmjs.org/hasown/-/hasown-2.0.2.tgz. Extracting by manifest.
522 silly tarball no local data for help-me@https://registry.npmjs.org/help-me/-/help-me-4.2.0.tgz. Extracting by manifest.
523 silly tarball no local data for hashlru@https://registry.npmjs.org/hashlru/-/hashlru-2.3.0.tgz. Extracting by manifest.
524 silly tarball no local data for has-yarn@https://registry.npmjs.org/has-yarn/-/has-yarn-3.0.0.tgz. Extracting by manifest.
525 silly tarball no local data for has-unicode@https://registry.npmjs.org/has-unicode/-/has-unicode-2.0.1.tgz. Extracting by manifest.
526 silly tarball no local data for has-tostringtag@https://registry.npmjs.org/has-tostringtag/-/has-tostringtag-1.0.2.tgz. Extracting by manifest.
527 silly tarball no local data for has-symbols@https://registry.npmjs.org/has-symbols/-/has-symbols-1.0.3.tgz. Extracting by manifest.
528 silly tarball no local data for has-proto@https://registry.npmjs.org/has-proto/-/has-proto-1.0.3.tgz. Extracting by manifest.
529 silly tarball no local data for has-property-descriptors@https://registry.npmjs.org/has-property-descriptors/-/has-property-descriptors-1.0.2.tgz. Extracting by manifest.
530 silly tarball no local data for has-bigints@https://registry.npmjs.org/has-bigints/-/has-bigints-1.0.2.tgz. Extracting by manifest.
531 silly tarball no local data for has-flag@https://registry.npmjs.org/has-flag/-/has-flag-4.0.0.tgz. Extracting by manifest.
532 silly tarball no local data for import-local@https://registry.npmjs.org/import-local/-/import-local-3.1.0.tgz. Extracting by manifest.
533 silly tarball no local data for graphemer@https://registry.npmjs.org/graphemer/-/graphemer-1.4.0.tgz. Extracting by manifest.
534 silly tarball no local data for graceful-fs@https://registry.npmjs.org/graceful-fs/-/graceful-fs-4.2.10.tgz. Extracting by manifest.
535 silly tarball no local data for got@https://registry.npmjs.org/got/-/got-12.3.1.tgz. Extracting by manifest.
536 silly tarball no local data for globby@https://registry.npmjs.org/globby/-/globby-11.1.0.tgz. Extracting by manifest.
537 silly tarball no local data for gopd@https://registry.npmjs.org/gopd/-/gopd-1.0.1.tgz. Extracting by manifest.
538 silly tarball no local data for globalthis@https://registry.npmjs.org/globalthis/-/globalthis-1.0.3.tgz. Extracting by manifest.
539 silly tarball no local data for globals@https://registry.npmjs.org/globals/-/globals-15.0.0.tgz. Extracting by manifest.
540 silly tarball no local data for global-dirs@https://registry.npmjs.org/global-dirs/-/global-dirs-3.0.0.tgz. Extracting by manifest.
541 silly tarball no local data for glob-to-regexp@https://registry.npmjs.org/glob-to-regexp/-/glob-to-regexp-0.4.1.tgz. Extracting by manifest.
542 silly tarball no local data for glob-parent@https://registry.npmjs.org/glob-parent/-/glob-parent-6.0.2.tgz. Extracting by manifest.
543 silly tarball no local data for glob@https://registry.npmjs.org/glob/-/glob-10.3.12.tgz. Extracting by manifest.
544 silly tarball no local data for github-from-package@https://registry.npmjs.org/github-from-package/-/github-from-package-0.0.0.tgz. Extracting by manifest.
545 silly tarball no local data for getopts@https://registry.npmjs.org/getopts/-/getopts-2.3.0.tgz. Extracting by manifest.
546 silly tarball no local data for get-symbol-description@https://registry.npmjs.org/get-symbol-description/-/get-symbol-description-1.0.2.tgz. Extracting by manifest.
547 silly tarball no local data for get-stream@https://registry.npmjs.org/get-stream/-/get-stream-6.0.1.tgz. Extracting by manifest.
548 silly tarball no local data for get-stdin@https://registry.npmjs.org/get-stdin/-/get-stdin-8.0.0.tgz. Extracting by manifest.
549 silly tarball no local data for get-package-type@https://registry.npmjs.org/get-package-type/-/get-package-type-0.1.0.tgz. Extracting by manifest.
550 silly tarball no local data for get-intrinsic@https://registry.npmjs.org/get-intrinsic/-/get-intrinsic-1.2.4.tgz. Extracting by manifest.
551 silly tarball no local data for get-caller-file@https://registry.npmjs.org/get-caller-file/-/get-caller-file-2.0.5.tgz. Extracting by manifest.
552 silly tarball no local data for gensync@https://registry.npmjs.org/gensync/-/gensync-1.0.0-beta.2.tgz. Extracting by manifest.
553 silly tarball no local data for generify@https://registry.npmjs.org/generify/-/generify-4.2.0.tgz. Extracting by manifest.
554 silly tarball no local data for gauge@https://registry.npmjs.org/gauge/-/gauge-4.0.4.tgz. Extracting by manifest.
555 silly tarball no local data for functions-have-names@https://registry.npmjs.org/functions-have-names/-/functions-have-names-1.2.3.tgz. Extracting by manifest.
556 silly tarball no local data for function.prototype.name@https://registry.npmjs.org/function.prototype.name/-/function.prototype.name-1.1.6.tgz. Extracting by manifest.
557 silly tarball no local data for function-bind@https://registry.npmjs.org/function-bind/-/function-bind-1.1.2.tgz. Extracting by manifest.
558 silly tarball no local data for fs.realpath@https://registry.npmjs.org/fs.realpath/-/fs.realpath-1.0.0.tgz. Extracting by manifest.
559 silly tarball no local data for fs-minipass@https://registry.npmjs.org/fs-minipass/-/fs-minipass-2.1.0.tgz. Extracting by manifest.
560 silly tarball no local data for fs-extra@https://registry.npmjs.org/fs-extra/-/fs-extra-9.1.0.tgz. Extracting by manifest.
561 silly tarball no local data for fs-constants@https://registry.npmjs.org/fs-constants/-/fs-constants-1.0.0.tgz. Extracting by manifest.
562 silly tarball no local data for fp-and-or@https://registry.npmjs.org/fp-and-or/-/fp-and-or-0.1.4.tgz. Extracting by manifest.
563 silly tarball no local data for forwarded@https://registry.npmjs.org/forwarded/-/forwarded-0.2.0.tgz. Extracting by manifest.
564 silly tarball no local data for form-data-encoder@https://registry.npmjs.org/form-data-encoder/-/form-data-encoder-2.1.0.tgz. Extracting by manifest.
565 silly tarball no local data for foreground-child@https://registry.npmjs.org/foreground-child/-/foreground-child-3.1.1.tgz. Extracting by manifest.
566 silly tarball no local data for for-each@https://registry.npmjs.org/for-each/-/for-each-0.3.3.tgz. Extracting by manifest.
567 silly tarball no local data for flatted@https://registry.npmjs.org/flatted/-/flatted-3.3.1.tgz. Extracting by manifest.
568 silly tarball no local data for flat-cache@https://registry.npmjs.org/flat-cache/-/flat-cache-3.2.0.tgz. Extracting by manifest.
569 silly tarball no local data for find-my-way@https://registry.npmjs.org/find-my-way/-/find-my-way-8.1.0.tgz. Extracting by manifest.
570 silly tarball no local data for find-up@https://registry.npmjs.org/find-up/-/find-up-5.0.0.tgz. Extracting by manifest.
571 silly tarball no local data for fill-range@https://registry.npmjs.org/fill-range/-/fill-range-7.0.1.tgz. Extracting by manifest.
572 silly tarball no local data for file-uri-to-path@https://registry.npmjs.org/file-uri-to-path/-/file-uri-to-path-1.0.0.tgz. Extracting by manifest.
573 silly tarball no local data for file-entry-cache@https://registry.npmjs.org/file-entry-cache/-/file-entry-cache-6.0.1.tgz. Extracting by manifest.
574 silly tarball no local data for fb-watchman@https://registry.npmjs.org/fb-watchman/-/fb-watchman-2.0.2.tgz. Extracting by manifest.
575 silly tarball no local data for fastq@https://registry.npmjs.org/fastq/-/fastq-1.17.1.tgz. Extracting by manifest.
576 silly tarball no local data for fastify-plugin@https://registry.npmjs.org/fastify-plugin/-/fastify-plugin-3.0.1.tgz. Extracting by manifest.
577 silly tarball no local data for fastify-reverse-routes@https://registry.npmjs.org/fastify-reverse-routes/-/fastify-reverse-routes-3.0.0.tgz. Extracting by manifest.
578 silly tarball no local data for fastify-objectionjs@https://registry.npmjs.org/fastify-objectionjs/-/fastify-objectionjs-2.0.1.tgz. Extracting by manifest.
579 silly tarball no local data for fastify-method-override@https://registry.npmjs.org/fastify-method-override/-/fastify-method-override-1.5.10.tgz. Extracting by manifest.
580 silly tarball no local data for fastify-error-page@https://registry.npmjs.org/fastify-error-page/-/fastify-error-page-4.0.0.tgz. Extracting by manifest.
581 silly tarball no local data for fastify-cli@https://registry.npmjs.org/fastify-cli/-/fastify-cli-6.1.1.tgz. Extracting by manifest.
582 silly tarball no local data for fastify@https://registry.npmjs.org/fastify/-/fastify-4.26.2.tgz. Extracting by manifest.
583 silly tarball no local data for fastest-levenshtein@https://registry.npmjs.org/fastest-levenshtein/-/fastest-levenshtein-1.0.16.tgz. Extracting by manifest.
584 silly tarball no local data for fast-uri@https://registry.npmjs.org/fast-uri/-/fast-uri-2.3.0.tgz. Extracting by manifest.
585 silly tarball no local data for fast-safe-stringify@https://registry.npmjs.org/fast-safe-stringify/-/fast-safe-stringify-2.1.1.tgz. Extracting by manifest.
586 silly tarball no local data for fast-redact@https://registry.npmjs.org/fast-redact/-/fast-redact-3.5.0.tgz. Extracting by manifest.
587 silly tarball no local data for fast-memoize@https://registry.npmjs.org/fast-memoize/-/fast-memoize-2.5.2.tgz. Extracting by manifest.
588 silly tarball no local data for fast-querystring@https://registry.npmjs.org/fast-querystring/-/fast-querystring-1.0.0.tgz. Extracting by manifest.
589 silly tarball no local data for fast-levenshtein@https://registry.npmjs.org/fast-levenshtein/-/fast-levenshtein-2.0.6.tgz. Extracting by manifest.
590 silly tarball no local data for fast-json-stringify@https://registry.npmjs.org/fast-json-stringify/-/fast-json-stringify-5.14.1.tgz. Extracting by manifest.
591 silly tarball no local data for fast-deep-equal@https://registry.npmjs.org/fast-deep-equal/-/fast-deep-equal-3.1.3.tgz. Extracting by manifest.
592 silly tarball no local data for fast-json-stable-stringify@https://registry.npmjs.org/fast-json-stable-stringify/-/fast-json-stable-stringify-2.1.0.tgz. Extracting by manifest.
593 silly tarball no local data for fast-glob@https://registry.npmjs.org/fast-glob/-/fast-glob-3.2.11.tgz. Extracting by manifest.
594 silly tarball no local data for fast-decode-uri-component@https://registry.npmjs.org/fast-decode-uri-component/-/fast-decode-uri-component-1.0.1.tgz. Extracting by manifest.
595 silly tarball no local data for fast-copy@https://registry.npmjs.org/fast-copy/-/fast-copy-3.0.2.tgz. Extracting by manifest.
596 silly tarball no local data for fast-content-type-parse@https://registry.npmjs.org/fast-content-type-parse/-/fast-content-type-parse-1.1.0.tgz. Extracting by manifest.
597 silly tarball no local data for exponential-backoff@https://registry.npmjs.org/exponential-backoff/-/exponential-backoff-3.1.1.tgz. Extracting by manifest.
598 silly tarball no local data for expect@https://registry.npmjs.org/expect/-/expect-29.7.0.tgz. Extracting by manifest.
599 silly tarball no local data for ext@https://registry.npmjs.org/ext/-/ext-1.7.0.tgz. Extracting by manifest.
600 silly tarball no local data for expand-template@https://registry.npmjs.org/expand-template/-/expand-template-2.0.3.tgz. Extracting by manifest.
601 silly tarball no local data for exit@https://registry.npmjs.org/exit/-/exit-0.1.2.tgz. Extracting by manifest.
602 silly tarball no local data for execa@https://registry.npmjs.org/execa/-/execa-5.1.1.tgz. Extracting by manifest.
603 silly tarball no local data for events@https://registry.npmjs.org/events/-/events-3.3.0.tgz. Extracting by manifest.
604 silly tarball no local data for event-target-shim@https://registry.npmjs.org/event-target-shim/-/event-target-shim-5.0.1.tgz. Extracting by manifest.
605 silly tarball no local data for event-emitter@https://registry.npmjs.org/event-emitter/-/event-emitter-0.3.5.tgz. Extracting by manifest.
606 silly tarball no local data for esutils@https://registry.npmjs.org/esutils/-/esutils-2.0.3.tgz. Extracting by manifest.
607 silly tarball no local data for esrecurse@https://registry.npmjs.org/esrecurse/-/esrecurse-4.3.0.tgz. Extracting by manifest.
608 silly tarball no local data for estraverse@https://registry.npmjs.org/estraverse/-/estraverse-5.3.0.tgz. Extracting by manifest.
609 silly tarball no local data for esprima@https://registry.npmjs.org/esprima/-/esprima-4.0.1.tgz. Extracting by manifest.
610 silly tarball no local data for esquery@https://registry.npmjs.org/esquery/-/esquery-1.5.0.tgz. Extracting by manifest.
611 silly tarball no local data for esniff@https://registry.npmjs.org/esniff/-/esniff-2.0.1.tgz. Extracting by manifest.
612 silly tarball no local data for espree@https://registry.npmjs.org/espree/-/espree-10.0.1.tgz. Extracting by manifest.
613 silly tarball no local data for esm@https://registry.npmjs.org/esm/-/esm-3.2.25.tgz. Extracting by manifest.
614 silly tarball no local data for eslint-visitor-keys@https://registry.npmjs.org/eslint-visitor-keys/-/eslint-visitor-keys-3.4.3.tgz. Extracting by manifest.
615 silly tarball no local data for eslint-scope@https://registry.npmjs.org/eslint-scope/-/eslint-scope-7.2.2.tgz. Extracting by manifest.
616 silly tarball no local data for eslint-plugin-import@https://registry.npmjs.org/eslint-plugin-import/-/eslint-plugin-import-2.29.1.tgz. Extracting by manifest.
617 silly tarball no local data for eslint-module-utils@https://registry.npmjs.org/eslint-module-utils/-/eslint-module-utils-2.8.1.tgz. Extracting by manifest.
618 silly tarball no local data for eslint-import-resolver-node@https://registry.npmjs.org/eslint-import-resolver-node/-/eslint-import-resolver-node-0.3.9.tgz. Extracting by manifest.
619 silly tarball no local data for eslint@https://registry.npmjs.org/eslint/-/eslint-8.57.0.tgz. Extracting by manifest.
620 silly tarball no local data for escape-string-regexp@https://registry.npmjs.org/escape-string-regexp/-/escape-string-regexp-1.0.5.tgz. Extracting by manifest.
621 silly tarball no local data for eslint-config-airbnb-base@https://registry.npmjs.org/eslint-config-airbnb-base/-/eslint-config-airbnb-base-15.0.0.tgz. Extracting by manifest.
622 silly tarball no local data for escape-html@https://registry.npmjs.org/escape-html/-/escape-html-1.0.3.tgz. Extracting by manifest.
623 silly tarball no local data for escape-goat@https://registry.npmjs.org/escape-goat/-/escape-goat-4.0.0.tgz. Extracting by manifest.
624 silly tarball no local data for escalade@https://registry.npmjs.org/escalade/-/escalade-3.1.1.tgz. Extracting by manifest.
625 silly tarball no local data for es6-weak-map@https://registry.npmjs.org/es6-weak-map/-/es6-weak-map-2.0.3.tgz. Extracting by manifest.
626 silly tarball no local data for es6-symbol@https://registry.npmjs.org/es6-symbol/-/es6-symbol-3.1.4.tgz. Extracting by manifest.
627 silly tarball no local data for es6-iterator@https://registry.npmjs.org/es6-iterator/-/es6-iterator-2.0.3.tgz. Extracting by manifest.
628 silly tarball no local data for es5-ext@https://registry.npmjs.org/es5-ext/-/es5-ext-0.10.64.tgz. Extracting by manifest.
629 silly tarball no local data for es-to-primitive@https://registry.npmjs.org/es-to-primitive/-/es-to-primitive-1.2.1.tgz. Extracting by manifest.
630 silly tarball no local data for es-object-atoms@https://registry.npmjs.org/es-object-atoms/-/es-object-atoms-1.0.0.tgz. Extracting by manifest.
631 silly tarball no local data for es-set-tostringtag@https://registry.npmjs.org/es-set-tostringtag/-/es-set-tostringtag-2.0.3.tgz. Extracting by manifest.
632 silly tarball no local data for es-shim-unscopables@https://registry.npmjs.org/es-shim-unscopables/-/es-shim-unscopables-1.0.2.tgz. Extracting by manifest.
633 silly tarball no local data for es-module-lexer@https://registry.npmjs.org/es-module-lexer/-/es-module-lexer-1.5.0.tgz. Extracting by manifest.
634 silly tarball no local data for es-errors@https://registry.npmjs.org/es-errors/-/es-errors-1.3.0.tgz. Extracting by manifest.
635 silly tarball no local data for es-define-property@https://registry.npmjs.org/es-define-property/-/es-define-property-1.0.0.tgz. Extracting by manifest.
636 silly tarball no local data for es-abstract@https://registry.npmjs.org/es-abstract/-/es-abstract-1.23.3.tgz. Extracting by manifest.
637 silly tarball no local data for error-ex@https://registry.npmjs.org/error-ex/-/error-ex-1.3.2.tgz. Extracting by manifest.
638 silly tarball no local data for err-code@https://registry.npmjs.org/err-code/-/err-code-2.0.3.tgz. Extracting by manifest.
639 silly tarball no local data for envinfo@https://registry.npmjs.org/envinfo/-/envinfo-7.12.0.tgz. Extracting by manifest.
640 silly tarball no local data for env-paths@https://registry.npmjs.org/env-paths/-/env-paths-2.2.1.tgz. Extracting by manifest.
641 silly tarball no local data for entities@https://registry.npmjs.org/entities/-/entities-3.0.1.tgz. Extracting by manifest.
642 silly tarball no local data for enhanced-resolve@https://registry.npmjs.org/enhanced-resolve/-/enhanced-resolve-5.16.0.tgz. Extracting by manifest.
643 silly tarball no local data for end-of-stream@https://registry.npmjs.org/end-of-stream/-/end-of-stream-1.4.4.tgz. Extracting by manifest.
644 silly tarball no local data for encoding@https://registry.npmjs.org/encoding/-/encoding-0.1.13.tgz. Extracting by manifest.
645 silly tarball no local data for emoji-regex@https://registry.npmjs.org/emoji-regex/-/emoji-regex-8.0.0.tgz. Extracting by manifest.
646 silly tarball no local data for electron-to-chromium@https://registry.npmjs.org/electron-to-chromium/-/electron-to-chromium-1.4.746.tgz. Extracting by manifest.
647 silly tarball no local data for editorconfig@https://registry.npmjs.org/editorconfig/-/editorconfig-1.0.4.tgz. Extracting by manifest.
648 silly tarball no local data for emittery@https://registry.npmjs.org/emittery/-/emittery-0.13.1.tgz. Extracting by manifest.
649 silly tarball no local data for eastasianwidth@https://registry.npmjs.org/eastasianwidth/-/eastasianwidth-0.2.0.tgz. Extracting by manifest.
650 silly tarball no local data for dottie@https://registry.npmjs.org/dottie/-/dottie-2.0.6.tgz. Extracting by manifest.
651 silly tarball no local data for doctypes@https://registry.npmjs.org/doctypes/-/doctypes-1.1.0.tgz. Extracting by manifest.
652 silly tarball no local data for dotenv@https://registry.npmjs.org/dotenv/-/dotenv-16.4.5.tgz. Extracting by manifest.
653 silly tarball no local data for dot-prop@https://registry.npmjs.org/dot-prop/-/dot-prop-6.0.1.tgz. Extracting by manifest.
654 silly tarball no local data for doctrine@https://registry.npmjs.org/doctrine/-/doctrine-3.0.0.tgz. Extracting by manifest.
655 silly tarball no local data for dir-glob@https://registry.npmjs.org/dir-glob/-/dir-glob-3.0.1.tgz. Extracting by manifest.
656 silly tarball no local data for detect-libc@https://registry.npmjs.org/detect-libc/-/detect-libc-2.0.3.tgz. Extracting by manifest.
657 silly tarball no local data for detect-newline@https://registry.npmjs.org/detect-newline/-/detect-newline-3.1.0.tgz. Extracting by manifest.
658 silly tarball no local data for diff-sequences@https://registry.npmjs.org/diff-sequences/-/diff-sequences-29.6.3.tgz. Extracting by manifest.
659 silly tarball no local data for depd@https://registry.npmjs.org/depd/-/depd-2.0.0.tgz. Extracting by manifest.
660 silly tarball no local data for delegates@https://registry.npmjs.org/delegates/-/delegates-1.0.0.tgz. Extracting by manifest.
661 silly tarball no local data for define-properties@https://registry.npmjs.org/define-properties/-/define-properties-1.2.1.tgz. Extracting by manifest.
662 silly tarball no local data for define-data-property@https://registry.npmjs.org/define-data-property/-/define-data-property-1.1.4.tgz. Extracting by manifest.
663 silly tarball no local data for defer-to-connect@https://registry.npmjs.org/defer-to-connect/-/defer-to-connect-2.0.1.tgz. Extracting by manifest.
664 silly tarball no local data for deepmerge@https://registry.npmjs.org/deepmerge/-/deepmerge-4.3.1.tgz. Extracting by manifest.
665 silly tarball no local data for deep-is@https://registry.npmjs.org/deep-is/-/deep-is-0.1.4.tgz. Extracting by manifest.
666 silly tarball no local data for dedent@https://registry.npmjs.org/dedent/-/dedent-1.5.3.tgz. Extracting by manifest.
667 silly tarball no local data for deep-extend@https://registry.npmjs.org/deep-extend/-/deep-extend-0.6.0.tgz. Extracting by manifest.
668 silly tarball no local data for decompress-response@https://registry.npmjs.org/decompress-response/-/decompress-response-6.0.0.tgz. Extracting by manifest.
669 silly tarball no local data for debug@https://registry.npmjs.org/debug/-/debug-4.3.4.tgz. Extracting by manifest.
670 silly tarball no local data for db-errors@https://registry.npmjs.org/db-errors/-/db-errors-0.2.3.tgz. Extracting by manifest.
671 silly tarball no local data for dateformat@https://registry.npmjs.org/dateformat/-/dateformat-4.6.3.tgz. Extracting by manifest.
672 silly tarball no local data for date-fns@https://registry.npmjs.org/date-fns/-/date-fns-2.30.0.tgz. Extracting by manifest.
673 silly tarball no local data for data-view-byte-length@https://registry.npmjs.org/data-view-byte-length/-/data-view-byte-length-1.0.1.tgz. Extracting by manifest.
674 silly tarball no local data for data-view-byte-offset@https://registry.npmjs.org/data-view-byte-offset/-/data-view-byte-offset-1.0.0.tgz. Extracting by manifest.
675 silly tarball no local data for data-view-buffer@https://registry.npmjs.org/data-view-buffer/-/data-view-buffer-1.0.1.tgz. Extracting by manifest.
676 silly tarball no local data for d@https://registry.npmjs.org/d/-/d-1.0.2.tgz. Extracting by manifest.
677 silly tarball no local data for cssesc@https://registry.npmjs.org/cssesc/-/cssesc-3.0.0.tgz. Extracting by manifest.
678 silly tarball no local data for css-loader@https://registry.npmjs.org/css-loader/-/css-loader-7.1.1.tgz. Extracting by manifest.
679 silly tarball no local data for crypto-random-string@https://registry.npmjs.org/crypto-random-string/-/crypto-random-string-4.0.0.tgz. Extracting by manifest.
680 silly tarball no local data for cross-spawn@https://registry.npmjs.org/cross-spawn/-/cross-spawn-7.0.3.tgz. Extracting by manifest.
681 silly tarball no local data for create-jest@https://registry.npmjs.org/create-jest/-/create-jest-29.7.0.tgz. Extracting by manifest.
682 silly tarball no local data for cookie-signature@https://registry.npmjs.org/cookie-signature/-/cookie-signature-1.2.1.tgz. Extracting by manifest.
683 silly tarball no local data for cookie@https://registry.npmjs.org/cookie/-/cookie-0.6.0.tgz. Extracting by manifest.
684 silly tarball no local data for convert-source-map@https://registry.npmjs.org/convert-source-map/-/convert-source-map-2.0.0.tgz. Extracting by manifest.
685 silly tarball no local data for content-disposition@https://registry.npmjs.org/content-disposition/-/content-disposition-0.5.4.tgz. Extracting by manifest.
686 silly tarball no local data for constantinople@https://registry.npmjs.org/constantinople/-/constantinople-4.0.1.tgz. Extracting by manifest.
687 silly tarball no local data for console-control-strings@https://registry.npmjs.org/console-control-strings/-/console-control-strings-1.1.0.tgz. Extracting by manifest.
688 silly tarball no local data for confusing-browser-globals@https://registry.npmjs.org/confusing-browser-globals/-/confusing-browser-globals-1.0.11.tgz. Extracting by manifest.
689 silly tarball no local data for configstore@https://registry.npmjs.org/configstore/-/configstore-6.0.0.tgz. Extracting by manifest.
690 silly tarball no local data for config-chain@https://registry.npmjs.org/config-chain/-/config-chain-1.1.13.tgz. Extracting by manifest.
691 silly tarball no local data for concurrently@https://registry.npmjs.org/concurrently/-/concurrently-8.2.2.tgz. Extracting by manifest.
692 silly tarball no local data for concat-map@https://registry.npmjs.org/concat-map/-/concat-map-0.0.1.tgz. Extracting by manifest.
693 silly tarball no local data for commist@https://registry.npmjs.org/commist/-/commist-3.0.0.tgz. Extracting by manifest.
694 silly tarball no local data for colorette@https://registry.npmjs.org/colorette/-/colorette-2.0.19.tgz. Extracting by manifest.
695 silly tarball no local data for commander@https://registry.npmjs.org/commander/-/commander-10.0.1.tgz. Extracting by manifest.
696 silly tarball no local data for color-support@https://registry.npmjs.org/color-support/-/color-support-1.1.3.tgz. Extracting by manifest.
697 silly tarball no local data for color-name@https://registry.npmjs.org/color-name/-/color-name-1.1.4.tgz. Extracting by manifest.
698 silly tarball no local data for color-convert@https://registry.npmjs.org/color-convert/-/color-convert-2.0.1.tgz. Extracting by manifest.
699 silly tarball no local data for collect-v8-coverage@https://registry.npmjs.org/collect-v8-coverage/-/collect-v8-coverage-1.0.2.tgz. Extracting by manifest.
700 silly tarball no local data for co@https://registry.npmjs.org/co/-/co-4.6.0.tgz. Extracting by manifest.
701 silly tarball no local data for close-with-grace@https://registry.npmjs.org/close-with-grace/-/close-with-grace-1.1.0.tgz. Extracting by manifest.
702 silly tarball no local data for clone-response@https://registry.npmjs.org/clone-response/-/clone-response-1.0.3.tgz. Extracting by manifest.
703 silly tarball no local data for cliui@https://registry.npmjs.org/cliui/-/cliui-8.0.1.tgz. Extracting by manifest.
704 silly tarball no local data for clone-deep@https://registry.npmjs.org/clone-deep/-/clone-deep-4.0.1.tgz. Extracting by manifest.
705 silly tarball no local data for cli-table3@https://registry.npmjs.org/cli-table3/-/cli-table3-0.6.4.tgz. Extracting by manifest.
706 silly tarball no local data for cli-color@https://registry.npmjs.org/cli-color/-/cli-color-2.0.4.tgz. Extracting by manifest.
707 silly tarball no local data for clean-stack@https://registry.npmjs.org/clean-stack/-/clean-stack-2.2.0.tgz. Extracting by manifest.
708 silly tarball no local data for cli-boxes@https://registry.npmjs.org/cli-boxes/-/cli-boxes-3.0.0.tgz. Extracting by manifest.
709 silly tarball no local data for cjs-module-lexer@https://registry.npmjs.org/cjs-module-lexer/-/cjs-module-lexer-1.2.3.tgz. Extracting by manifest.
710 silly tarball no local data for ci-info@https://registry.npmjs.org/ci-info/-/ci-info-3.3.2.tgz. Extracting by manifest.
711 silly tarball no local data for chrome-trace-event@https://registry.npmjs.org/chrome-trace-event/-/chrome-trace-event-1.0.3.tgz. Extracting by manifest.
712 silly tarball no local data for chownr@https://registry.npmjs.org/chownr/-/chownr-2.0.0.tgz. Extracting by manifest.
713 silly tarball no local data for character-parser@https://registry.npmjs.org/character-parser/-/character-parser-2.2.0.tgz. Extracting by manifest.
714 silly tarball no local data for char-regex@https://registry.npmjs.org/char-regex/-/char-regex-1.0.2.tgz. Extracting by manifest.
715 silly tarball no local data for chokidar@https://registry.npmjs.org/chokidar/-/chokidar-3.5.3.tgz. Extracting by manifest.
716 silly tarball no local data for chalk@https://registry.npmjs.org/chalk/-/chalk-4.1.2.tgz. Extracting by manifest.
717 silly tarball no local data for caniuse-lite@https://registry.npmjs.org/caniuse-lite/-/caniuse-lite-1.0.30001612.tgz. Extracting by manifest.
718 silly tarball no local data for callsites@https://registry.npmjs.org/callsites/-/callsites-3.1.0.tgz. Extracting by manifest.
719 silly tarball no local data for call-bind@https://registry.npmjs.org/call-bind/-/call-bind-1.0.7.tgz. Extracting by manifest.
720 silly tarball no local data for camelcase@https://registry.npmjs.org/camelcase/-/camelcase-5.3.1.tgz. Extracting by manifest.
721 silly tarball no local data for cacheable-request@https://registry.npmjs.org/cacheable-request/-/cacheable-request-7.0.2.tgz. Extracting by manifest.
722 silly tarball no local data for cacheable-lookup@https://registry.npmjs.org/cacheable-lookup/-/cacheable-lookup-6.1.0.tgz. Extracting by manifest.
723 silly tarball no local data for cacache@https://registry.npmjs.org/cacache/-/cacache-17.1.4.tgz. Extracting by manifest.
724 silly tarball no local data for builtins@https://registry.npmjs.org/builtins/-/builtins-5.1.0.tgz. Extracting by manifest.
725 silly tarball no local data for buffer-from@https://registry.npmjs.org/buffer-from/-/buffer-from-1.1.2.tgz. Extracting by manifest.
726 silly tarball no local data for buffer@https://registry.npmjs.org/buffer/-/buffer-5.7.1.tgz. Extracting by manifest.
727 silly tarball no local data for bser@https://registry.npmjs.org/bser/-/bser-2.1.1.tgz. Extracting by manifest.
728 silly tarball no local data for browserslist@https://registry.npmjs.org/browserslist/-/browserslist-4.23.0.tgz. Extracting by manifest.
729 silly tarball no local data for braces@https://registry.npmjs.org/braces/-/braces-3.0.2.tgz. Extracting by manifest.
730 silly tarball no local data for brace-expansion@https://registry.npmjs.org/brace-expansion/-/brace-expansion-1.1.11.tgz. Extracting by manifest.
731 silly tarball no local data for boxen@https://registry.npmjs.org/boxen/-/boxen-7.0.0.tgz. Extracting by manifest.
732 silly tarball no local data for bootstrap@https://registry.npmjs.org/bootstrap/-/bootstrap-5.3.3.tgz. Extracting by manifest.
733 silly tarball no local data for bluebird@https://registry.npmjs.org/bluebird/-/bluebird-3.7.2.tgz. Extracting by manifest.
734 silly tarball no local data for bl@https://registry.npmjs.org/bl/-/bl-4.1.0.tgz. Extracting by manifest.
735 silly tarball no local data for bindings@https://registry.npmjs.org/bindings/-/bindings-1.5.0.tgz. Extracting by manifest.
736 silly tarball no local data for binary-extensions@https://registry.npmjs.org/binary-extensions/-/binary-extensions-2.2.0.tgz. Extracting by manifest.
737 silly tarball no local data for better-sqlite3@https://registry.npmjs.org/better-sqlite3/-/better-sqlite3-8.7.0.tgz. Extracting by manifest.
738 silly tarball no local data for base64-js@https://registry.npmjs.org/base64-js/-/base64-js-1.5.1.tgz. Extracting by manifest.
739 silly tarball no local data for balanced-match@https://registry.npmjs.org/balanced-match/-/balanced-match-1.0.2.tgz. Extracting by manifest.
740 silly tarball no local data for babel-walk@https://registry.npmjs.org/babel-walk/-/babel-walk-3.0.0-canary-5.tgz. Extracting by manifest.
741 silly tarball no local data for babel-preset-jest@https://registry.npmjs.org/babel-preset-jest/-/babel-preset-jest-29.6.3.tgz. Extracting by manifest.
742 silly tarball no local data for babel-preset-current-node-syntax@https://registry.npmjs.org/babel-preset-current-node-syntax/-/babel-preset-current-node-syntax-1.0.1.tgz. Extracting by manifest.
743 silly tarball no local data for babel-plugin-jest-hoist@https://registry.npmjs.org/babel-plugin-jest-hoist/-/babel-plugin-jest-hoist-29.6.3.tgz. Extracting by manifest.
744 silly tarball no local data for babel-plugin-istanbul@https://registry.npmjs.org/babel-plugin-istanbul/-/babel-plugin-istanbul-6.1.1.tgz. Extracting by manifest.
745 silly tarball no local data for babel-jest@https://registry.npmjs.org/babel-jest/-/babel-jest-29.7.0.tgz. Extracting by manifest.
746 silly tarball no local data for avvio@https://registry.npmjs.org/avvio/-/avvio-8.3.0.tgz. Extracting by manifest.
747 silly tarball no local data for available-typed-arrays@https://registry.npmjs.org/available-typed-arrays/-/available-typed-arrays-1.0.7.tgz. Extracting by manifest.
748 silly tarball no local data for atomic-sleep@https://registry.npmjs.org/atomic-sleep/-/atomic-sleep-1.0.0.tgz. Extracting by manifest.
749 silly tarball no local data for at-least-node@https://registry.npmjs.org/at-least-node/-/at-least-node-1.0.0.tgz. Extracting by manifest.
750 silly tarball no local data for assert-never@https://registry.npmjs.org/assert-never/-/assert-never-1.2.1.tgz. Extracting by manifest.
751 silly tarball no local data for asap@https://registry.npmjs.org/asap/-/asap-2.0.6.tgz. Extracting by manifest.
752 silly tarball no local data for arraybuffer.prototype.slice@https://registry.npmjs.org/arraybuffer.prototype.slice/-/arraybuffer.prototype.slice-1.0.3.tgz. Extracting by manifest.
753 silly tarball no local data for array.prototype.flatmap@https://registry.npmjs.org/array.prototype.flatmap/-/array.prototype.flatmap-1.3.2.tgz. Extracting by manifest.
754 silly tarball no local data for array.prototype.flat@https://registry.npmjs.org/array.prototype.flat/-/array.prototype.flat-1.3.2.tgz. Extracting by manifest.
755 silly tarball no local data for array.prototype.findlastindex@https://registry.npmjs.org/array.prototype.findlastindex/-/array.prototype.findlastindex-1.2.5.tgz. Extracting by manifest.
756 silly tarball no local data for array-union@https://registry.npmjs.org/array-union/-/array-union-2.1.0.tgz. Extracting by manifest.
757 silly tarball no local data for array-buffer-byte-length@https://registry.npmjs.org/array-buffer-byte-length/-/array-buffer-byte-length-1.0.1.tgz. Extracting by manifest.
758 silly tarball no local data for argparse@https://registry.npmjs.org/argparse/-/argparse-2.0.1.tgz. Extracting by manifest.
759 silly tarball no local data for are-we-there-yet@https://registry.npmjs.org/are-we-there-yet/-/are-we-there-yet-3.0.1.tgz. Extracting by manifest.
760 silly tarball no local data for array-includes@https://registry.npmjs.org/array-includes/-/array-includes-3.1.8.tgz. Extracting by manifest.
761 silly tarball no local data for archy@https://registry.npmjs.org/archy/-/archy-1.0.0.tgz. Extracting by manifest.
762 silly tarball no local data for aproba@https://registry.npmjs.org/aproba/-/aproba-2.0.0.tgz. Extracting by manifest.
763 silly tarball no local data for ansi-styles@https://registry.npmjs.org/ansi-styles/-/ansi-styles-4.3.0.tgz. Extracting by manifest.
764 silly tarball no local data for anymatch@https://registry.npmjs.org/anymatch/-/anymatch-3.1.2.tgz. Extracting by manifest.
765 silly tarball no local data for ansi-regex@https://registry.npmjs.org/ansi-regex/-/ansi-regex-5.0.1.tgz. Extracting by manifest.
766 silly tarball no local data for ansi-escapes@https://registry.npmjs.org/ansi-escapes/-/ansi-escapes-4.3.2.tgz. Extracting by manifest.
767 silly tarball no local data for ansi-align@https://registry.npmjs.org/ansi-align/-/ansi-align-3.0.1.tgz. Extracting by manifest.
768 silly tarball no local data for ajv-keywords@https://registry.npmjs.org/ajv-keywords/-/ajv-keywords-3.5.2.tgz. Extracting by manifest.
769 silly tarball no local data for ajv-formats@https://registry.npmjs.org/ajv-formats/-/ajv-formats-2.1.1.tgz. Extracting by manifest.
770 silly tarball no local data for ajv@https://registry.npmjs.org/ajv/-/ajv-6.12.6.tgz. Extracting by manifest.
771 silly tarball no local data for aggregate-error@https://registry.npmjs.org/aggregate-error/-/aggregate-error-3.1.0.tgz. Extracting by manifest.
772 silly tarball no local data for agentkeepalive@https://registry.npmjs.org/agentkeepalive/-/agentkeepalive-4.2.1.tgz. Extracting by manifest.
773 silly tarball no local data for agent-base@https://registry.npmjs.org/agent-base/-/agent-base-6.0.2.tgz. Extracting by manifest.
774 silly tarball no local data for acorn-jsx@https://registry.npmjs.org/acorn-jsx/-/acorn-jsx-5.3.2.tgz. Extracting by manifest.
775 silly tarball no local data for acorn-import-assertions@https://registry.npmjs.org/acorn-import-assertions/-/acorn-import-assertions-1.9.0.tgz. Extracting by manifest.
776 silly tarball no local data for acorn@https://registry.npmjs.org/acorn/-/acorn-8.11.3.tgz. Extracting by manifest.
777 silly tarball no local data for abstract-logging@https://registry.npmjs.org/abstract-logging/-/abstract-logging-2.0.1.tgz. Extracting by manifest.
778 silly tarball no local data for abort-controller@https://registry.npmjs.org/abort-controller/-/abort-controller-3.0.0.tgz. Extracting by manifest.
779 silly tarball no local data for abbrev@https://registry.npmjs.org/abbrev/-/abbrev-1.1.1.tgz. Extracting by manifest.
780 silly tarball no local data for @webpack-cli/info@https://registry.npmjs.org/@webpack-cli/info/-/info-2.0.2.tgz. Extracting by manifest.
781 silly tarball no local data for @webpack-cli/configtest@https://registry.npmjs.org/@webpack-cli/configtest/-/configtest-2.1.1.tgz. Extracting by manifest.
782 silly tarball no local data for @xtuc/long@https://registry.npmjs.org/@xtuc/long/-/long-4.2.2.tgz. Extracting by manifest.
783 silly tarball no local data for @webassemblyjs/wast-printer@https://registry.npmjs.org/@webassemblyjs/wast-printer/-/wast-printer-1.12.1.tgz. Extracting by manifest.
784 silly tarball no local data for @webassemblyjs/wasm-parser@https://registry.npmjs.org/@webassemblyjs/wasm-parser/-/wasm-parser-1.12.1.tgz. Extracting by manifest.
785 silly tarball no local data for @webassemblyjs/wasm-opt@https://registry.npmjs.org/@webassemblyjs/wasm-opt/-/wasm-opt-1.12.1.tgz. Extracting by manifest.
786 silly tarball no local data for @webassemblyjs/wasm-gen@https://registry.npmjs.org/@webassemblyjs/wasm-gen/-/wasm-gen-1.12.1.tgz. Extracting by manifest.
787 silly tarball no local data for @webassemblyjs/wasm-edit@https://registry.npmjs.org/@webassemblyjs/wasm-edit/-/wasm-edit-1.12.1.tgz. Extracting by manifest.
788 silly tarball no local data for @webassemblyjs/utf8@https://registry.npmjs.org/@webassemblyjs/utf8/-/utf8-1.11.6.tgz. Extracting by manifest.
789 silly tarball no local data for @webassemblyjs/leb128@https://registry.npmjs.org/@webassemblyjs/leb128/-/leb128-1.11.6.tgz. Extracting by manifest.
790 silly tarball no local data for @webassemblyjs/ieee754@https://registry.npmjs.org/@webassemblyjs/ieee754/-/ieee754-1.11.6.tgz. Extracting by manifest.
791 silly tarball no local data for @webassemblyjs/helper-wasm-section@https://registry.npmjs.org/@webassemblyjs/helper-wasm-section/-/helper-wasm-section-1.12.1.tgz. Extracting by manifest.
792 silly tarball no local data for @webassemblyjs/helper-wasm-bytecode@https://registry.npmjs.org/@webassemblyjs/helper-wasm-bytecode/-/helper-wasm-bytecode-1.11.6.tgz. Extracting by manifest.
793 silly tarball no local data for @webassemblyjs/helper-numbers@https://registry.npmjs.org/@webassemblyjs/helper-numbers/-/helper-numbers-1.11.6.tgz. Extracting by manifest.
794 silly tarball no local data for @webassemblyjs/helper-buffer@https://registry.npmjs.org/@webassemblyjs/helper-buffer/-/helper-buffer-1.12.1.tgz. Extracting by manifest.
795 silly tarball no local data for @webassemblyjs/helper-api-error@https://registry.npmjs.org/@webassemblyjs/helper-api-error/-/helper-api-error-1.11.6.tgz. Extracting by manifest.
796 silly tarball no local data for @webassemblyjs/floating-point-hex-parser@https://registry.npmjs.org/@webassemblyjs/floating-point-hex-parser/-/floating-point-hex-parser-1.11.6.tgz. Extracting by manifest.
797 silly tarball no local data for @webassemblyjs/ast@https://registry.npmjs.org/@webassemblyjs/ast/-/ast-1.12.1.tgz. Extracting by manifest.
798 silly tarball no local data for @vscode/sqlite3@https://registry.npmjs.org/@vscode/sqlite3/-/sqlite3-5.1.2.tgz. Extracting by manifest.
799 silly tarball no local data for @ungap/structured-clone@https://registry.npmjs.org/@ungap/structured-clone/-/structured-clone-1.2.0.tgz. Extracting by manifest.
800 silly tarball no local data for @types/yargs@https://registry.npmjs.org/@types/yargs/-/yargs-17.0.32.tgz. Extracting by manifest.
801 silly tarball no local data for @types/validator@https://registry.npmjs.org/@types/validator/-/validator-13.11.9.tgz. Extracting by manifest.
802 silly tarball no local data for @types/yargs-parser@https://registry.npmjs.org/@types/yargs-parser/-/yargs-parser-21.0.3.tgz. Extracting by manifest.
803 silly tarball no local data for @types/stack-utils@https://registry.npmjs.org/@types/stack-utils/-/stack-utils-2.0.3.tgz. Extracting by manifest.
804 silly tarball no local data for @types/semver-utils@https://registry.npmjs.org/@types/semver-utils/-/semver-utils-1.1.3.tgz. Extracting by manifest.
805 silly tarball no local data for @types/stack-trace@https://registry.npmjs.org/@types/stack-trace/-/stack-trace-0.0.29.tgz. Extracting by manifest.
806 silly tarball no local data for @types/responselike@https://registry.npmjs.org/@types/responselike/-/responselike-1.0.0.tgz. Extracting by manifest.
807 silly tarball no local data for @types/node@https://registry.npmjs.org/@types/node/-/node-20.12.7.tgz. Extracting by manifest.
808 silly tarball no local data for @types/ms@https://registry.npmjs.org/@types/ms/-/ms-0.7.34.tgz. Extracting by manifest.
809 silly tarball no local data for @types/keyv@https://registry.npmjs.org/@types/keyv/-/keyv-3.1.4.tgz. Extracting by manifest.
810 silly tarball no local data for @types/json5@https://registry.npmjs.org/@types/json5/-/json5-0.0.29.tgz. Extracting by manifest.
811 silly tarball no local data for @types/jest@https://registry.npmjs.org/@types/jest/-/jest-29.5.12.tgz. Extracting by manifest.
812 silly tarball no local data for @xtuc/ieee754@https://registry.npmjs.org/@xtuc/ieee754/-/ieee754-1.2.0.tgz. Extracting by manifest.
813 silly tarball no local data for @types/istanbul-reports@https://registry.npmjs.org/@types/istanbul-reports/-/istanbul-reports-3.0.4.tgz. Extracting by manifest.
814 silly tarball no local data for @types/istanbul-lib-report@https://registry.npmjs.org/@types/istanbul-lib-report/-/istanbul-lib-report-3.0.3.tgz. Extracting by manifest.
815 silly tarball no local data for @types/istanbul-lib-coverage@https://registry.npmjs.org/@types/istanbul-lib-coverage/-/istanbul-lib-coverage-2.0.6.tgz. Extracting by manifest.
816 silly tarball no local data for @types/http-cache-semantics@https://registry.npmjs.org/@types/http-cache-semantics/-/http-cache-semantics-4.0.1.tgz. Extracting by manifest.
817 silly tarball no local data for @types/graceful-fs@https://registry.npmjs.org/@types/graceful-fs/-/graceful-fs-4.1.9.tgz. Extracting by manifest.
818 silly tarball no local data for @types/estree@https://registry.npmjs.org/@types/estree/-/estree-1.0.5.tgz. Extracting by manifest.
819 silly tarball no local data for @types/eslint-scope@https://registry.npmjs.org/@types/eslint-scope/-/eslint-scope-3.7.4.tgz. Extracting by manifest.
820 silly tarball no local data for @types/eslint@https://registry.npmjs.org/@types/eslint/-/eslint-8.4.6.tgz. Extracting by manifest.
821 silly tarball no local data for @types/debug@https://registry.npmjs.org/@types/debug/-/debug-4.1.12.tgz. Extracting by manifest.
822 silly tarball no local data for @types/cacheable-request@https://registry.npmjs.org/@types/cacheable-request/-/cacheable-request-6.0.2.tgz. Extracting by manifest.
823 silly tarball no local data for @types/babel__traverse@https://registry.npmjs.org/@types/babel__traverse/-/babel__traverse-7.20.5.tgz. Extracting by manifest.
824 silly tarball no local data for @types/babel__template@https://registry.npmjs.org/@types/babel__template/-/babel__template-7.4.4.tgz. Extracting by manifest.
825 silly tarball no local data for @types/babel__generator@https://registry.npmjs.org/@types/babel__generator/-/babel__generator-7.6.8.tgz. Extracting by manifest.
826 silly tarball no local data for @types/babel__core@https://registry.npmjs.org/@types/babel__core/-/babel__core-7.20.5.tgz. Extracting by manifest.
827 silly tarball no local data for @tufjs/models@https://registry.npmjs.org/@tufjs/models/-/models-1.0.4.tgz. Extracting by manifest.
828 silly tarball no local data for @tufjs/canonical-json@https://registry.npmjs.org/@tufjs/canonical-json/-/canonical-json-1.0.0.tgz. Extracting by manifest.
829 silly tarball no local data for @tootallnate/once@https://registry.npmjs.org/@tootallnate/once/-/once-2.0.0.tgz. Extracting by manifest.
830 silly tarball no local data for @szmarczak/http-timer@https://registry.npmjs.org/@szmarczak/http-timer/-/http-timer-5.0.1.tgz. Extracting by manifest.
831 silly tarball no local data for @sinonjs/fake-timers@https://registry.npmjs.org/@sinonjs/fake-timers/-/fake-timers-10.3.0.tgz. Extracting by manifest.
832 silly tarball no local data for @sindresorhus/is@https://registry.npmjs.org/@sindresorhus/is/-/is-5.3.0.tgz. Extracting by manifest.
833 silly tarball no local data for @sinclair/typebox@https://registry.npmjs.org/@sinclair/typebox/-/typebox-0.27.8.tgz. Extracting by manifest.
834 silly tarball no local data for @sinonjs/commons@https://registry.npmjs.org/@sinonjs/commons/-/commons-3.0.1.tgz. Extracting by manifest.
835 silly tarball no local data for @sigstore/tuf@https://registry.npmjs.org/@sigstore/tuf/-/tuf-1.0.3.tgz. Extracting by manifest.
836 silly tarball no local data for @sigstore/sign@https://registry.npmjs.org/@sigstore/sign/-/sign-1.0.0.tgz. Extracting by manifest.
837 silly tarball no local data for @sigstore/protobuf-specs@https://registry.npmjs.org/@sigstore/protobuf-specs/-/protobuf-specs-0.2.1.tgz. Extracting by manifest.
838 silly tarball no local data for @sigstore/bundle@https://registry.npmjs.org/@sigstore/bundle/-/bundle-1.1.0.tgz. Extracting by manifest.
839 silly tarball no local data for @rails/ujs@https://registry.npmjs.org/@rails/ujs/-/ujs-7.1.3-2.tgz. Extracting by manifest.
840 silly tarball no local data for @popperjs/core@https://registry.npmjs.org/@popperjs/core/-/core-2.11.8.tgz. Extracting by manifest.
841 silly tarball no local data for @pnpm/network.ca-file@https://registry.npmjs.org/@pnpm/network.ca-file/-/network.ca-file-1.0.1.tgz. Extracting by manifest.
842 silly tarball no local data for @pnpm/npm-conf@https://registry.npmjs.org/@pnpm/npm-conf/-/npm-conf-1.0.5.tgz. Extracting by manifest.
843 silly tarball no local data for @webpack-cli/serve@https://registry.npmjs.org/@webpack-cli/serve/-/serve-2.0.5.tgz. Extracting by manifest.
844 silly tarball no local data for @pkgjs/parseargs@https://registry.npmjs.org/@pkgjs/parseargs/-/parseargs-0.11.0.tgz. Extracting by manifest.
845 silly tarball no local data for @one-ini/wasm@https://registry.npmjs.org/@one-ini/wasm/-/wasm-0.1.1.tgz. Extracting by manifest.
846 silly tarball no local data for @npmcli/promise-spawn@https://registry.npmjs.org/@npmcli/promise-spawn/-/promise-spawn-6.0.2.tgz. Extracting by manifest.
847 silly tarball no local data for @npmcli/run-script@https://registry.npmjs.org/@npmcli/run-script/-/run-script-6.0.2.tgz. Extracting by manifest.
848 silly tarball no local data for @npmcli/node-gyp@https://registry.npmjs.org/@npmcli/node-gyp/-/node-gyp-3.0.0.tgz. Extracting by manifest.
849 silly tarball no local data for @npmcli/move-file@https://registry.npmjs.org/@npmcli/move-file/-/move-file-2.0.1.tgz. Extracting by manifest.
850 silly tarball no local data for @npmcli/installed-package-contents@https://registry.npmjs.org/@npmcli/installed-package-contents/-/installed-package-contents-2.0.2.tgz. Extracting by manifest.
851 silly tarball no local data for @npmcli/git@https://registry.npmjs.org/@npmcli/git/-/git-4.1.0.tgz. Extracting by manifest.
852 silly tarball no local data for @npmcli/fs@https://registry.npmjs.org/@npmcli/fs/-/fs-3.1.0.tgz. Extracting by manifest.
853 silly tarball no local data for @nodelib/fs.stat@https://registry.npmjs.org/@nodelib/fs.stat/-/fs.stat-2.0.5.tgz. Extracting by manifest.
854 silly tarball no local data for @nodelib/fs.walk@https://registry.npmjs.org/@nodelib/fs.walk/-/fs.walk-1.2.8.tgz. Extracting by manifest.
855 silly tarball no local data for @nodelib/fs.scandir@https://registry.npmjs.org/@nodelib/fs.scandir/-/fs.scandir-2.1.5.tgz. Extracting by manifest.
856 silly tarball no local data for @lukeed/ms@https://registry.npmjs.org/@lukeed/ms/-/ms-2.0.2.tgz. Extracting by manifest.
857 silly tarball no local data for @jridgewell/trace-mapping@https://registry.npmjs.org/@jridgewell/trace-mapping/-/trace-mapping-0.3.25.tgz. Extracting by manifest.
858 silly tarball no local data for @jridgewell/sourcemap-codec@https://registry.npmjs.org/@jridgewell/sourcemap-codec/-/sourcemap-codec-1.4.15.tgz. Extracting by manifest.
859 silly tarball no local data for @jridgewell/source-map@https://registry.npmjs.org/@jridgewell/source-map/-/source-map-0.3.6.tgz. Extracting by manifest.
860 silly tarball no local data for @jridgewell/set-array@https://registry.npmjs.org/@jridgewell/set-array/-/set-array-1.2.1.tgz. Extracting by manifest.
861 silly tarball no local data for @jridgewell/resolve-uri@https://registry.npmjs.org/@jridgewell/resolve-uri/-/resolve-uri-3.1.2.tgz. Extracting by manifest.
862 silly tarball no local data for @jridgewell/gen-mapping@https://registry.npmjs.org/@jridgewell/gen-mapping/-/gen-mapping-0.3.5.tgz. Extracting by manifest.
863 silly tarball no local data for @jest/types@https://registry.npmjs.org/@jest/types/-/types-29.6.3.tgz. Extracting by manifest.
864 silly tarball no local data for @jest/transform@https://registry.npmjs.org/@jest/transform/-/transform-29.7.0.tgz. Extracting by manifest.
865 silly tarball no local data for @jest/test-result@https://registry.npmjs.org/@jest/test-result/-/test-result-29.7.0.tgz. Extracting by manifest.
866 silly tarball no local data for @jest/test-sequencer@https://registry.npmjs.org/@jest/test-sequencer/-/test-sequencer-29.7.0.tgz. Extracting by manifest.
867 silly tarball no local data for @jest/source-map@https://registry.npmjs.org/@jest/source-map/-/source-map-29.6.3.tgz. Extracting by manifest.
868 silly tarball no local data for @jest/schemas@https://registry.npmjs.org/@jest/schemas/-/schemas-29.6.3.tgz. Extracting by manifest.
869 silly tarball no local data for @jest/reporters@https://registry.npmjs.org/@jest/reporters/-/reporters-29.7.0.tgz. Extracting by manifest.
870 silly tarball no local data for @jest/globals@https://registry.npmjs.org/@jest/globals/-/globals-29.7.0.tgz. Extracting by manifest.
871 silly tarball no local data for @jest/fake-timers@https://registry.npmjs.org/@jest/fake-timers/-/fake-timers-29.7.0.tgz. Extracting by manifest.
872 silly tarball no local data for @jest/expect-utils@https://registry.npmjs.org/@jest/expect-utils/-/expect-utils-29.7.0.tgz. Extracting by manifest.
873 silly tarball no local data for @jest/expect@https://registry.npmjs.org/@jest/expect/-/expect-29.7.0.tgz. Extracting by manifest.
874 silly tarball no local data for @jest/environment@https://registry.npmjs.org/@jest/environment/-/environment-29.7.0.tgz. Extracting by manifest.
875 silly tarball no local data for @jest/core@https://registry.npmjs.org/@jest/core/-/core-29.7.0.tgz. Extracting by manifest.
876 silly tarball no local data for @jest/console@https://registry.npmjs.org/@jest/console/-/console-29.7.0.tgz. Extracting by manifest.
877 silly tarball no local data for @istanbuljs/schema@https://registry.npmjs.org/@istanbuljs/schema/-/schema-0.1.3.tgz. Extracting by manifest.
878 silly tarball no local data for @istanbuljs/load-nyc-config@https://registry.npmjs.org/@istanbuljs/load-nyc-config/-/load-nyc-config-1.1.0.tgz. Extracting by manifest.
879 silly tarball no local data for @isaacs/cliui@https://registry.npmjs.org/@isaacs/cliui/-/cliui-8.0.2.tgz. Extracting by manifest.
880 silly tarball no local data for @humanwhocodes/module-importer@https://registry.npmjs.org/@humanwhocodes/module-importer/-/module-importer-1.0.1.tgz. Extracting by manifest.
881 silly tarball no local data for @humanwhocodes/object-schema@https://registry.npmjs.org/@humanwhocodes/object-schema/-/object-schema-2.0.3.tgz. Extracting by manifest.
882 silly tarball no local data for @humanwhocodes/config-array@https://registry.npmjs.org/@humanwhocodes/config-array/-/config-array-0.11.14.tgz. Extracting by manifest.
883 silly tarball no local data for @fastify/static@https://registry.npmjs.org/@fastify/static/-/static-7.0.3.tgz. Extracting by manifest.
884 silly tarball no local data for @fastify/view@https://registry.npmjs.org/@fastify/view/-/view-9.0.0.tgz. Extracting by manifest.
885 silly tarball no local data for @gar/promisify@https://registry.npmjs.org/@gar/promisify/-/promisify-1.1.3.tgz. Extracting by manifest.
886 silly tarball no local data for @fastify/sensible@https://registry.npmjs.org/@fastify/sensible/-/sensible-5.5.0.tgz. Extracting by manifest.
887 silly tarball no local data for @fastify/send@https://registry.npmjs.org/@fastify/send/-/send-2.1.0.tgz. Extracting by manifest.
888 silly tarball no local data for @fastify/secure-session@https://registry.npmjs.org/@fastify/secure-session/-/secure-session-7.5.1.tgz. Extracting by manifest.
889 silly tarball no local data for @fastify/merge-json-schemas@https://registry.npmjs.org/@fastify/merge-json-schemas/-/merge-json-schemas-0.1.1.tgz. Extracting by manifest.
890 silly tarball no local data for @fastify/formbody@https://registry.npmjs.org/@fastify/formbody/-/formbody-7.4.0.tgz. Extracting by manifest.
891 silly tarball no local data for @fastify/flash@https://registry.npmjs.org/@fastify/flash/-/flash-5.1.0.tgz. Extracting by manifest.
892 silly tarball no local data for @fastify/fast-json-stringify-compiler@https://registry.npmjs.org/@fastify/fast-json-stringify-compiler/-/fast-json-stringify-compiler-4.3.0.tgz. Extracting by manifest.
893 silly tarball no local data for @fastify/error@https://registry.npmjs.org/@fastify/error/-/error-3.4.1.tgz. Extracting by manifest.
894 silly tarball no local data for @fastify/cookie@https://registry.npmjs.org/@fastify/cookie/-/cookie-9.3.1.tgz. Extracting by manifest.
895 silly tarball no local data for @fastify/deepmerge@https://registry.npmjs.org/@fastify/deepmerge/-/deepmerge-1.3.0.tgz. Extracting by manifest.
896 silly tarball no local data for @fastify/ajv-compiler@https://registry.npmjs.org/@fastify/ajv-compiler/-/ajv-compiler-3.5.0.tgz. Extracting by manifest.
897 silly tarball no local data for @fastify/accept-negotiator@https://registry.npmjs.org/@fastify/accept-negotiator/-/accept-negotiator-1.0.0.tgz. Extracting by manifest.
898 silly tarball no local data for @eslint/eslintrc@https://registry.npmjs.org/@eslint/eslintrc/-/eslintrc-3.0.2.tgz. Extracting by manifest.
899 silly tarball no local data for @eslint/js@https://registry.npmjs.org/@eslint/js/-/js-9.1.1.tgz. Extracting by manifest.
900 silly tarball no local data for @eslint-community/regexpp@https://registry.npmjs.org/@eslint-community/regexpp/-/regexpp-4.10.0.tgz. Extracting by manifest.
901 silly tarball no local data for @eslint-community/eslint-utils@https://registry.npmjs.org/@eslint-community/eslint-utils/-/eslint-utils-4.4.0.tgz. Extracting by manifest.
902 silly tarball no local data for @types/json-schema@https://registry.npmjs.org/@types/json-schema/-/json-schema-7.0.11.tgz. Extracting by manifest.
903 silly tarball no local data for @discoveryjs/json-ext@https://registry.npmjs.org/@discoveryjs/json-ext/-/json-ext-0.5.7.tgz. Extracting by manifest.
904 silly tarball no local data for @colors/colors@https://registry.npmjs.org/@colors/colors/-/colors-1.5.0.tgz. Extracting by manifest.
905 silly tarball no local data for @bcoe/v8-coverage@https://registry.npmjs.org/@bcoe/v8-coverage/-/v8-coverage-0.2.3.tgz. Extracting by manifest.
906 silly tarball no local data for @babel/traverse@https://registry.npmjs.org/@babel/traverse/-/traverse-7.24.1.tgz. Extracting by manifest.
907 silly tarball no local data for @babel/types@https://registry.npmjs.org/@babel/types/-/types-7.24.0.tgz. Extracting by manifest.
908 silly tarball no local data for @babel/runtime@https://registry.npmjs.org/@babel/runtime/-/runtime-7.24.4.tgz. Extracting by manifest.
909 silly tarball no local data for @babel/plugin-syntax-typescript@https://registry.npmjs.org/@babel/plugin-syntax-typescript/-/plugin-syntax-typescript-7.24.1.tgz. Extracting by manifest.
910 silly tarball no local data for @babel/plugin-syntax-optional-chaining@https://registry.npmjs.org/@babel/plugin-syntax-optional-chaining/-/plugin-syntax-optional-chaining-7.8.3.tgz. Extracting by manifest.
911 silly tarball no local data for @babel/plugin-syntax-top-level-await@https://registry.npmjs.org/@babel/plugin-syntax-top-level-await/-/plugin-syntax-top-level-await-7.14.5.tgz. Extracting by manifest.
912 silly tarball no local data for @babel/template@https://registry.npmjs.org/@babel/template/-/template-7.24.0.tgz. Extracting by manifest.
913 silly tarball no local data for @babel/plugin-syntax-optional-catch-binding@https://registry.npmjs.org/@babel/plugin-syntax-optional-catch-binding/-/plugin-syntax-optional-catch-binding-7.8.3.tgz. Extracting by manifest.
914 silly tarball no local data for @babel/plugin-syntax-object-rest-spread@https://registry.npmjs.org/@babel/plugin-syntax-object-rest-spread/-/plugin-syntax-object-rest-spread-7.8.3.tgz. Extracting by manifest.
915 silly tarball no local data for @babel/plugin-syntax-numeric-separator@https://registry.npmjs.org/@babel/plugin-syntax-numeric-separator/-/plugin-syntax-numeric-separator-7.10.4.tgz. Extracting by manifest.
916 silly tarball no local data for @babel/plugin-syntax-logical-assignment-operators@https://registry.npmjs.org/@babel/plugin-syntax-logical-assignment-operators/-/plugin-syntax-logical-assignment-operators-7.10.4.tgz. Extracting by manifest.
917 silly tarball no local data for @babel/plugin-syntax-nullish-coalescing-operator@https://registry.npmjs.org/@babel/plugin-syntax-nullish-coalescing-operator/-/plugin-syntax-nullish-coalescing-operator-7.8.3.tgz. Extracting by manifest.
918 silly tarball no local data for @babel/plugin-syntax-jsx@https://registry.npmjs.org/@babel/plugin-syntax-jsx/-/plugin-syntax-jsx-7.24.1.tgz. Extracting by manifest.
919 silly tarball no local data for @babel/plugin-syntax-json-strings@https://registry.npmjs.org/@babel/plugin-syntax-json-strings/-/plugin-syntax-json-strings-7.8.3.tgz. Extracting by manifest.
920 silly tarball no local data for @babel/plugin-syntax-import-meta@https://registry.npmjs.org/@babel/plugin-syntax-import-meta/-/plugin-syntax-import-meta-7.10.4.tgz. Extracting by manifest.
921 silly tarball no local data for @babel/plugin-syntax-class-properties@https://registry.npmjs.org/@babel/plugin-syntax-class-properties/-/plugin-syntax-class-properties-7.12.13.tgz. Extracting by manifest.
922 silly tarball no local data for @babel/plugin-syntax-bigint@https://registry.npmjs.org/@babel/plugin-syntax-bigint/-/plugin-syntax-bigint-7.8.3.tgz. Extracting by manifest.
923 silly tarball no local data for @babel/plugin-syntax-async-generators@https://registry.npmjs.org/@babel/plugin-syntax-async-generators/-/plugin-syntax-async-generators-7.8.4.tgz. Extracting by manifest.
924 silly tarball no local data for @babel/parser@https://registry.npmjs.org/@babel/parser/-/parser-7.24.4.tgz. Extracting by manifest.
925 silly tarball no local data for @babel/helpers@https://registry.npmjs.org/@babel/helpers/-/helpers-7.24.4.tgz. Extracting by manifest.
926 silly tarball no local data for @babel/highlight@https://registry.npmjs.org/@babel/highlight/-/highlight-7.24.2.tgz. Extracting by manifest.
927 silly tarball no local data for @babel/helper-validator-option@https://registry.npmjs.org/@babel/helper-validator-option/-/helper-validator-option-7.23.5.tgz. Extracting by manifest.
928 silly tarball no local data for @babel/helper-validator-identifier@https://registry.npmjs.org/@babel/helper-validator-identifier/-/helper-validator-identifier-7.22.20.tgz. Extracting by manifest.
929 silly tarball no local data for @babel/helper-string-parser@https://registry.npmjs.org/@babel/helper-string-parser/-/helper-string-parser-7.24.1.tgz. Extracting by manifest.
930 silly tarball no local data for @babel/helper-split-export-declaration@https://registry.npmjs.org/@babel/helper-split-export-declaration/-/helper-split-export-declaration-7.22.6.tgz. Extracting by manifest.
931 silly tarball no local data for @babel/helper-simple-access@https://registry.npmjs.org/@babel/helper-simple-access/-/helper-simple-access-7.22.5.tgz. Extracting by manifest.
932 silly tarball no local data for @babel/helper-plugin-utils@https://registry.npmjs.org/@babel/helper-plugin-utils/-/helper-plugin-utils-7.24.0.tgz. Extracting by manifest.
933 silly tarball no local data for @babel/helper-module-transforms@https://registry.npmjs.org/@babel/helper-module-transforms/-/helper-module-transforms-7.23.3.tgz. Extracting by manifest.
934 silly tarball no local data for @babel/helper-function-name@https://registry.npmjs.org/@babel/helper-function-name/-/helper-function-name-7.23.0.tgz. Extracting by manifest.
935 silly tarball no local data for @babel/helper-hoist-variables@https://registry.npmjs.org/@babel/helper-hoist-variables/-/helper-hoist-variables-7.22.5.tgz. Extracting by manifest.
936 silly tarball no local data for @babel/helper-module-imports@https://registry.npmjs.org/@babel/helper-module-imports/-/helper-module-imports-7.24.3.tgz. Extracting by manifest.
937 silly tarball no local data for @babel/helper-environment-visitor@https://registry.npmjs.org/@babel/helper-environment-visitor/-/helper-environment-visitor-7.22.20.tgz. Extracting by manifest.
938 silly tarball no local data for @babel/generator@https://registry.npmjs.org/@babel/generator/-/generator-7.24.4.tgz. Extracting by manifest.
939 silly tarball no local data for @babel/compat-data@https://registry.npmjs.org/@babel/compat-data/-/compat-data-7.24.4.tgz. Extracting by manifest.
940 silly tarball no local data for @babel/core@https://registry.npmjs.org/@babel/core/-/core-7.24.4.tgz. Extracting by manifest.
941 silly tarball no local data for @babel/helper-compilation-targets@https://registry.npmjs.org/@babel/helper-compilation-targets/-/helper-compilation-targets-7.23.6.tgz. Extracting by manifest.
942 silly tarball no local data for @babel/code-frame@https://registry.npmjs.org/@babel/code-frame/-/code-frame-7.24.2.tgz. Extracting by manifest.
943 silly tarball no local data for @ampproject/remapping@https://registry.npmjs.org/@ampproject/remapping/-/remapping-2.3.0.tgz. Extracting by manifest.
944 silly tarball no local data for @aashutoshrathi/word-wrap@https://registry.npmjs.org/@aashutoshrathi/word-wrap/-/word-wrap-1.2.6.tgz. Extracting by manifest.
945 silly tarball no local data for cookie@https://registry.npmjs.org/cookie/-/cookie-0.4.2.tgz. Extracting by manifest.
946 silly tarball no local data for strip-ansi@https://registry.npmjs.org/strip-ansi/-/strip-ansi-7.0.1.tgz. Extracting by manifest.
947 silly tarball no local data for string-width@https://registry.npmjs.org/string-width/-/string-width-5.1.2.tgz. Extracting by manifest.
948 silly tarball no local data for ansi-styles@https://registry.npmjs.org/ansi-styles/-/ansi-styles-6.1.0.tgz. Extracting by manifest.
949 silly tarball no local data for emoji-regex@https://registry.npmjs.org/emoji-regex/-/emoji-regex-9.2.2.tgz. Extracting by manifest.
950 silly tarball no local data for ansi-regex@https://registry.npmjs.org/ansi-regex/-/ansi-regex-6.0.1.tgz. Extracting by manifest.
951 silly tarball no local data for strip-ansi@https://registry.npmjs.org/strip-ansi/-/strip-ansi-7.0.1.tgz. Extracting by manifest.
952 silly tarball no local data for string-width@https://registry.npmjs.org/string-width/-/string-width-5.1.2.tgz. Extracting by manifest.
953 silly tarball no local data for emoji-regex@https://registry.npmjs.org/emoji-regex/-/emoji-regex-9.2.2.tgz. Extracting by manifest.
954 silly tarball no local data for ansi-regex@https://registry.npmjs.org/ansi-regex/-/ansi-regex-6.0.1.tgz. Extracting by manifest.
955 silly tarball no local data for interpret@https://registry.npmjs.org/interpret/-/interpret-3.1.1.tgz. Extracting by manifest.
956 silly tarball no local data for schema-utils@https://registry.npmjs.org/schema-utils/-/schema-utils-3.3.0.tgz. Extracting by manifest.
957 silly tarball no local data for graceful-fs@https://registry.npmjs.org/graceful-fs/-/graceful-fs-4.2.11.tgz. Extracting by manifest.
958 silly tarball no local data for eslint-scope@https://registry.npmjs.org/eslint-scope/-/eslint-scope-5.1.1.tgz. Extracting by manifest.
959 silly tarball no local data for chalk@https://registry.npmjs.org/chalk/-/chalk-5.0.1.tgz. Extracting by manifest.
960 silly tarball no local data for estraverse@https://registry.npmjs.org/estraverse/-/estraverse-4.3.0.tgz. Extracting by manifest.
961 silly tarball no local data for strip-bom@https://registry.npmjs.org/strip-bom/-/strip-bom-3.0.0.tgz. Extracting by manifest.
962 silly tarball no local data for json5@https://registry.npmjs.org/json5/-/json5-1.0.2.tgz. Extracting by manifest.
963 silly tarball no local data for glob@https://registry.npmjs.org/glob/-/glob-7.2.3.tgz. Extracting by manifest.
964 silly tarball no local data for supports-color@https://registry.npmjs.org/supports-color/-/supports-color-8.1.1.tgz. Extracting by manifest.
965 silly tarball no local data for schema-utils@https://registry.npmjs.org/schema-utils/-/schema-utils-3.3.0.tgz. Extracting by manifest.
966 silly tarball no local data for jest-worker@https://registry.npmjs.org/jest-worker/-/jest-worker-27.5.1.tgz. Extracting by manifest.
967 silly tarball no local data for source-map-support@https://registry.npmjs.org/source-map-support/-/source-map-support-0.5.21.tgz. Extracting by manifest.
968 silly tarball no local data for commander@https://registry.npmjs.org/commander/-/commander-2.20.3.tgz. Extracting by manifest.
969 silly tarball no local data for chownr@https://registry.npmjs.org/chownr/-/chownr-1.1.4.tgz. Extracting by manifest.
970 silly tarball no local data for escape-string-regexp@https://registry.npmjs.org/escape-string-regexp/-/escape-string-regexp-2.0.0.tgz. Extracting by manifest.
971 silly tarball no local data for minipass@https://registry.npmjs.org/minipass/-/minipass-7.0.4.tgz. Extracting by manifest.
972 silly tarball no local data for ssri@https://registry.npmjs.org/ssri/-/ssri-8.0.1.tgz. Extracting by manifest.
973 silly tarball no local data for socks-proxy-agent@https://registry.npmjs.org/socks-proxy-agent/-/socks-proxy-agent-6.2.1.tgz. Extracting by manifest.
974 silly tarball no local data for node-gyp@https://registry.npmjs.org/node-gyp/-/node-gyp-8.4.1.tgz. Extracting by manifest.
975 silly tarball no local data for node-addon-api@https://registry.npmjs.org/node-addon-api/-/node-addon-api-7.1.0.tgz. Extracting by manifest.
976 silly tarball no local data for minipass-fetch@https://registry.npmjs.org/minipass-fetch/-/minipass-fetch-1.4.1.tgz. Extracting by manifest.
977 silly tarball no local data for make-fetch-happen@https://registry.npmjs.org/make-fetch-happen/-/make-fetch-happen-9.1.0.tgz. Extracting by manifest.
978 silly tarball no local data for lru-cache@https://registry.npmjs.org/lru-cache/-/lru-cache-6.0.0.tgz. Extracting by manifest.
979 silly tarball no local data for http-proxy-agent@https://registry.npmjs.org/http-proxy-agent/-/http-proxy-agent-4.0.1.tgz. Extracting by manifest.
980 silly tarball no local data for glob@https://registry.npmjs.org/glob/-/glob-7.2.3.tgz. Extracting by manifest.
981 silly tarball no local data for cacache@https://registry.npmjs.org/cacache/-/cacache-15.3.0.tgz. Extracting by manifest.
982 silly tarball no local data for @npmcli/move-file@https://registry.npmjs.org/@npmcli/move-file/-/move-file-1.1.2.tgz. Extracting by manifest.
983 silly tarball no local data for @tootallnate/once@https://registry.npmjs.org/@tootallnate/once/-/once-1.1.2.tgz. Extracting by manifest.
984 silly tarball no local data for @npmcli/fs@https://registry.npmjs.org/@npmcli/fs/-/fs-1.1.1.tgz. Extracting by manifest.
985 silly tarball no local data for yargs-parser@https://registry.npmjs.org/yargs-parser/-/yargs-parser-20.2.9.tgz. Extracting by manifest.
986 silly tarball no local data for yargs@https://registry.npmjs.org/yargs/-/yargs-16.2.0.tgz. Extracting by manifest.
987 silly tarball no local data for wrap-ansi@https://registry.npmjs.org/wrap-ansi/-/wrap-ansi-7.0.0.tgz. Extracting by manifest.
988 silly tarball no local data for cliui@https://registry.npmjs.org/cliui/-/cliui-7.0.4.tgz. Extracting by manifest.
989 silly tarball no local data for lru-cache@https://registry.npmjs.org/lru-cache/-/lru-cache-6.0.0.tgz. Extracting by manifest.
990 silly tarball no local data for json-schema-traverse@https://registry.npmjs.org/json-schema-traverse/-/json-schema-traverse-1.0.0.tgz. Extracting by manifest.
991 silly tarball no local data for ajv-keywords@https://registry.npmjs.org/ajv-keywords/-/ajv-keywords-5.1.0.tgz. Extracting by manifest.
992 silly tarball no local data for ajv@https://registry.npmjs.org/ajv/-/ajv-8.11.0.tgz. Extracting by manifest.
993 silly tarball no local data for glob@https://registry.npmjs.org/glob/-/glob-7.2.3.tgz. Extracting by manifest.
994 silly tarball no local data for lowercase-keys@https://registry.npmjs.org/lowercase-keys/-/lowercase-keys-2.0.0.tgz. Extracting by manifest.
995 silly tarball no local data for json-parse-even-better-errors@https://registry.npmjs.org/json-parse-even-better-errors/-/json-parse-even-better-errors-3.0.1.tgz. Extracting by manifest.
996 silly tarball no local data for json-parse-even-better-errors@https://registry.npmjs.org/json-parse-even-better-errors/-/json-parse-even-better-errors-3.0.1.tgz. Extracting by manifest.
997 silly tarball no local data for strip-json-comments@https://registry.npmjs.org/strip-json-comments/-/strip-json-comments-2.0.1.tgz. Extracting by manifest.
998 silly tarball no local data for ini@https://registry.npmjs.org/ini/-/ini-1.3.8.tgz. Extracting by manifest.
999 silly tarball no local data for kleur@https://registry.npmjs.org/kleur/-/kleur-4.1.5.tgz. Extracting by manifest.
1000 silly tarball no local data for ansi-styles@https://registry.npmjs.org/ansi-styles/-/ansi-styles-5.2.0.tgz. Extracting by manifest.
1001 silly tarball no local data for path-exists@https://registry.npmjs.org/path-exists/-/path-exists-3.0.0.tgz. Extracting by manifest.
1002 silly tarball no local data for p-locate@https://registry.npmjs.org/p-locate/-/p-locate-3.0.0.tgz. Extracting by manifest.
1003 silly tarball no local data for p-limit@https://registry.npmjs.org/p-limit/-/p-limit-2.3.0.tgz. Extracting by manifest.
1004 silly tarball no local data for find-up@https://registry.npmjs.org/find-up/-/find-up-3.0.0.tgz. Extracting by manifest.
1005 silly tarball no local data for locate-path@https://registry.npmjs.org/locate-path/-/locate-path-3.0.0.tgz. Extracting by manifest.
1006 silly tarball no local data for locate-path@https://registry.npmjs.org/locate-path/-/locate-path-5.0.0.tgz. Extracting by manifest.
1007 silly tarball no local data for p-locate@https://registry.npmjs.org/p-locate/-/p-locate-4.1.0.tgz. Extracting by manifest.
1008 silly tarball no local data for p-limit@https://registry.npmjs.org/p-limit/-/p-limit-2.3.0.tgz. Extracting by manifest.
1009 silly tarball no local data for find-up@https://registry.npmjs.org/find-up/-/find-up-4.1.0.tgz. Extracting by manifest.
1010 silly tarball no local data for readable-stream@https://registry.npmjs.org/readable-stream/-/readable-stream-4.5.2.tgz. Extracting by manifest.
1011 silly tarball no local data for help-me@https://registry.npmjs.org/help-me/-/help-me-5.0.0.tgz. Extracting by manifest.
1012 silly tarball no local data for buffer@https://registry.npmjs.org/buffer/-/buffer-6.0.3.tgz. Extracting by manifest.
1013 silly tarball no local data for readable-stream@https://registry.npmjs.org/readable-stream/-/readable-stream-4.5.2.tgz. Extracting by manifest.
1014 silly tarball no local data for split2@https://registry.npmjs.org/split2/-/split2-4.2.0.tgz. Extracting by manifest.
1015 silly tarball no local data for buffer@https://registry.npmjs.org/buffer/-/buffer-6.0.3.tgz. Extracting by manifest.
1016 silly tarball no local data for split2@https://registry.npmjs.org/split2/-/split2-4.2.0.tgz. Extracting by manifest.
1017 silly tarball no local data for pg-connection-string@https://registry.npmjs.org/pg-connection-string/-/pg-connection-string-2.6.4.tgz. Extracting by manifest.
1018 silly tarball no local data for lru-cache@https://registry.npmjs.org/lru-cache/-/lru-cache-10.2.0.tgz. Extracting by manifest.
1019 silly tarball no local data for minipass@https://registry.npmjs.org/minipass/-/minipass-7.0.4.tgz. Extracting by manifest.
1020 silly tarball no local data for fs-minipass@https://registry.npmjs.org/fs-minipass/-/fs-minipass-3.0.3.tgz. Extracting by manifest.
1021 silly tarball no local data for minipass@https://registry.npmjs.org/minipass/-/minipass-5.0.0.tgz. Extracting by manifest.
1022 silly tarball no local data for minipass@https://registry.npmjs.org/minipass/-/minipass-7.0.4.tgz. Extracting by manifest.
1023 silly tarball no local data for ajv@https://registry.npmjs.org/ajv/-/ajv-8.12.0.tgz. Extracting by manifest.
1024 silly tarball no local data for json-schema-traverse@https://registry.npmjs.org/json-schema-traverse/-/json-schema-traverse-1.0.0.tgz. Extracting by manifest.
1025 silly tarball no local data for minipass@https://registry.npmjs.org/minipass/-/minipass-5.0.0.tgz. Extracting by manifest.
1026 silly tarball no local data for lru-cache@https://registry.npmjs.org/lru-cache/-/lru-cache-7.18.3.tgz. Extracting by manifest.
1027 silly tarball no local data for hosted-git-info@https://registry.npmjs.org/hosted-git-info/-/hosted-git-info-6.1.1.tgz. Extracting by manifest.
1028 silly tarball no local data for strip-json-comments@https://registry.npmjs.org/strip-json-comments/-/strip-json-comments-5.0.1.tgz. Extracting by manifest.
1029 silly tarball no local data for strip-ansi@https://registry.npmjs.org/strip-ansi/-/strip-ansi-7.1.0.tgz. Extracting by manifest.
1030 silly tarball no local data for rimraf@https://registry.npmjs.org/rimraf/-/rimraf-5.0.5.tgz. Extracting by manifest.
1031 silly tarball no local data for source-map-support@https://registry.npmjs.org/source-map-support/-/source-map-support-0.5.21.tgz. Extracting by manifest.
1032 silly tarball no local data for minimatch@https://registry.npmjs.org/minimatch/-/minimatch-9.0.4.tgz. Extracting by manifest.
1033 silly tarball no local data for ini@https://registry.npmjs.org/ini/-/ini-4.1.2.tgz. Extracting by manifest.
1034 silly tarball no local data for chalk@https://registry.npmjs.org/chalk/-/chalk-5.3.0.tgz. Extracting by manifest.
1035 silly tarball no local data for ansi-regex@https://registry.npmjs.org/ansi-regex/-/ansi-regex-6.0.1.tgz. Extracting by manifest.
1036 silly tarball no local data for brace-expansion@https://registry.npmjs.org/brace-expansion/-/brace-expansion-2.0.1.tgz. Extracting by manifest.
1037 silly tarball no local data for hosted-git-info@https://registry.npmjs.org/hosted-git-info/-/hosted-git-info-6.1.1.tgz. Extracting by manifest.
1038 silly tarball no local data for lru-cache@https://registry.npmjs.org/lru-cache/-/lru-cache-7.18.3.tgz. Extracting by manifest.
1039 silly tarball no local data for unique-slug@https://registry.npmjs.org/unique-slug/-/unique-slug-3.0.0.tgz. Extracting by manifest.
1040 silly tarball no local data for ssri@https://registry.npmjs.org/ssri/-/ssri-9.0.1.tgz. Extracting by manifest.
1041 silly tarball no local data for unique-filename@https://registry.npmjs.org/unique-filename/-/unique-filename-2.0.1.tgz. Extracting by manifest.
1042 silly tarball no local data for nopt@https://registry.npmjs.org/nopt/-/nopt-6.0.0.tgz. Extracting by manifest.
1043 silly tarball no local data for minipass-fetch@https://registry.npmjs.org/minipass-fetch/-/minipass-fetch-2.1.2.tgz. Extracting by manifest.
1044 silly tarball no local data for make-fetch-happen@https://registry.npmjs.org/make-fetch-happen/-/make-fetch-happen-10.2.1.tgz. Extracting by manifest.
1045 silly tarball no local data for lru-cache@https://registry.npmjs.org/lru-cache/-/lru-cache-7.18.3.tgz. Extracting by manifest.
1046 silly tarball no local data for glob@https://registry.npmjs.org/glob/-/glob-7.2.3.tgz. Extracting by manifest.
1047 silly tarball no local data for cacache@https://registry.npmjs.org/cacache/-/cacache-16.1.3.tgz. Extracting by manifest.
1048 silly tarball no local data for minimatch@https://registry.npmjs.org/minimatch/-/minimatch-5.1.6.tgz. Extracting by manifest.
1049 silly tarball no local data for glob@https://registry.npmjs.org/glob/-/glob-8.1.0.tgz. Extracting by manifest.
1050 silly tarball no local data for brace-expansion@https://registry.npmjs.org/brace-expansion/-/brace-expansion-2.0.1.tgz. Extracting by manifest.
1051 silly tarball no local data for minipass@https://registry.npmjs.org/minipass/-/minipass-7.0.4.tgz. Extracting by manifest.
1052 silly tarball no local data for @npmcli/fs@https://registry.npmjs.org/@npmcli/fs/-/fs-2.1.2.tgz. Extracting by manifest.
1053 silly tarball no local data for lru-cache@https://registry.npmjs.org/lru-cache/-/lru-cache-7.18.3.tgz. Extracting by manifest.
1054 silly tarball no local data for minipass@https://registry.npmjs.org/minipass/-/minipass-5.0.0.tgz. Extracting by manifest.
1055 silly tarball no local data for yallist@https://registry.npmjs.org/yallist/-/yallist-3.1.1.tgz. Extracting by manifest.
1056 silly tarball no local data for nopt@https://registry.npmjs.org/nopt/-/nopt-7.2.0.tgz. Extracting by manifest.
1057 silly tarball no local data for abbrev@https://registry.npmjs.org/abbrev/-/abbrev-2.0.0.tgz. Extracting by manifest.
1058 silly tarball no local data for camelcase@https://registry.npmjs.org/camelcase/-/camelcase-6.3.0.tgz. Extracting by manifest.
1059 silly tarball no local data for glob@https://registry.npmjs.org/glob/-/glob-7.2.3.tgz. Extracting by manifest.
1060 silly tarball no local data for supports-color@https://registry.npmjs.org/supports-color/-/supports-color-8.1.1.tgz. Extracting by manifest.
1061 silly tarball no local data for glob@https://registry.npmjs.org/glob/-/glob-7.2.3.tgz. Extracting by manifest.
1062 silly tarball no local data for acorn@https://registry.npmjs.org/acorn/-/acorn-7.4.1.tgz. Extracting by manifest.
1063 silly tarball no local data for minimatch@https://registry.npmjs.org/minimatch/-/minimatch-9.0.4.tgz. Extracting by manifest.
1064 silly tarball no local data for resolve-from@https://registry.npmjs.org/resolve-from/-/resolve-from-4.0.0.tgz. Extracting by manifest.
1065 silly tarball no local data for brace-expansion@https://registry.npmjs.org/brace-expansion/-/brace-expansion-2.0.1.tgz. Extracting by manifest.
1066 silly tarball no local data for minimatch@https://registry.npmjs.org/minimatch/-/minimatch-5.1.6.tgz. Extracting by manifest.
1067 silly tarball no local data for lru-cache@https://registry.npmjs.org/lru-cache/-/lru-cache-7.18.3.tgz. Extracting by manifest.
1068 silly tarball no local data for glob@https://registry.npmjs.org/glob/-/glob-8.1.0.tgz. Extracting by manifest.
1069 silly tarball no local data for brace-expansion@https://registry.npmjs.org/brace-expansion/-/brace-expansion-2.0.1.tgz. Extracting by manifest.
1070 silly tarball no local data for minipass@https://registry.npmjs.org/minipass/-/minipass-7.0.4.tgz. Extracting by manifest.
1071 silly tarball no local data for minimatch@https://registry.npmjs.org/minimatch/-/minimatch-9.0.4.tgz. Extracting by manifest.
1072 silly tarball no local data for brace-expansion@https://registry.npmjs.org/brace-expansion/-/brace-expansion-2.0.1.tgz. Extracting by manifest.
1073 silly tarball no local data for pg-connection-string@https://registry.npmjs.org/pg-connection-string/-/pg-connection-string-2.6.1.tgz. Extracting by manifest.
1074 silly tarball no local data for knex@https://registry.npmjs.org/knex/-/knex-2.5.1.tgz. Extracting by manifest.
1075 silly tarball no local data for fastify-plugin@https://registry.npmjs.org/fastify-plugin/-/fastify-plugin-4.5.1.tgz. Extracting by manifest.
1076 silly tarball no local data for signal-exit@https://registry.npmjs.org/signal-exit/-/signal-exit-4.1.0.tgz. Extracting by manifest.
1077 silly tarball no local data for fastify-plugin@https://registry.npmjs.org/fastify-plugin/-/fastify-plugin-4.5.1.tgz. Extracting by manifest.
1078 silly tarball no local data for fastify-plugin@https://registry.npmjs.org/fastify-plugin/-/fastify-plugin-2.3.4.tgz. Extracting by manifest.
1079 silly tarball no local data for pino-pretty@https://registry.npmjs.org/pino-pretty/-/pino-pretty-10.3.1.tgz. Extracting by manifest.
1080 silly tarball no local data for readable-stream@https://registry.npmjs.org/readable-stream/-/readable-stream-4.5.2.tgz. Extracting by manifest.
1081 silly tarball no local data for fastify-plugin@https://registry.npmjs.org/fastify-plugin/-/fastify-plugin-4.5.1.tgz. Extracting by manifest.
1082 silly tarball no local data for help-me@https://registry.npmjs.org/help-me/-/help-me-5.0.0.tgz. Extracting by manifest.
1083 silly tarball no local data for buffer@https://registry.npmjs.org/buffer/-/buffer-6.0.3.tgz. Extracting by manifest.
1084 silly tarball no local data for json-schema-traverse@https://registry.npmjs.org/json-schema-traverse/-/json-schema-traverse-1.0.0.tgz. Extracting by manifest.
1085 silly tarball no local data for ajv-formats@https://registry.npmjs.org/ajv-formats/-/ajv-formats-3.0.1.tgz. Extracting by manifest.
1086 silly tarball no local data for ajv@https://registry.npmjs.org/ajv/-/ajv-8.12.0.tgz. Extracting by manifest.
1087 silly tarball no local data for glob-parent@https://registry.npmjs.org/glob-parent/-/glob-parent-5.1.2.tgz. Extracting by manifest.
1088 silly tarball no local data for eslint-visitor-keys@https://registry.npmjs.org/eslint-visitor-keys/-/eslint-visitor-keys-4.0.0.tgz. Extracting by manifest.
1089 silly tarball no local data for semver@https://registry.npmjs.org/semver/-/semver-6.3.1.tgz. Extracting by manifest.
1090 silly tarball no local data for doctrine@https://registry.npmjs.org/doctrine/-/doctrine-2.1.0.tgz. Extracting by manifest.
1091 silly tarball no local data for debug@https://registry.npmjs.org/debug/-/debug-3.2.7.tgz. Extracting by manifest.
1092 silly tarball no local data for debug@https://registry.npmjs.org/debug/-/debug-3.2.7.tgz. Extracting by manifest.
1093 silly tarball no local data for debug@https://registry.npmjs.org/debug/-/debug-3.2.7.tgz. Extracting by manifest.
1094 silly tarball no local data for espree@https://registry.npmjs.org/espree/-/espree-9.6.1.tgz. Extracting by manifest.
1095 silly tarball no local data for escape-string-regexp@https://registry.npmjs.org/escape-string-regexp/-/escape-string-regexp-4.0.0.tgz. Extracting by manifest.
1096 silly tarball no local data for semver@https://registry.npmjs.org/semver/-/semver-6.3.1.tgz. Extracting by manifest.
1097 silly tarball no local data for globals@https://registry.npmjs.org/globals/-/globals-13.24.0.tgz. Extracting by manifest.
1098 silly tarball no local data for @eslint/js@https://registry.npmjs.org/@eslint/js/-/js-8.57.0.tgz. Extracting by manifest.
1099 silly tarball no local data for @eslint/eslintrc@https://registry.npmjs.org/@eslint/eslintrc/-/eslintrc-2.1.4.tgz. Extracting by manifest.
1100 silly tarball no local data for minimatch@https://registry.npmjs.org/minimatch/-/minimatch-9.0.1.tgz. Extracting by manifest.
1101 silly tarball no local data for brace-expansion@https://registry.npmjs.org/brace-expansion/-/brace-expansion-2.0.1.tgz. Extracting by manifest.
1102 silly tarball no local data for mimic-response@https://registry.npmjs.org/mimic-response/-/mimic-response-3.1.0.tgz. Extracting by manifest.
1103 silly tarball no local data for ms@https://registry.npmjs.org/ms/-/ms-2.1.2.tgz. Extracting by manifest.
1104 silly tarball no local data for type-fest@https://registry.npmjs.org/type-fest/-/type-fest-1.4.0.tgz. Extracting by manifest.
1105 silly tarball no local data for ini@https://registry.npmjs.org/ini/-/ini-1.3.8.tgz. Extracting by manifest.
1106 silly tarball no local data for write-file-atomic@https://registry.npmjs.org/write-file-atomic/-/write-file-atomic-3.0.3.tgz. Extracting by manifest.
1107 silly tarball no local data for supports-color@https://registry.npmjs.org/supports-color/-/supports-color-8.1.1.tgz. Extracting by manifest.
1108 silly tarball no local data for wrap-ansi@https://registry.npmjs.org/wrap-ansi/-/wrap-ansi-7.0.0.tgz. Extracting by manifest.
1109 silly tarball no local data for glob-parent@https://registry.npmjs.org/glob-parent/-/glob-parent-5.1.2.tgz. Extracting by manifest.
1110 silly tarball no local data for lowercase-keys@https://registry.npmjs.org/lowercase-keys/-/lowercase-keys-2.0.0.tgz. Extracting by manifest.
1111 silly tarball no local data for get-stream@https://registry.npmjs.org/get-stream/-/get-stream-5.2.0.tgz. Extracting by manifest.
1112 silly tarball no local data for unique-slug@https://registry.npmjs.org/unique-slug/-/unique-slug-4.0.0.tgz. Extracting by manifest.
1113 silly tarball no local data for unique-filename@https://registry.npmjs.org/unique-filename/-/unique-filename-3.0.0.tgz. Extracting by manifest.
1114 silly tarball no local data for minipass@https://registry.npmjs.org/minipass/-/minipass-7.0.4.tgz. Extracting by manifest.
1115 silly tarball no local data for fs-minipass@https://registry.npmjs.org/fs-minipass/-/fs-minipass-3.0.3.tgz. Extracting by manifest.
1116 silly tarball no local data for type-fest@https://registry.npmjs.org/type-fest/-/type-fest-2.19.0.tgz. Extracting by manifest.
1117 silly tarball no local data for lru-cache@https://registry.npmjs.org/lru-cache/-/lru-cache-7.18.3.tgz. Extracting by manifest.
1118 silly tarball no local data for strip-ansi@https://registry.npmjs.org/strip-ansi/-/strip-ansi-7.0.1.tgz. Extracting by manifest.
1119 silly tarball no local data for emoji-regex@https://registry.npmjs.org/emoji-regex/-/emoji-regex-9.2.2.tgz. Extracting by manifest.
1120 silly tarball no local data for string-width@https://registry.npmjs.org/string-width/-/string-width-5.1.2.tgz. Extracting by manifest.
1121 silly tarball no local data for chalk@https://registry.npmjs.org/chalk/-/chalk-5.0.1.tgz. Extracting by manifest.
1122 silly tarball no local data for ansi-regex@https://registry.npmjs.org/ansi-regex/-/ansi-regex-6.0.1.tgz. Extracting by manifest.
1123 silly tarball no local data for camelcase@https://registry.npmjs.org/camelcase/-/camelcase-7.0.0.tgz. Extracting by manifest.
1124 silly tarball no local data for semver@https://registry.npmjs.org/semver/-/semver-6.3.1.tgz. Extracting by manifest.
1125 silly tarball no local data for istanbul-lib-instrument@https://registry.npmjs.org/istanbul-lib-instrument/-/istanbul-lib-instrument-5.2.1.tgz. Extracting by manifest.
1126 silly tarball no local data for type-fest@https://registry.npmjs.org/type-fest/-/type-fest-0.21.3.tgz. Extracting by manifest.
1127 silly tarball no local data for json-schema-traverse@https://registry.npmjs.org/json-schema-traverse/-/json-schema-traverse-1.0.0.tgz. Extracting by manifest.
1128 silly tarball no local data for ajv@https://registry.npmjs.org/ajv/-/ajv-8.11.0.tgz. Extracting by manifest.
1129 silly tarball no local data for depd@https://registry.npmjs.org/depd/-/depd-1.1.2.tgz. Extracting by manifest.
1130 silly tarball no local data for minimatch@https://registry.npmjs.org/minimatch/-/minimatch-9.0.4.tgz. Extracting by manifest.
1131 silly tarball no local data for brace-expansion@https://registry.npmjs.org/brace-expansion/-/brace-expansion-2.0.1.tgz. Extracting by manifest.
1132 silly tarball no local data for which@https://registry.npmjs.org/which/-/which-3.0.1.tgz. Extracting by manifest.
1133 silly tarball no local data for which@https://registry.npmjs.org/which/-/which-3.0.1.tgz. Extracting by manifest.
1134 silly tarball no local data for which@https://registry.npmjs.org/which/-/which-3.0.1.tgz. Extracting by manifest.
1135 silly tarball no local data for lru-cache@https://registry.npmjs.org/lru-cache/-/lru-cache-7.18.3.tgz. Extracting by manifest.
1136 silly tarball no local data for glob@https://registry.npmjs.org/glob/-/glob-7.2.3.tgz. Extracting by manifest.
1137 silly tarball no local data for p-locate@https://registry.npmjs.org/p-locate/-/p-locate-4.1.0.tgz. Extracting by manifest.
1138 silly tarball no local data for p-limit@https://registry.npmjs.org/p-limit/-/p-limit-2.3.0.tgz. Extracting by manifest.
1139 silly tarball no local data for locate-path@https://registry.npmjs.org/locate-path/-/locate-path-5.0.0.tgz. Extracting by manifest.
1140 silly tarball no local data for js-yaml@https://registry.npmjs.org/js-yaml/-/js-yaml-3.14.1.tgz. Extracting by manifest.
1141 silly tarball no local data for find-up@https://registry.npmjs.org/find-up/-/find-up-4.1.0.tgz. Extracting by manifest.
1142 silly tarball no local data for argparse@https://registry.npmjs.org/argparse/-/argparse-1.0.10.tgz. Extracting by manifest.
1143 silly tarball no local data for string-width@https://registry.npmjs.org/string-width/-/string-width-5.1.2.tgz. Extracting by manifest.
1144 silly tarball no local data for strip-ansi@https://registry.npmjs.org/strip-ansi/-/strip-ansi-7.1.0.tgz. Extracting by manifest.
1145 silly tarball no local data for emoji-regex@https://registry.npmjs.org/emoji-regex/-/emoji-regex-9.2.2.tgz. Extracting by manifest.
1146 silly tarball no local data for ansi-regex@https://registry.npmjs.org/ansi-regex/-/ansi-regex-6.0.1.tgz. Extracting by manifest.
1147 silly tarball no local data for fastify-plugin@https://registry.npmjs.org/fastify-plugin/-/fastify-plugin-4.2.0.tgz. Extracting by manifest.
1148 silly tarball no local data for fastify-plugin@https://registry.npmjs.org/fastify-plugin/-/fastify-plugin-4.2.0.tgz. Extracting by manifest.
1149 silly tarball no local data for fastify-plugin@https://registry.npmjs.org/fastify-plugin/-/fastify-plugin-4.5.1.tgz. Extracting by manifest.
1150 silly tarball no local data for fastify-plugin@https://registry.npmjs.org/fastify-plugin/-/fastify-plugin-4.5.1.tgz. Extracting by manifest.
1151 silly tarball no local data for fastify-plugin@https://registry.npmjs.org/fastify-plugin/-/fastify-plugin-4.5.1.tgz. Extracting by manifest.
1152 silly tarball no local data for fastify-plugin@https://registry.npmjs.org/fastify-plugin/-/fastify-plugin-4.5.1.tgz. Extracting by manifest.
1153 silly tarball no local data for fastify-plugin@https://registry.npmjs.org/fastify-plugin/-/fastify-plugin-4.5.1.tgz. Extracting by manifest.
1154 silly tarball no local data for json-schema-traverse@https://registry.npmjs.org/json-schema-traverse/-/json-schema-traverse-1.0.0.tgz. Extracting by manifest.
1155 silly tarball no local data for ajv@https://registry.npmjs.org/ajv/-/ajv-8.12.0.tgz. Extracting by manifest.
1156 silly tarball no local data for globals@https://registry.npmjs.org/globals/-/globals-14.0.0.tgz. Extracting by manifest.
1157 silly tarball no local data for has-flag@https://registry.npmjs.org/has-flag/-/has-flag-3.0.0.tgz. Extracting by manifest.
1158 silly tarball no local data for supports-color@https://registry.npmjs.org/supports-color/-/supports-color-5.5.0.tgz. Extracting by manifest.
1159 silly tarball no local data for globals@https://registry.npmjs.org/globals/-/globals-11.12.0.tgz. Extracting by manifest.
1160 silly tarball no local data for color-convert@https://registry.npmjs.org/color-convert/-/color-convert-1.9.3.tgz. Extracting by manifest.
1161 silly tarball no local data for color-name@https://registry.npmjs.org/color-name/-/color-name-1.1.3.tgz. Extracting by manifest.
1162 silly tarball no local data for ansi-styles@https://registry.npmjs.org/ansi-styles/-/ansi-styles-3.2.1.tgz. Extracting by manifest.
1163 silly tarball no local data for chalk@https://registry.npmjs.org/chalk/-/chalk-2.4.2.tgz. Extracting by manifest.
1164 silly tarball no local data for semver@https://registry.npmjs.org/semver/-/semver-6.3.1.tgz. Extracting by manifest.
1165 silly tarball no local data for semver@https://registry.npmjs.org/semver/-/semver-6.3.1.tgz. Extracting by manifest.
1166 http fetch POST 200 https://registry.npmjs.org/-/npm/v1/security/advisories/bulk 7427ms
1167 timing auditReport:getReport Completed in 7442ms
1168 silly audit report {
1168 silly audit report   '@babel/helpers': [
1168 silly audit report     {
1168 silly audit report       id: 1104001,
1168 silly audit report       url: 'https://github.com/advisories/GHSA-968p-4wvh-cqc8',
1168 silly audit report       title: 'Babel has inefficient RegExp complexity in generated code with .replace when transpiling named capturing groups',
1168 silly audit report       severity: 'moderate',
1168 silly audit report       vulnerable_versions: '<7.26.10',
1168 silly audit report       cwe: [Array],
1168 silly audit report       cvss: [Object]
1168 silly audit report     }
1168 silly audit report   ],
1168 silly audit report   '@babel/runtime': [
1168 silly audit report     {
1168 silly audit report       id: 1104000,
1168 silly audit report       url: 'https://github.com/advisories/GHSA-968p-4wvh-cqc8',
1168 silly audit report       title: 'Babel has inefficient RegExp complexity in generated code with .replace when transpiling named capturing groups',
1168 silly audit report       severity: 'moderate',
1168 silly audit report       vulnerable_versions: '<7.26.10',
1168 silly audit report       cwe: [Array],
1168 silly audit report       cvss: [Object]
1168 silly audit report     }
1168 silly audit report   ],
1168 silly audit report   'js-yaml': [
1168 silly audit report     {
1168 silly audit report       id: 1112714,
1168 silly audit report       url: 'https://github.com/advisories/GHSA-mh29-5h37-fv8m',
1168 silly audit report       title: 'js-yaml has prototype pollution in merge (<<)',
1168 silly audit report       severity: 'moderate',
1168 silly audit report       vulnerable_versions: '<3.14.2',
1168 silly audit report       cwe: [Array],
1168 silly audit report       cvss: [Object]
1168 silly audit report     },
1168 silly audit report     {
1168 silly audit report       id: 1112715,
1168 silly audit report       url: 'https://github.com/advisories/GHSA-mh29-5h37-fv8m',
1168 silly audit report       title: 'js-yaml has prototype pollution in merge (<<)',
1168 silly audit report       severity: 'moderate',
1168 silly audit report       vulnerable_versions: '>=4.0.0 <4.1.1',
1168 silly audit report       cwe: [Array],
1168 silly audit report       cvss: [Object]
1168 silly audit report     }
1168 silly audit report   ],
1168 silly audit report   glob: [
1168 silly audit report     {
1168 silly audit report       id: 1109842,
1168 silly audit report       url: 'https://github.com/advisories/GHSA-5j98-mcp5-4vw2',
1168 silly audit report       title: 'glob CLI: Command injection via -c/--cmd executes matches with shell:true',
1168 silly audit report       severity: 'high',
1168 silly audit report       vulnerable_versions: '>=10.2.0 <10.5.0',
1168 silly audit report       cwe: [Array],
1168 silly audit report       cvss: [Object]
1168 silly audit report     }
1168 silly audit report   ],
1168 silly audit report   'brace-expansion': [
1168 silly audit report     {
1168 silly audit report       id: 1105443,
1168 silly audit report       url: 'https://github.com/advisories/GHSA-v6h2-p8h4-qcjw',
1168 silly audit report       title: 'brace-expansion Regular Expression Denial of Service vulnerability',
1168 silly audit report       severity: 'low',
1168 silly audit report       vulnerable_versions: '>=1.0.0 <=1.1.11',
1168 silly audit report       cwe: [Array],
1168 silly audit report       cvss: [Object]
1168 silly audit report     },
1168 silly audit report     {
1168 silly audit report       id: 1105444,
1168 silly audit report       url: 'https://github.com/advisories/GHSA-v6h2-p8h4-qcjw',
1168 silly audit report       title: 'brace-expansion Regular Expression Denial of Service vulnerability',
1168 silly audit report       severity: 'low',
1168 silly audit report       vulnerable_versions: '>=2.0.0 <=2.0.1',
1168 silly audit report       cwe: [Array],
1168 silly audit report       cvss: [Object]
1168 silly audit report     }
1168 silly audit report   ],
1168 silly audit report   braces: [
1168 silly audit report     {
1168 silly audit report       id: 1098094,
1168 silly audit report       url: 'https://github.com/advisories/GHSA-grv7-fg5c-xmjg',
1168 silly audit report       title: 'Uncontrolled resource consumption in braces',
1168 silly audit report       severity: 'high',
1168 silly audit report       vulnerable_versions: '<3.0.3',
1168 silly audit report       cwe: [Array],
1168 silly audit report       cvss: [Object]
1168 silly audit report     }
1168 silly audit report   ],
1168 silly audit report   cookie: [
1168 silly audit report     {
1168 silly audit report       id: 1103907,
1168 silly audit report       url: 'https://github.com/advisories/GHSA-pxg6-pf52-xh8x',
1168 silly audit report       title: 'cookie accepts cookie name, path, and domain with out of bounds characters',
1168 silly audit report       severity: 'low',
1168 silly audit report       vulnerable_versions: '<0.7.0',
1168 silly audit report       cwe: [Array],
1168 silly audit report       cvss: [Object]
1168 silly audit report     }
1168 silly audit report   ],
1168 silly audit report   'cross-spawn': [
1168 silly audit report     {
1168 silly audit report       id: 1104664,
1168 silly audit report       url: 'https://github.com/advisories/GHSA-3xgq-45jj-v275',
1168 silly audit report       title: 'Regular Expression Denial of Service (ReDoS) in cross-spawn',
1168 silly audit report       severity: 'high',
1168 silly audit report       vulnerable_versions: '>=7.0.0 <7.0.5',
1168 silly audit report       cwe: [Array],
1168 silly audit report       cvss: [Object]
1168 silly audit report     }
1168 silly audit report   ],
1168 silly audit report   fastify: [
1168 silly audit report     {
1168 silly audit report       id: 1112876,
1168 silly audit report       url: 'https://github.com/advisories/GHSA-mrq3-vjjr-p77c',
1168 silly audit report       title: 'Fastify Vulnerable to DoS via Unbounded Memory Allocation in sendWebStream',
1168 silly audit report       severity: 'low',
1168 silly audit report       vulnerable_versions: '<=5.7.2',
1168 silly audit report       cwe: [Array],
1168 silly audit report       cvss: [Object]
1168 silly audit report     },
1168 silly audit report     {
1168 silly audit report       id: 1112877,
1168 silly audit report       url: 'https://github.com/advisories/GHSA-jx2c-rxcm-jvmq',
1168 silly audit report       title: "Fastify's Content-Type header tab character allows body validation bypass",
1168 silly audit report       severity: 'high',
1168 silly audit report       vulnerable_versions: '<5.7.2',
1168 silly audit report       cwe: [Array],
1168 silly audit report       cvss: [Object]
1168 silly audit report     }
1168 silly audit report   ],
1168 silly audit report   'find-my-way': [
1168 silly audit report     {
1168 silly audit report       id: 1099853,
1168 silly audit report       url: 'https://github.com/advisories/GHSA-rrr8-f88r-h8q6',
1168 silly audit report       title: 'find-my-way has a ReDoS vulnerability in multiparametric routes',
1168 silly audit report       severity: 'high',
1168 silly audit report       vulnerable_versions: '>=5.5.0 <8.2.2',
1168 silly audit report       cwe: [Array],
1168 silly audit report       cvss: [Object]
1168 silly audit report     }
1168 silly audit report   ],
1168 silly audit report   ip: [
1168 silly audit report     {
1168 silly audit report       id: 1101851,
1168 silly audit report       url: 'https://github.com/advisories/GHSA-2p57-rm9w-gvfp',
1168 silly audit report       title: 'ip SSRF improper categorization in isPublic',
1168 silly audit report       severity: 'high',
1168 silly audit report       vulnerable_versions: '<=2.0.1',
1168 silly audit report       cwe: [Array],
1168 silly audit report       cvss: [Object]
1168 silly audit report     },
1168 silly audit report     {
1168 silly audit report       id: 1097721,
1168 silly audit report       url: 'https://github.com/advisories/GHSA-78xj-cgh5-2h22',
1168 silly audit report       title: 'NPM IP package incorrectly identifies some private IP addresses as public',
1168 silly audit report       severity: 'low',
1168 silly audit report       vulnerable_versions: '=2.0.0',
1168 silly audit report       cwe: [Array],
1168 silly audit report       cvss: [Object]
1168 silly audit report     }
1168 silly audit report   ],
1168 silly audit report   lodash: [
1168 silly audit report     {
1168 silly audit report       id: 1112455,
1168 silly audit report       url: 'https://github.com/advisories/GHSA-xxjr-mmjv-4gpg',
1168 silly audit report       title: 'Lodash has Prototype Pollution Vulnerability in `_.unset` and `_.omit` functions',
1168 silly audit report       severity: 'moderate',
1168 silly audit report       vulnerable_versions: '>=4.0.0 <=4.17.22',
1168 silly audit report       cwe: [Array],
1168 silly audit report       cvss: [Object]
1168 silly audit report     }
1168 silly audit report   ],
1168 silly audit report   micromatch: [
1168 silly audit report     {
1168 silly audit report       id: 1098681,
1168 silly audit report       url: 'https://github.com/advisories/GHSA-952p-6rrq-rcjv',
1168 silly audit report       title: 'Regular Expression Denial of Service (ReDoS) in micromatch',
1168 silly audit report       severity: 'moderate',
1168 silly audit report       vulnerable_versions: '<4.0.8',
1168 silly audit report       cwe: [Array],
1168 silly audit report       cvss: [Object]
1168 silly audit report     }
1168 silly audit report   ],
1168 silly audit report   nanoid: [
1168 silly audit report     {
1168 silly audit report       id: 1109563,
1168 silly audit report       url: 'https://github.com/advisories/GHSA-mwcw-c2x4-8c55',
1168 silly audit report       title: 'Predictable results in nanoid generation when given non-integer values',
1168 silly audit report       severity: 'moderate',
1168 silly audit report       vulnerable_versions: '<3.3.8',
1168 silly audit report       cwe: [Array],
1168 silly audit report       cvss: [Object]
1168 silly audit report     }
1168 silly audit report   ],
1168 silly audit report   'path-to-regexp': [
1168 silly audit report     {
1168 silly audit report       id: 1101846,
1168 silly audit report       url: 'https://github.com/advisories/GHSA-9wv6-86v2-598j',
1168 silly audit report       title: 'path-to-regexp outputs backtracking regular expressions',
1168 silly audit report       severity: 'high',
1168 silly audit report       vulnerable_versions: '>=4.0.0 <6.3.0',
1168 silly audit report       cwe: [Array],
1168 silly audit report       cvss: [Object]
1168 silly audit report     }
1168 silly audit report   ],
1168 silly audit report   pug: [
1168 silly audit report     {
1168 silly audit report       id: 1104111,
1168 silly audit report       url: 'https://github.com/advisories/GHSA-3965-hpx2-q597',
1168 silly audit report       title: 'Pug allows JavaScript code execution if an application accepts untrusted input',
1168 silly audit report       severity: 'moderate',
1168 silly audit report       vulnerable_versions: '<=3.0.2',
1168 silly audit report       cwe: [Array],
1168 silly audit report       cvss: [Object]
1168 silly audit report     }
1168 silly audit report   ],
1168 silly audit report   'pug-code-gen': [
1168 silly audit report     {
1168 silly audit report       id: 1104107,
1168 silly audit report       url: 'https://github.com/advisories/GHSA-3965-hpx2-q597',
1168 silly audit report       title: 'Pug allows JavaScript code execution if an application accepts untrusted input',
1168 silly audit report       severity: 'moderate',
1168 silly audit report       vulnerable_versions: '<=3.0.2',
1168 silly audit report       cwe: [Array],
1168 silly audit report       cvss: [Object]
1168 silly audit report     }
1168 silly audit report   ],
1168 silly audit report   qs: [
1168 silly audit report     {
1168 silly audit report       id: 1113132,
1168 silly audit report       url: 'https://github.com/advisories/GHSA-6rw7-vpxm-498p',
1168 silly audit report       title: "qs's arrayLimit bypass in its bracket notation allows DoS via memory exhaustion",
1168 silly audit report       severity: 'high',
1168 silly audit report       vulnerable_versions: '<6.14.1',
1168 silly audit report       cwe: [Array],
1168 silly audit report       cvss: [Object]
1168 silly audit report     }
1168 silly audit report   ],
1168 silly audit report   tar: [
1168 silly audit report     {
1168 silly audit report       id: 1112255,
1168 silly audit report       url: 'https://github.com/advisories/GHSA-8qq5-rm4j-mr97',
1168 silly audit report       title: 'node-tar is Vulnerable to Arbitrary File Overwrite and Symlink Poisoning via Insufficient Path Sanitization',
1168 silly audit report       severity: 'high',
1168 silly audit report       vulnerable_versions: '<=7.5.2',
1168 silly audit report       cwe: [Array],
1168 silly audit report       cvss: [Object]
1168 silly audit report     },
1168 silly audit report     {
1168 silly audit report       id: 1112329,
1168 silly audit report       url: 'https://github.com/advisories/GHSA-r6q2-hw4h-h46w',
1168 silly audit report       title: 'Race Condition in node-tar Path Reservations via Unicode Ligature Collisions on macOS APFS',
1168 silly audit report       severity: 'high',
1168 silly audit report       vulnerable_versions: '<=7.5.3',
1168 silly audit report       cwe: [Array],
1168 silly audit report       cvss: [Object]
1168 silly audit report     },
1168 silly audit report     {
1168 silly audit report       id: 1112659,
1168 silly audit report       url: 'https://github.com/advisories/GHSA-34x7-hfp2-rc4v',
1168 silly audit report       title: 'node-tar Vulnerable to Arbitrary File Creation/Overwrite via Hardlink Path Traversal',
1168 silly audit report       severity: 'high',
1168 silly audit report       vulnerable_versions: '<7.5.7',
1168 silly audit report       cwe: [Array],
1168 silly audit report       cvss: [Object]
1168 silly audit report     },
1168 silly audit report     {
1168 silly audit report       id: 1097493,
1168 silly audit report       url: 'https://github.com/advisories/GHSA-f5x3-32g6-xq36',
1168 silly audit report       title: 'Denial of service while parsing a tar file due to lack of folders count validation',
1168 silly audit report       severity: 'moderate',
1168 silly audit report       vulnerable_versions: '<6.2.1',
1168 silly audit report       cwe: [Array],
1168 silly audit report       cvss: [Object]
1168 silly audit report     }
1168 silly audit report   ],
1168 silly audit report   'tar-fs': [
1168 silly audit report     {
1168 silly audit report       id: 1109532,
1168 silly audit report       url: 'https://github.com/advisories/GHSA-vj76-c3g6-qr5v',
1168 silly audit report       title: 'tar-fs has a symlink validation bypass if destination directory is predictable with a specific tarball',
1168 silly audit report       severity: 'high',
1168 silly audit report       vulnerable_versions: '>=2.0.0 <2.1.4',
1168 silly audit report       cwe: [Array],
1168 silly audit report       cvss: [Object]
1168 silly audit report     },
1168 silly audit report     {
1168 silly audit report       id: 1109543,
1168 silly audit report       url: 'https://github.com/advisories/GHSA-8cj5-5rvv-wf4v',
1168 silly audit report       title: 'tar-fs can extract outside the specified dir with a specific tarball',
1168 silly audit report       severity: 'high',
1168 silly audit report       vulnerable_versions: '>=2.0.0 <2.1.3',
1168 silly audit report       cwe: [Array],
1168 silly audit report       cvss: [Object]
1168 silly audit report     },
1168 silly audit report     {
1168 silly audit report       id: 1109552,
1168 silly audit report       url: 'https://github.com/advisories/GHSA-pq67-2wwv-3xjx',
1168 silly audit report       title: 'tar-fs Vulnerable to Link Following and Path Traversal via Extracting a Crafted tar File',
1168 silly audit report       severity: 'high',
1168 silly audit report       vulnerable_versions: '>=2.0.0 <2.1.2',
1168 silly audit report       cwe: [Array],
1168 silly audit report       cvss: [Object]
1168 silly audit report     }
1168 silly audit report   ],
1168 silly audit report   validator: [
1168 silly audit report     {
1168 silly audit report       id: 1109241,
1168 silly audit report       url: 'https://github.com/advisories/GHSA-9965-vmph-33xx',
1168 silly audit report       title: 'validator.js has a URL validation bypass vulnerability in its isURL function',
1168 silly audit report       severity: 'moderate',
1168 silly audit report       vulnerable_versions: '<13.15.20',
1168 silly audit report       cwe: [Array],
1168 silly audit report       cvss: [Object]
1168 silly audit report     },
1168 silly audit report     {
1168 silly audit report       id: 1112713,
1168 silly audit report       url: 'https://github.com/advisories/GHSA-vghf-hv5q-vc2g',
1168 silly audit report       title: 'Validator is Vulnerable to Incomplete Filtering of One or More Instances of Special Elements',
1168 silly audit report       severity: 'high',
1168 silly audit report       vulnerable_versions: '<13.15.22',
1168 silly audit report       cwe: [Array],
1168 silly audit report       cvss: [Object]
1168 silly audit report     }
1168 silly audit report   ],
1168 silly audit report   webpack: [
1168 silly audit report     {
1168 silly audit report       id: 1113041,
1168 silly audit report       url: 'https://github.com/advisories/GHSA-8fgc-7cc6-rx7x',
1168 silly audit report       title: 'webpack buildHttp: allowedUris allow-list bypass via URL userinfo (@) leading to build-time SSRF behavior',
1168 silly audit report       severity: 'low',
1168 silly audit report       vulnerable_versions: '>=5.49.0 <=5.104.0',
1168 silly audit report       cwe: [Array],
1168 silly audit report       cvss: [Object]
1168 silly audit report     },
1168 silly audit report     {
1168 silly audit report       id: 1113042,
1168 silly audit report       url: 'https://github.com/advisories/GHSA-38r7-794h-5758',
1168 silly audit report       title: 'webpack buildHttp HttpUriPlugin allowedUris bypass via HTTP redirects → SSRF + cache persistence',
1168 silly audit report       severity: 'low',
1168 silly audit report       vulnerable_versions: '>=5.49.0 <5.104.0',
1168 silly audit report       cwe: [Array],
1168 silly audit report       cvss: [Object]
1168 silly audit report     },
1168 silly audit report     {
1168 silly audit report       id: 1099351,
1168 silly audit report       url: 'https://github.com/advisories/GHSA-4vvj-4cpr-p986',
1168 silly audit report       title: "Webpack's AutoPublicPathRuntimeModule has a DOM Clobbering Gadget that leads to XSS",
1168 silly audit report       severity: 'moderate',
1168 silly audit report       vulnerable_versions: '>=5.0.0-alpha.0 <5.94.0',
1168 silly audit report       cwe: [Array],
1168 silly audit report       cvss: [Object]
1168 silly audit report     }
1168 silly audit report   ]
1168 silly audit report }
1169 timing metavuln:cache:get:security-advisory:@babel/helpers:+NsF1flAI8VENgJn0XVIWaC4lCe3b89AZgBOx219qXn/BdXH1EWl/yD49aHbhQimIG4kna8zgkunsmpiAVwNPQ== Completed in 1180ms
1170 timing metavuln:cache:get:security-advisory:@babel/runtime:xDaNmlS3J8LRk7IfDb7e9Gp3gcy/xDr1QZXCKC997SMkqKVemm2guY9vQpRI6omD11L5cfCI+STpoAdxUgnVsA== Completed in 1170ms
1171 timing metavuln:cache:get:security-advisory:js-yaml:MQ5RokLIvrWmT8/NQU0dD+jQ+6pFslHlaXx1Z5q7mESITohR8AwLT525ddIc2KvKZYbB1p5yclW3kV4xeRYXEg== Completed in 1169ms
1172 timing metavuln:cache:get:security-advisory:js-yaml:621IdjBdZEeVoUcjWGl1jXN0jFDGaf7dIQMeaPVKf5MxqYprJztiOC0OHOUPVoayh7Cq/fTC8L5CqEb98qlE7w== Completed in 1169ms
1173 timing metavuln:cache:get:security-advisory:glob:NTB2XjbDOgk4lkd8PZ3tUAm1F3E/ohGF6rl9/3LEO7Z0FDzSR5nWwzd3nUENA3NCNdyeR+35DOC12wPml2IV+g== Completed in 1168ms
1174 timing metavuln:cache:get:security-advisory:brace-expansion:7IQMvcVTr+svbh5KCx4Kl6FQKJ1GciM03BnJAve/5WYJjUeRzKAIrStVpfachbl3T6a7o8nYlQEVG6Ih0TNXRg== Completed in 1168ms
1175 timing metavuln:cache:get:security-advisory:brace-expansion:mClmYqWawCNXseeTBHWiIwZH/2CmFUqPCmosJIeOhAgD9z1v3SayhHAwaWVo8wmeKU/JN9VP4zDBeXaqy3Ay2A== Completed in 1167ms
1176 timing metavuln:cache:get:security-advisory:braces:JiXBFkEDkUnBQLw3PO6emUmmm2JXqgEbh+FhB3SNDS8k6Z0wM20irrfaOjjxYuMxZaKaDudvR037mtEoeqZzXw== Completed in 1167ms
1177 timing metavuln:cache:get:security-advisory:cookie:EFt7h/FZLeopARa06+F2CBY5ItUm007mP/cHgZjTJZX1MeIwg3JD7toSioRoDeE8wm5VdkimqlS+CnuPhZqbIg== Completed in 1166ms
1178 timing metavuln:cache:get:security-advisory:cross-spawn:PBcc/5P1UEO/1Ba/jUNR65wOzs1wU0Y+m+OOSfB57dG5EajzjbqRMRm0l7MWqcJgHDYM5GoZ36Hm7qAYFlIH3A== Completed in 1164ms
1179 timing metavuln:cache:get:security-advisory:fastify:5OdrwYv5Xzq+rI3bchsuaHIz85Yyo5gTdhOrQGf2Em7pRhXXR2ur0R7W7qQ6UpWsSxuRBW8Fdp57dyqUhR5/yw== Completed in 1163ms
1180 timing metavuln:cache:get:security-advisory:fastify:Mu3bbsgGIQMzQU+JUqKbxbOdmJ9sahc+8jmwkzzm3/7BqYYzReNvhjLjZ9XT5ElUjr+2gUCz/6X6tV16iM+obQ== Completed in 1162ms
1181 timing metavuln:cache:get:security-advisory:find-my-way:ncPGiupWBmuLy3osYbi6NeA3zAkV0H2ETbz204QySGfjGMvhOUrckXpvAqjVyzsYU9NNJZrPHuMSulTPi+/bfw== Completed in 1162ms
1182 timing metavuln:cache:get:security-advisory:ip:FcMhhitnipE8n5zCPiVRq2NLRNmu7UZkoO9lrM5CRC/emGwY5wSoa1+q1Q1Z8SPpfXO9tzox/MNRv7luhyJvqg== Completed in 1162ms
1183 timing metavuln:cache:get:security-advisory:ip:b30c5XyTTW4mB+FTN7C/h1vhoJFO9OI8Q+LTllMkSK3uH9C7IrxRvaSJh85+QHMX79NvRWdtpRRPVOFX+5JL7A== Completed in 1161ms
1184 timing metavuln:cache:get:security-advisory:lodash:OGNA5lR8rR8aeucWHqvJLBV5oaroI/lF2JfG9J2l63dx9uiGUyHuI4ymC6nv+dqWwxtqCIMcqBukiWYEiF5/RQ== Completed in 1161ms
1185 timing metavuln:cache:get:security-advisory:micromatch:TlYHmS8BZBwkbsPHbTfH2/e91KJnOnqfC63ZoKdiRy+yt6biPd8BwjBdyfPUht1+ZO675I3Gg00RQPYaWiOm8Q== Completed in 1160ms
1186 timing metavuln:cache:get:security-advisory:nanoid:SvMVdtEUVO5ESues2DL9aEFMy6oMG+saOn/tNitKJcx7q7CvMfC5ZcstpC8dbnZl5KL/q/3pYBvQrAPBFsC+nQ== Completed in 1160ms
1187 timing metavuln:cache:get:security-advisory:path-to-regexp:TmkHz1g6xKc2pnDD1h6+ZDKMikxz0M1BBY/wyR9ER8446AKOUk6gXjoSR2douZ5enAllzNSKaynTW1H+LBi1CA== Completed in 1159ms
1188 timing metavuln:cache:get:security-advisory:pug:q1QCNIb5doZm6I3eRGcu7TI0K8fyc7dAf2McLW9B8u9n+aVFF2mdYrDZecswkGEqvp/OYAJdtseKaRANUQq8pQ== Completed in 1158ms
1189 timing metavuln:cache:get:security-advisory:pug-code-gen:jYtA+ua4XfswkuObBtnwWn2fYvQUK4ca+Iv1+bqgs4mXRLiX4zUdwwNSawL0T4CvKtEq8q6TFgvFydQ8OKg+/Q== Completed in 1157ms
1190 timing metavuln:cache:get:security-advisory:qs:eaj3W0KSUOFDNNDaINF4rJInydoSw6RmsTCx4R+0PBfmzkAfaVQ87Te/fMWNFxNU2krQzl2Sj6ke6ZWlVmL33g== Completed in 1156ms
1191 timing metavuln:cache:get:security-advisory:tar:XkIoP7Nf5iKP9YjMhFMb4neCa/uLRHRkTYo4Mvfph4wiuO48y3y1Gluh8DODgoAL3QlAsmTvISh8PEMP/u+YXA== Completed in 1155ms
1192 timing metavuln:cache:get:security-advisory:tar:a2Rq633Fb450KrL5I+PBBip9RehJ6FtWDjNsehiUQQhfKxytiNr8LSDlXjQgxefFIJVCdcIimTEzMjwUrv3mRQ== Completed in 1154ms
1193 timing metavuln:cache:get:security-advisory:tar:qPQeYPFDBIedTWfYK3sbnScF6Ha7ouTs+wgndnz4PT5P+/K+GBD4epoPcYpXlu6AC7gSJlCJTJeuKbYAFoK9PA== Completed in 1154ms
1194 timing metavuln:cache:get:security-advisory:tar:xsfciMtNhQn+Vb692L8h5HEYBYUJ5Lhjy3bF//LOsKSn8tp0f1hbuDX26k9UtKJNPZjM5uuq2Cxlz3KwL19oJg== Completed in 1155ms
1195 timing metavuln:cache:get:security-advisory:tar-fs:cvuUIK3mvYU/u7TShVqDjuuoWy7Jgl2iyysqZzndeGLLwvbCDiePQ/rot9wwSNqpYc8yRaszF/7dU1Uelp1dUw== Completed in 1155ms
1196 timing metavuln:cache:get:security-advisory:tar-fs:Ix/Js08sk80rCM814qr/o6ab9zjh7+H8VVJui+xRbBltVjhzX21eodMzpIt77aC2gIFcrK8EEBkOSiDgsanD1w== Completed in 1154ms
1197 timing metavuln:cache:get:security-advisory:tar-fs:1dRVXY1/KAgNRzluJejkcnnY74RNVCtUBdSLW4DLR6KPpPmll6CDT96fyxIYOX7Nsq4AChUF8ivPlQmppqQqYw== Completed in 1154ms
1198 timing metavuln:cache:get:security-advisory:validator:IkyJOqfhkev0E9tRX4zbgkqtsxJX67cd4upO2f1EheDpncnx522qyf9oLyXwjDcWGeZOQHSqJUAh/kUyYH60qQ== Completed in 1154ms
1199 timing metavuln:cache:get:security-advisory:validator:K8tnmsGw+QkTexUmTWxKwuHjWuT7Hea3z5nNI9JdW3F0rI0+n7L2rpU8PIPJJVMbPs2Qmf97TEHw10QorOnMzQ== Completed in 1153ms
1200 timing metavuln:cache:get:security-advisory:webpack:IzHFkMfHDC+SV3IL23ZHngntgLDUgyESA9Ge8Mh5rKNVcDpaWLuTZIcoUJg4/bAH+BQlnDzJ4nLfJCy6fOIM0A== Completed in 1153ms
1201 timing metavuln:cache:get:security-advisory:webpack:s8eUYzfoKCRSDroeyV91F0huXvDaY4W8tlhzcL2BszFV9dolZHIAn/UZ/7LVU12F35esXqY1PqnhYKHfHcDozQ== Completed in 1152ms
1202 timing metavuln:cache:get:security-advisory:webpack:7Pl1j4sHKhCQAEccTmt3XZIEEazRzvyC0TOx07N0G7o5OIhhZ0j0Ji3KSCbTwfmCR/2OHJ3Mx5ZmedDQEQeBbg== Completed in 1152ms
1203 http fetch GET 200 https://registry.npmjs.org/wrap-ansi/-/wrap-ansi-7.0.0.tgz 17451ms (cache miss)
1204 timing reifyNode:node_modules/wrap-ansi-cjs Completed in 18187ms
1205 http fetch GET 200 https://registry.npmjs.org/supports-color/-/supports-color-7.2.0.tgz 17394ms (cache miss)
1206 timing reifyNode:node_modules/supports-color Completed in 18191ms
1207 http fetch GET 200 https://registry.npmjs.org/interpret/-/interpret-2.2.0.tgz 17085ms (cache miss)
1208 timing reifyNode:node_modules/interpret Completed in 18179ms
1209 http fetch GET 200 https://registry.npmjs.org/detect-newline/-/detect-newline-3.1.0.tgz 17101ms (cache miss)
1210 timing reifyNode:node_modules/detect-newline Completed in 18329ms
1211 http fetch GET 200 https://registry.npmjs.org/deep-extend/-/deep-extend-0.6.0.tgz 17091ms (cache miss)
1212 timing reifyNode:node_modules/deep-extend Completed in 18329ms
1213 http fetch GET 200 https://registry.npmjs.org/babel-preset-jest/-/babel-preset-jest-29.6.3.tgz 17044ms (cache miss)
1214 timing reifyNode:node_modules/babel-preset-jest Completed in 18331ms
1215 http fetch GET 200 https://registry.npmjs.org/assert-never/-/assert-never-1.2.1.tgz 17039ms (cache miss)
1216 timing reifyNode:node_modules/assert-never Completed in 18332ms
1217 http fetch GET 200 https://registry.npmjs.org/aggregate-error/-/aggregate-error-3.1.0.tgz 17024ms (cache miss)
1218 timing reifyNode:node_modules/aggregate-error Completed in 18336ms
1219 http fetch GET 200 https://registry.npmjs.org/ansi-align/-/ansi-align-3.0.1.tgz 17028ms (cache miss)
1220 timing reifyNode:node_modules/ansi-align Completed in 18337ms
1221 http fetch GET 200 https://registry.npmjs.org/yocto-queue/-/yocto-queue-0.1.0.tgz 17725ms (cache miss)
1222 timing reifyNode:node_modules/yocto-queue Completed in 18447ms
1223 http fetch GET 200 https://registry.npmjs.org/y18n/-/y18n-5.0.8.tgz 17716ms (cache miss)
1224 timing reifyNode:node_modules/y18n Completed in 18448ms
1225 http fetch GET 200 https://registry.npmjs.org/xtend/-/xtend-4.0.2.tgz 17715ms (cache miss)
1226 timing reifyNode:node_modules/xtend Completed in 18448ms
1227 http fetch GET 200 https://registry.npmjs.org/xdg-basedir/-/xdg-basedir-5.1.0.tgz 17715ms (cache miss)
1228 timing reifyNode:node_modules/xdg-basedir Completed in 18448ms
1229 http fetch GET 200 https://registry.npmjs.org/void-elements/-/void-elements-3.1.0.tgz 17706ms (cache miss)
1230 timing reifyNode:node_modules/void-elements Completed in 18446ms
1231 http fetch GET 200 https://registry.npmjs.org/validate-npm-package-license/-/validate-npm-package-license-3.0.4.tgz 17705ms (cache miss)
1232 timing reifyNode:node_modules/validate-npm-package-license Completed in 18448ms
1233 http fetch GET 200 https://registry.npmjs.org/validate-npm-package-name/-/validate-npm-package-name-5.0.0.tgz 17706ms (cache miss)
1234 timing reifyNode:node_modules/validate-npm-package-name Completed in 18450ms
1235 http fetch GET 200 https://registry.npmjs.org/util-deprecate/-/util-deprecate-1.0.2.tgz 17706ms (cache miss)
1236 timing reifyNode:node_modules/util-deprecate Completed in 18450ms
1237 http fetch GET 200 https://registry.npmjs.org/walker/-/walker-1.0.8.tgz 17700ms (cache miss)
1238 timing reifyNode:node_modules/walker Completed in 18456ms
1239 http fetch GET 200 https://registry.npmjs.org/token-stream/-/token-stream-1.0.0.tgz 17679ms (cache miss)
1240 timing reifyNode:node_modules/token-stream Completed in 18453ms
1241 http fetch GET 200 https://registry.npmjs.org/toidentifier/-/toidentifier-1.0.1.tgz 17678ms (cache miss)
1242 timing reifyNode:node_modules/toidentifier Completed in 18453ms
1243 http fetch GET 200 https://registry.npmjs.org/strip-json-comments/-/strip-json-comments-3.1.1.tgz 17658ms (cache miss)
1244 timing reifyNode:node_modules/strip-json-comments Completed in 18454ms
1245 http fetch GET 200 https://registry.npmjs.org/string-width/-/string-width-4.2.3.tgz 17654ms (cache miss)
1246 timing reifyNode:node_modules/string-width Completed in 18455ms
1247 http fetch GET 200 https://registry.npmjs.org/spdx-license-ids/-/spdx-license-ids-3.0.17.tgz 17647ms (cache miss)
1248 timing reifyNode:node_modules/spdx-license-ids Completed in 18455ms
1249 http fetch GET 200 https://registry.npmjs.org/spdx-exceptions/-/spdx-exceptions-2.5.0.tgz 17647ms (cache miss)
1250 timing reifyNode:node_modules/spdx-exceptions Completed in 18457ms
1251 http fetch GET 200 https://registry.npmjs.org/spawn-command/-/spawn-command-0.0.2.tgz 17637ms (cache miss)
1252 timing reifyNode:node_modules/spawn-command Completed in 18457ms
1253 http fetch GET 200 https://registry.npmjs.org/brace-expansion/-/brace-expansion-2.0.1.tgz 16775ms (cache miss)
1254 timing reifyNode:node_modules/ignore-walk/node_modules/brace-expansion Completed in 18407ms
1255 http fetch GET 200 https://registry.npmjs.org/glob-parent/-/glob-parent-5.1.2.tgz 16762ms (cache miss)
1256 timing reifyNode:node_modules/fast-glob/node_modules/glob-parent Completed in 18397ms
1257 http fetch GET 200 https://registry.npmjs.org/@eslint/js/-/js-8.57.0.tgz 16751ms (cache miss)
1258 timing reifyNode:node_modules/eslint/node_modules/@eslint/js Completed in 18396ms
1259 http fetch GET 200 https://registry.npmjs.org/escape-string-regexp/-/escape-string-regexp-4.0.0.tgz 16754ms (cache miss)
1260 timing reifyNode:node_modules/eslint/node_modules/escape-string-regexp Completed in 18396ms
1261 http fetch GET 200 https://registry.npmjs.org/ms/-/ms-2.1.2.tgz 16750ms (cache miss)
1262 timing reifyNode:node_modules/debug/node_modules/ms Completed in 18392ms
1263 http fetch GET 200 https://registry.npmjs.org/get-stream/-/get-stream-5.2.0.tgz 16745ms (cache miss)
1264 timing reifyNode:node_modules/cacheable-request/node_modules/get-stream Completed in 18384ms
1265 http fetch GET 200 https://registry.npmjs.org/fs-minipass/-/fs-minipass-3.0.3.tgz 16738ms (cache miss)
1266 timing reifyNode:node_modules/cacache/node_modules/fs-minipass Completed in 18386ms
1267 http fetch GET 200 https://registry.npmjs.org/strip-ansi/-/strip-ansi-7.0.1.tgz 16737ms (cache miss)
1268 timing reifyNode:node_modules/boxen/node_modules/strip-ansi Completed in 18385ms
1269 http fetch GET 200 https://registry.npmjs.org/color-name/-/color-name-1.1.3.tgz 16707ms (cache miss)
1270 timing reifyNode:node_modules/@babel/highlight/node_modules/color-name Completed in 18368ms
1271 http fetch GET 200 https://registry.npmjs.org/has-flag/-/has-flag-3.0.0.tgz 16713ms (cache miss)
1272 timing reifyNode:node_modules/@babel/highlight/node_modules/has-flag Completed in 18369ms
1273 http fetch GET 200 https://registry.npmjs.org/rechoir/-/rechoir-0.8.0.tgz 17610ms (cache miss)
1274 timing reifyNode:node_modules/rechoir Completed in 18476ms
1275 http fetch GET 200 https://registry.npmjs.org/remote-git-tags/-/remote-git-tags-3.0.0.tgz 17614ms (cache miss)
1276 timing reifyNode:node_modules/remote-git-tags Completed in 18477ms
1277 http fetch GET 200 https://registry.npmjs.org/pkg-up/-/pkg-up-3.1.0.tgz 17534ms (cache miss)
1278 timing reifyNode:node_modules/pkg-up Completed in 18468ms
1279 http fetch GET 200 https://registry.npmjs.org/mimic-fn/-/mimic-fn-2.1.0.tgz 17457ms (cache miss)
1280 timing reifyNode:node_modules/mimic-fn Completed in 18457ms
1281 http fetch GET 200 https://registry.npmjs.org/queue-microtask/-/queue-microtask-1.2.3.tgz 17601ms (cache miss)
1282 timing reifyNode:node_modules/queue-microtask Completed in 18483ms
1283 http fetch GET 200 https://registry.npmjs.org/p-map/-/p-map-4.0.0.tgz 17519ms (cache miss)
1284 timing reifyNode:node_modules/p-map Completed in 18472ms
1285 http fetch GET 200 https://registry.npmjs.org/jstransformer-markdown-it/-/jstransformer-markdown-it-3.0.0.tgz 17430ms (cache miss)
1286 timing reifyNode:node_modules/jstransformer-markdown-it Completed in 18459ms
1287 http fetch GET 200 https://registry.npmjs.org/json-buffer/-/json-buffer-3.0.1.tgz 17424ms (cache miss)
1288 timing reifyNode:node_modules/json-buffer Completed in 18458ms
1289 http fetch GET 200 https://registry.npmjs.org/jest-resolve-dependencies/-/jest-resolve-dependencies-29.7.0.tgz 17409ms (cache miss)
1290 timing reifyNode:node_modules/jest-resolve-dependencies Completed in 18456ms
1291 http fetch GET 200 https://registry.npmjs.org/inflight/-/inflight-1.0.6.tgz 17356ms (cache miss)
1292 timing reifyNode:node_modules/inflight Completed in 18451ms
1293 http fetch GET 200 https://registry.npmjs.org/import-lazy/-/import-lazy-4.0.0.tgz 17353ms (cache miss)
1294 timing reifyNode:node_modules/import-lazy Completed in 18451ms
1295 http fetch GET 200 https://registry.npmjs.org/import-fresh/-/import-fresh-3.3.0.tgz 17354ms (cache miss)
1296 timing reifyNode:node_modules/import-fresh Completed in 18452ms
1297 http fetch GET 200 https://registry.npmjs.org/global-dirs/-/global-dirs-3.0.0.tgz 17326ms (cache miss)
1298 timing reifyNode:node_modules/global-dirs Completed in 18451ms
1299 http fetch GET 200 https://registry.npmjs.org/eslint-import-resolver-node/-/eslint-import-resolver-node-0.3.9.tgz 17247ms (cache miss)
1300 timing reifyNode:node_modules/eslint-import-resolver-node Completed in 18446ms
1301 http fetch GET 200 https://registry.npmjs.org/@webassemblyjs/utf8/-/utf8-1.11.6.tgz 17097ms (cache miss)
1302 timing reifyNode:node_modules/@webassemblyjs/utf8 Completed in 18426ms
1303 http fetch GET 200 https://registry.npmjs.org/require-directory/-/require-directory-2.1.1.tgz 17655ms (cache miss)
1304 timing reifyNode:node_modules/require-directory Completed in 18516ms
1305 http fetch GET 200 https://registry.npmjs.org/postgres-bytea/-/postgres-bytea-1.0.0.tgz 17589ms (cache miss)
1306 timing reifyNode:node_modules/postgres-bytea Completed in 18516ms
1307 http fetch GET 200 https://registry.npmjs.org/postcss-modules-scope/-/postcss-modules-scope-3.2.0.tgz 17585ms (cache miss)
1308 timing reifyNode:node_modules/postcss-modules-scope Completed in 18516ms
1309 http fetch GET 200 https://registry.npmjs.org/postcss-modules-extract-imports/-/postcss-modules-extract-imports-3.1.0.tgz 17584ms (cache miss)
1310 timing reifyNode:node_modules/postcss-modules-extract-imports Completed in 18517ms
1311 http fetch GET 200 https://registry.npmjs.org/possible-typed-array-names/-/possible-typed-array-names-1.0.0.tgz 17584ms (cache miss)
1312 http fetch GET 200 https://registry.npmjs.org/pg-connection-string/-/pg-connection-string-2.6.2.tgz 17573ms (cache miss)
1313 timing reifyNode:node_modules/pg-connection-string Completed in 18516ms
1314 http fetch GET 200 https://registry.npmjs.org/detect-libc/-/detect-libc-2.0.3.tgz 17379ms (cache miss)
1315 timing reifyNode:node_modules/detect-libc Completed in 18605ms
1316 http fetch GET 200 https://registry.npmjs.org/youch/-/youch-2.2.2.tgz 17978ms (cache miss)
1317 timing reifyNode:node_modules/youch Completed in 18699ms
1318 http fetch GET 200 https://registry.npmjs.org/cssesc/-/cssesc-3.0.0.tgz 17363ms (cache miss)
1319 timing reifyNode:node_modules/cssesc Completed in 18607ms
1320 http fetch GET 200 https://registry.npmjs.org/crypto-random-string/-/crypto-random-string-4.0.0.tgz 17362ms (cache miss)
1321 timing reifyNode:node_modules/crypto-random-string Completed in 18608ms
1322 http fetch GET 200 https://registry.npmjs.org/content-disposition/-/content-disposition-0.5.4.tgz 17359ms (cache miss)
1323 timing reifyNode:node_modules/content-disposition Completed in 18608ms
1324 http fetch GET 200 https://registry.npmjs.org/commist/-/commist-3.0.0.tgz 17356ms (cache miss)
1325 timing reifyNode:node_modules/commist Completed in 18609ms
1326 http fetch GET 200 https://registry.npmjs.org/character-parser/-/character-parser-2.2.0.tgz 17341ms (cache miss)
1327 timing reifyNode:node_modules/character-parser Completed in 18611ms
1328 http fetch GET 200 https://registry.npmjs.org/brace-expansion/-/brace-expansion-1.1.11.tgz 17328ms (cache miss)
1329 timing reifyNode:node_modules/brace-expansion Completed in 18609ms
1330 http fetch GET 200 https://registry.npmjs.org/base64-js/-/base64-js-1.5.1.tgz 17324ms (cache miss)
1331 timing reifyNode:node_modules/base64-js Completed in 18610ms
1332 http fetch GET 200 https://registry.npmjs.org/babel-jest/-/babel-jest-29.7.0.tgz 17321ms (cache miss)
1333 timing reifyNode:node_modules/babel-jest Completed in 18611ms
1334 http fetch GET 200 https://registry.npmjs.org/ansi-styles/-/ansi-styles-4.3.0.tgz 17306ms (cache miss)
1335 timing reifyNode:node_modules/ansi-styles Completed in 18613ms
1336 http fetch GET 200 https://registry.npmjs.org/anymatch/-/anymatch-3.1.2.tgz 17306ms (cache miss)
1337 timing reifyNode:node_modules/anymatch Completed in 18614ms
1338 http fetch GET 200 https://registry.npmjs.org/ansi-escapes/-/ansi-escapes-4.3.2.tgz 17306ms (cache miss)
1339 timing reifyNode:node_modules/ansi-escapes Completed in 18614ms
1340 http fetch GET 200 https://registry.npmjs.org/acorn-import-assertions/-/acorn-import-assertions-1.9.0.tgz 17302ms (cache miss)
1341 timing reifyNode:node_modules/acorn-import-assertions Completed in 18615ms
1342 http fetch GET 200 https://registry.npmjs.org/write-file-atomic/-/write-file-atomic-4.0.2.tgz 17989ms (cache miss)
1343 timing reifyNode:node_modules/write-file-atomic Completed in 18724ms
1344 http fetch GET 200 https://registry.npmjs.org/wrap-ansi/-/wrap-ansi-8.1.0.tgz 17988ms (cache miss)
1345 timing reifyNode:node_modules/wrap-ansi Completed in 18725ms
1346 http fetch GET 200 https://registry.npmjs.org/widest-line/-/widest-line-4.0.1.tgz 17988ms (cache miss)
1347 timing reifyNode:node_modules/widest-line Completed in 18724ms
1348 http fetch GET 200 https://registry.npmjs.org/which/-/which-2.0.2.tgz 17988ms (cache miss)
1349 timing reifyNode:node_modules/which Completed in 18727ms
1350 http fetch GET 200 https://registry.npmjs.org/update-browserslist-db/-/update-browserslist-db-1.0.13.tgz 17980ms (cache miss)
1351 timing reifyNode:node_modules/update-browserslist-db Completed in 18726ms
1352 http fetch GET 200 https://registry.npmjs.org/tunnel-agent/-/tunnel-agent-0.6.0.tgz 17956ms (cache miss)
1353 timing reifyNode:node_modules/tunnel-agent Completed in 18727ms
1354 http fetch GET 200 https://registry.npmjs.org/text-table/-/text-table-0.2.0.tgz 17950ms (cache miss)
1355 http fetch GET 200 https://registry.npmjs.org/supports-preserve-symlinks-flag/-/supports-preserve-symlinks-flag-1.0.0.tgz 17934ms (cache miss)
1356 timing reifyNode:node_modules/supports-preserve-symlinks-flag Completed in 18730ms
1357 http fetch GET 200 https://registry.npmjs.org/stack-trace/-/stack-trace-0.0.10.tgz 17924ms (cache miss)
1358 timing reifyNode:node_modules/stack-trace Completed in 18730ms
1359 http fetch GET 200 https://registry.npmjs.org/string_decoder/-/string_decoder-1.3.0.tgz 17927ms (cache miss)
1360 timing reifyNode:node_modules/string_decoder Completed in 18731ms
1361 http fetch GET 200 https://registry.npmjs.org/stack-utils/-/stack-utils-2.0.6.tgz 17927ms (cache miss)
1362 timing reifyNode:node_modules/stack-utils Completed in 18732ms
1363 http fetch GET 200 https://registry.npmjs.org/split2/-/split2-3.2.2.tgz 17924ms (cache miss)
1364 timing reifyNode:node_modules/split2 Completed in 18731ms
1365 http fetch GET 200 https://registry.npmjs.org/spdx-expression-parse/-/spdx-expression-parse-3.0.1.tgz 17924ms (cache miss)
1366 timing reifyNode:node_modules/spdx-expression-parse Completed in 18732ms
1367 http fetch GET 200 https://registry.npmjs.org/socks-proxy-agent/-/socks-proxy-agent-7.0.0.tgz 17909ms (cache miss)
1368 timing reifyNode:node_modules/socks-proxy-agent Completed in 18733ms
1369 http fetch GET 200 https://registry.npmjs.org/resolve-from/-/resolve-from-4.0.0.tgz 17052ms (cache miss)
1370 timing reifyNode:node_modules/import-fresh/node_modules/resolve-from Completed in 18683ms
1371 http fetch GET 200 https://registry.npmjs.org/unique-slug/-/unique-slug-4.0.0.tgz 17020ms (cache miss)
1372 timing reifyNode:node_modules/cacache/node_modules/unique-slug Completed in 18661ms
1373 http fetch GET 200 https://registry.npmjs.org/lowercase-keys/-/lowercase-keys-2.0.0.tgz 17023ms (cache miss)
1374 timing reifyNode:node_modules/cacheable-request/node_modules/lowercase-keys Completed in 18661ms
1375 http fetch GET 200 https://registry.npmjs.org/unique-filename/-/unique-filename-3.0.0.tgz 17022ms (cache miss)
1376 timing reifyNode:node_modules/cacache/node_modules/unique-filename Completed in 18663ms
1377 http fetch GET 200 https://registry.npmjs.org/string-width/-/string-width-5.1.2.tgz 17011ms (cache miss)
1378 timing reifyNode:node_modules/boxen/node_modules/string-width Completed in 18662ms
1379 http fetch GET 200 https://registry.npmjs.org/ansi-regex/-/ansi-regex-6.0.1.tgz 17011ms (cache miss)
1380 timing reifyNode:node_modules/boxen/node_modules/ansi-regex Completed in 18662ms
1381 http fetch GET 200 https://registry.npmjs.org/find-up/-/find-up-4.1.0.tgz 17002ms (cache miss)
1382 timing reifyNode:node_modules/@istanbuljs/load-nyc-config/node_modules/find-up Completed in 18650ms
1383 http fetch GET 200 https://registry.npmjs.org/p-limit/-/p-limit-2.3.0.tgz 17005ms (cache miss)
1384 timing reifyNode:node_modules/@istanbuljs/load-nyc-config/node_modules/p-limit Completed in 18651ms
1385 http fetch GET 200 https://registry.npmjs.org/strip-ansi/-/strip-ansi-7.1.0.tgz 17002ms (cache miss)
1386 timing reifyNode:node_modules/@isaacs/cliui/node_modules/strip-ansi Completed in 18651ms
1387 http fetch GET 200 https://registry.npmjs.org/supports-color/-/supports-color-5.5.0.tgz 16989ms (cache miss)
1388 timing reifyNode:node_modules/@babel/highlight/node_modules/supports-color Completed in 18647ms
1389 http fetch GET 200 https://registry.npmjs.org/safe-regex-test/-/safe-regex-test-1.0.3.tgz 17903ms (cache miss)
1390 timing reifyNode:node_modules/safe-regex-test Completed in 18753ms
1391 http fetch GET 200 https://registry.npmjs.org/run-parallel/-/run-parallel-1.2.0.tgz 17900ms (cache miss)
1392 timing reifyNode:node_modules/run-parallel Completed in 18754ms
1393 http fetch GET 200 https://registry.npmjs.org/resolve-from/-/resolve-from-5.0.0.tgz 17896ms (cache miss)
1394 timing reifyNode:node_modules/resolve-from Completed in 18754ms
1395 http fetch GET 200 https://registry.npmjs.org/randombytes/-/randombytes-2.1.0.tgz 17873ms (cache miss)
1396 timing reifyNode:node_modules/randombytes Completed in 18752ms
1397 http fetch GET 200 https://registry.npmjs.org/natural-compare/-/natural-compare-1.4.0.tgz 17748ms (cache miss)
1398 timing reifyNode:node_modules/natural-compare Completed in 18736ms
1399 http fetch GET 200 https://registry.npmjs.org/slash/-/slash-3.0.0.tgz 17936ms (cache miss)
1400 timing reifyNode:node_modules/slash Completed in 18762ms
1401 http fetch GET 200 https://registry.npmjs.org/shallow-clone/-/shallow-clone-3.0.1.tgz 17931ms (cache miss)
1402 timing reifyNode:node_modules/shallow-clone Completed in 18764ms
1403 http fetch GET 200 https://registry.npmjs.org/set-blocking/-/set-blocking-2.0.0.tgz 17930ms (cache miss)
1404 timing reifyNode:node_modules/set-blocking Completed in 18764ms
1405 http fetch GET 200 https://registry.npmjs.org/serialize-javascript/-/serialize-javascript-6.0.2.tgz 17929ms (cache miss)
1406 timing reifyNode:node_modules/serialize-javascript Completed in 18765ms
1407 http fetch GET 200 https://registry.npmjs.org/reusify/-/reusify-1.0.4.tgz 17908ms (cache miss)
1408 timing reifyNode:node_modules/reusify Completed in 18763ms
1409 http fetch GET 200 https://registry.npmjs.org/path-type/-/path-type-4.0.0.tgz 17808ms (cache miss)
1410 timing reifyNode:node_modules/path-type Completed in 18752ms
1411 http fetch GET 200 https://registry.npmjs.org/js-stringify/-/js-stringify-1.0.2.tgz 17698ms (cache miss)
1412 timing reifyNode:node_modules/js-stringify Completed in 18735ms
1413 http fetch GET 200 https://registry.npmjs.org/jstransformer/-/jstransformer-1.0.0.tgz 17709ms (cache miss)
1414 timing reifyNode:node_modules/jstransformer Completed in 18738ms
1415 http fetch GET 200 https://registry.npmjs.org/jest-docblock/-/jest-docblock-29.7.0.tgz 17680ms (cache miss)
1416 timing reifyNode:node_modules/jest-docblock Completed in 18733ms
1417 http fetch GET 200 https://registry.npmjs.org/jest-changed-files/-/jest-changed-files-29.7.0.tgz 17677ms (cache miss)
1418 timing reifyNode:node_modules/jest-changed-files Completed in 18732ms
1419 http fetch GET 200 https://registry.npmjs.org/isexe/-/isexe-2.0.0.tgz 17667ms (cache miss)
1420 timing reifyNode:node_modules/isexe Completed in 18733ms
1421 http fetch GET 200 https://registry.npmjs.org/is-installed-globally/-/is-installed-globally-0.4.0.tgz 17654ms (cache miss)
1422 timing reifyNode:node_modules/is-installed-globally Completed in 18731ms
1423 http fetch GET 200 https://registry.npmjs.org/is-docker/-/is-docker-2.2.1.tgz 17650ms (cache miss)
1424 timing reifyNode:node_modules/is-docker Completed in 18730ms
1425 http fetch GET 200 https://registry.npmjs.org/inherits/-/inherits-2.0.4.tgz 17637ms (cache miss)
1426 timing reifyNode:node_modules/inherits Completed in 18732ms
1427 http fetch GET 200 https://registry.npmjs.org/ignore-walk/-/ignore-walk-6.0.4.tgz 17633ms (cache miss)
1428 timing reifyNode:node_modules/ignore-walk Completed in 18732ms
1429 http fetch GET 200 https://registry.npmjs.org/has-yarn/-/has-yarn-3.0.0.tgz 17615ms (cache miss)
1430 timing reifyNode:node_modules/has-yarn Completed in 18731ms
1431 http fetch GET 200 https://registry.npmjs.org/github-from-package/-/github-from-package-0.0.0.tgz 17602ms (cache miss)
1432 http fetch GET 200 https://registry.npmjs.org/glob-to-regexp/-/glob-to-regexp-0.4.1.tgz 17605ms (cache miss)
1433 timing reifyNode:node_modules/glob-to-regexp Completed in 18731ms
1434 http fetch GET 200 https://registry.npmjs.org/expand-template/-/expand-template-2.0.3.tgz 17535ms (cache miss)
1435 timing reifyNode:node_modules/expand-template Completed in 18724ms
1436 http fetch GET 200 https://registry.npmjs.org/esrecurse/-/esrecurse-4.3.0.tgz 17532ms (cache miss)
1437 timing reifyNode:node_modules/esrecurse Completed in 18725ms
1438 http fetch GET 200 https://registry.npmjs.org/end-of-stream/-/end-of-stream-1.4.4.tgz 17507ms (cache miss)
1439 timing reifyNode:node_modules/end-of-stream Completed in 18724ms
1440 http fetch GET 200 https://registry.npmjs.org/emoji-regex/-/emoji-regex-8.0.0.tgz 17506ms (cache miss)
1441 timing reifyNode:node_modules/emoji-regex Completed in 18725ms
1442 http fetch GET 200 https://registry.npmjs.org/cookie 11373ms (cache miss)
1443 timing metavuln:packument:cookie Completed in 11374ms
1444 timing metavuln:load:security-advisory:cookie:1103907 Completed in 2ms
1445 http fetch GET 200 https://registry.npmjs.org/ip 11372ms (cache miss)
1446 timing metavuln:packument:ip Completed in 11373ms
1447 timing metavuln:load:security-advisory:ip:1101851 Completed in 1ms
1448 timing metavuln:load:security-advisory:ip:1097721 Completed in 1ms
1449 http fetch GET 200 https://registry.npmjs.org/js-yaml 11384ms (cache miss)
1450 timing metavuln:packument:js-yaml Completed in 11385ms
1451 timing metavuln:load:security-advisory:js-yaml:1112714 Completed in 1ms
1452 timing metavuln:load:security-advisory:js-yaml:1112715 Completed in 1ms
1453 http fetch GET 200 https://registry.npmjs.org/brace-expansion 11386ms (cache miss)
1454 timing metavuln:packument:brace-expansion Completed in 11387ms
1455 timing metavuln:load:security-advisory:brace-expansion:1105443 Completed in 0ms
1456 timing metavuln:load:security-advisory:brace-expansion:1105444 Completed in 0ms
1457 http fetch GET 200 https://registry.npmjs.org/shebang-regex/-/shebang-regex-3.0.0.tgz 17980ms (cache miss)
1458 timing reifyNode:node_modules/shebang-regex Completed in 18810ms
1459 http fetch GET 200 https://registry.npmjs.org/resolve-cwd/-/resolve-cwd-3.0.0.tgz 17948ms (cache miss)
1460 timing reifyNode:node_modules/resolve-cwd Completed in 18807ms
1461 http fetch GET 200 https://registry.npmjs.org/safe-regex2/-/safe-regex2-2.0.0.tgz 17960ms (cache miss)
1462 timing reifyNode:node_modules/safe-regex2 Completed in 18809ms
1463 http fetch GET 200 https://registry.npmjs.org/responselike/-/responselike-2.0.1.tgz 17951ms (cache miss)
1464 timing reifyNode:node_modules/responselike Completed in 18809ms
1465 http fetch GET 200 https://registry.npmjs.org/require-from-string/-/require-from-string-2.0.2.tgz 17948ms (cache miss)
1466 timing reifyNode:node_modules/require-from-string Completed in 18808ms
1467 http fetch GET 200 https://registry.npmjs.org/real-require/-/real-require-0.2.0.tgz 17936ms (cache miss)
1468 timing reifyNode:node_modules/real-require Completed in 18810ms
1469 http fetch GET 200 https://registry.npmjs.org/quick-lru/-/quick-lru-5.1.1.tgz 17930ms (cache miss)
1470 timing reifyNode:node_modules/quick-lru Completed in 18809ms
1471 http fetch GET 200 https://registry.npmjs.org/pump/-/pump-3.0.0.tgz 17924ms (cache miss)
1472 timing reifyNode:node_modules/pump Completed in 18810ms
1473 http fetch GET 200 https://registry.npmjs.org/pug-strip-comments/-/pug-strip-comments-2.0.0.tgz 17925ms (cache miss)
1474 timing reifyNode:node_modules/pug-strip-comments Completed in 18808ms
1475 http fetch GET 200 https://registry.npmjs.org/pug-attrs/-/pug-attrs-3.0.0.tgz 17918ms (cache miss)
1476 timing reifyNode:node_modules/pug-attrs Completed in 18809ms
1477 http fetch GET 200 https://registry.npmjs.org/proxy-addr/-/proxy-addr-2.0.7.tgz 17919ms (cache miss)
1478 timing reifyNode:node_modules/proxy-addr Completed in 18810ms
1479 http fetch GET 200 https://registry.npmjs.org/pug-linker/-/pug-linker-4.0.0.tgz 17924ms (cache miss)
1480 timing reifyNode:node_modules/pug-linker Completed in 18811ms
1481 http fetch GET 200 https://registry.npmjs.org/pug-error/-/pug-error-2.0.0.tgz 17922ms (cache miss)
1482 timing reifyNode:node_modules/pug-error Completed in 18811ms
1483 http fetch GET 200 https://registry.npmjs.org/postgres-array/-/postgres-array-2.0.0.tgz 17883ms (cache miss)
1484 timing reifyNode:node_modules/postgres-array Completed in 18811ms
1485 http fetch GET 200 https://registry.npmjs.org/postgres-date/-/postgres-date-1.0.7.tgz 17886ms (cache miss)
1486 timing reifyNode:node_modules/postgres-date Completed in 18812ms
1487 http fetch GET 200 https://registry.npmjs.org/picocolors/-/picocolors-1.0.0.tgz 17873ms (cache miss)
1488 timing reifyNode:node_modules/picocolors Completed in 18812ms
1489 http fetch GET 200 https://registry.npmjs.org/path-parse/-/path-parse-1.0.7.tgz 17865ms (cache miss)
1490 timing reifyNode:node_modules/path-parse Completed in 18812ms
1491 http fetch GET 200 https://registry.npmjs.org/once/-/once-1.4.0.tgz 17860ms (cache miss)
1492 timing reifyNode:node_modules/once Completed in 18816ms
1493 http fetch GET 200 https://registry.npmjs.org/mkdirp-classic/-/mkdirp-classic-0.5.3.tgz 17823ms (cache miss)
1494 timing reifyNode:node_modules/mkdirp-classic Completed in 18815ms
1495 http fetch GET 200 https://registry.npmjs.org/latest-version/-/latest-version-7.0.0.tgz 17786ms (cache miss)
1496 timing reifyNode:node_modules/latest-version Completed in 18811ms
1497 http fetch GET 200 https://registry.npmjs.org/jest-get-type/-/jest-get-type-29.6.3.tgz 17759ms (cache miss)
1498 timing reifyNode:node_modules/jest-get-type Completed in 18812ms
1499 http fetch GET 200 https://registry.npmjs.org/define-data-property/-/define-data-property-1.1.4.tgz 17646ms (cache miss)
1500 timing reifyNode:node_modules/define-data-property Completed in 18882ms
1501 http fetch GET 200 https://registry.npmjs.org/d/-/d-1.0.2.tgz 17638ms (cache miss)
1502 timing reifyNode:node_modules/d Completed in 18883ms
1503 http fetch GET 200 https://registry.npmjs.org/convert-source-map/-/convert-source-map-2.0.0.tgz 17635ms (cache miss)
1504 timing reifyNode:node_modules/convert-source-map Completed in 18884ms
1505 http fetch GET 200 https://registry.npmjs.org/confusing-browser-globals/-/confusing-browser-globals-1.0.11.tgz 17633ms (cache miss)
1506 timing reifyNode:node_modules/confusing-browser-globals Completed in 18884ms
1507 http fetch GET 200 https://registry.npmjs.org/config-chain/-/config-chain-1.1.13.tgz 17633ms (cache miss)
1508 timing reifyNode:node_modules/config-chain Completed in 18885ms
1509 http fetch GET 200 https://registry.npmjs.org/color-support/-/color-support-1.1.3.tgz 17631ms (cache miss)
1510 timing reifyNode:node_modules/color-support Completed in 18887ms
1511 http fetch GET 200 https://registry.npmjs.org/cacheable-request/-/cacheable-request-7.0.2.tgz 17614ms (cache miss)
1512 timing reifyNode:node_modules/cacheable-request Completed in 18886ms
1513 http fetch GET 200 https://registry.npmjs.org/builtins/-/builtins-5.1.0.tgz 17608ms (cache miss)
1514 timing reifyNode:node_modules/builtins Completed in 18886ms
1515 http fetch GET 200 https://registry.npmjs.org/bser/-/bser-2.1.1.tgz 17607ms (cache miss)
1516 timing reifyNode:node_modules/bser Completed in 18887ms
1517 http fetch GET 200 https://registry.npmjs.org/boxen/-/boxen-7.0.0.tgz 17606ms (cache miss)
1518 timing reifyNode:node_modules/boxen Completed in 18888ms
1519 http fetch GET 200 https://registry.npmjs.org/aproba/-/aproba-2.0.0.tgz 17583ms (cache miss)
1520 timing reifyNode:node_modules/aproba Completed in 18889ms
1521 http fetch GET 200 https://registry.npmjs.org/acorn-jsx/-/acorn-jsx-5.3.2.tgz 17576ms (cache miss)
1522 timing reifyNode:node_modules/acorn-jsx Completed in 18890ms
1523 http fetch GET 200 https://registry.npmjs.org/abstract-logging/-/abstract-logging-2.0.1.tgz 17576ms (cache miss)
1524 timing reifyNode:node_modules/abstract-logging Completed in 18891ms
1525 http fetch GET 200 https://registry.npmjs.org/yallist/-/yallist-4.0.0.tgz 18278ms (cache miss)
1526 timing reifyNode:node_modules/yallist Completed in 19001ms
1527 http fetch GET 200 https://registry.npmjs.org/wrappy/-/wrappy-1.0.2.tgz 18267ms (cache miss)
1528 timing reifyNode:node_modules/wrappy Completed in 19002ms
1529 http fetch GET 200 https://registry.npmjs.org/wide-align/-/wide-align-1.1.5.tgz 18265ms (cache miss)
1530 timing reifyNode:node_modules/wide-align Completed in 19002ms
1531 http fetch GET 200 https://registry.npmjs.org/which-boxed-primitive/-/which-boxed-primitive-1.0.2.tgz 18266ms (cache miss)
1532 timing reifyNode:node_modules/which-boxed-primitive Completed in 19002ms
1533 http fetch GET 200 https://registry.npmjs.org/vary/-/vary-1.1.2.tgz 18262ms (cache miss)
1534 timing reifyNode:node_modules/vary Completed in 19004ms
1535 http fetch GET 200 https://registry.npmjs.org/typedarray-to-buffer/-/typedarray-to-buffer-3.1.5.tgz 18238ms (cache miss)
1536 timing reifyNode:node_modules/typedarray-to-buffer Completed in 19004ms
1537 http fetch GET 200 https://registry.npmjs.org/unique-slug/-/unique-slug-2.0.2.tgz 18259ms (cache miss)
1538 timing reifyNode:node_modules/unique-slug Completed in 19006ms
1539 http fetch GET 200 https://registry.npmjs.org/type-is/-/type-is-1.6.18.tgz 18240ms (cache miss)
1540 timing reifyNode:node_modules/type-is Completed in 19008ms
1541 http fetch GET 200 https://registry.npmjs.org/type-detect/-/type-detect-4.0.8.tgz 18238ms (cache miss)
1542 timing reifyNode:node_modules/type-detect Completed in 19007ms
1543 http fetch GET 200 https://registry.npmjs.org/toposort-class/-/toposort-class-1.0.1.tgz 18235ms (cache miss)
1544 http fetch GET 200 https://registry.npmjs.org/tmpl/-/tmpl-1.0.5.tgz 18231ms (cache miss)
1545 timing reifyNode:node_modules/tmpl Completed in 19010ms
1546 http fetch GET 200 https://registry.npmjs.org/tildify/-/tildify-2.0.0.tgz 18231ms (cache miss)
1547 timing reifyNode:node_modules/tildify Completed in 19010ms
1548 http fetch GET 200 https://registry.npmjs.org/string-width/-/string-width-4.2.3.tgz 18211ms (cache miss)
1549 timing reifyNode:node_modules/string-width-cjs Completed in 19013ms
1550 http fetch GET 200 https://registry.npmjs.org/statuses/-/statuses-2.0.1.tgz 18209ms (cache miss)
1551 timing reifyNode:node_modules/statuses Completed in 19014ms
1552 http fetch GET 200 https://registry.npmjs.org/brace-expansion/-/brace-expansion-2.0.1.tgz 17323ms (cache miss)
1553 timing reifyNode:node_modules/glob/node_modules/brace-expansion Completed in 18958ms
1554 http fetch GET 200 https://registry.npmjs.org/brace-expansion/-/brace-expansion-2.0.1.tgz 17299ms (cache miss)
1555 timing reifyNode:node_modules/editorconfig/node_modules/brace-expansion Completed in 18942ms
1556 http fetch GET 200 https://registry.npmjs.org/brace-expansion/-/brace-expansion-2.0.1.tgz 17327ms (cache miss)
1557 timing reifyNode:node_modules/help-me/node_modules/brace-expansion Completed in 18961ms
1558 http fetch GET 200 https://registry.npmjs.org/brace-expansion/-/brace-expansion-2.0.1.tgz 17273ms (cache miss)
1559 timing reifyNode:node_modules/@tufjs/models/node_modules/brace-expansion Completed in 18920ms
1560 http fetch GET 200 https://registry.npmjs.org/spawn-please/-/spawn-please-2.0.2.tgz 18197ms (cache miss)
1561 http fetch GET 200 https://registry.npmjs.org/pg-connection-string/-/pg-connection-string-2.6.1.tgz 17327ms (cache miss)
1562 timing reifyNode:node_modules/fastify-objectionjs/node_modules/pg-connection-string Completed in 18954ms
1563 http fetch GET 200 https://registry.npmjs.org/glob-parent/-/glob-parent-5.1.2.tgz 17300ms (cache miss)
1564 timing reifyNode:node_modules/chokidar/node_modules/glob-parent Completed in 18941ms
1565 http fetch GET 200 https://registry.npmjs.org/mimic-response/-/mimic-response-3.1.0.tgz 17312ms (cache miss)
1566 timing reifyNode:node_modules/decompress-response/node_modules/mimic-response Completed in 18954ms
1567 http fetch GET 200 https://registry.npmjs.org/supports-color/-/supports-color-8.1.1.tgz 17311ms (cache miss)
1568 timing reifyNode:node_modules/concurrently/node_modules/supports-color Completed in 18954ms
1569 http fetch GET 200 https://registry.npmjs.org/ini/-/ini-1.3.8.tgz 17313ms (cache miss)
1570 timing reifyNode:node_modules/config-chain/node_modules/ini Completed in 18955ms
1571 http fetch GET 200 https://registry.npmjs.org/which/-/which-3.0.1.tgz 17292ms (cache miss)
1572 timing reifyNode:node_modules/@npmcli/run-script/node_modules/which Completed in 18937ms
1573 http fetch GET 200 https://registry.npmjs.org/locate-path/-/locate-path-5.0.0.tgz 17288ms (cache miss)
1574 timing reifyNode:node_modules/@istanbuljs/load-nyc-config/node_modules/locate-path Completed in 18935ms
1575 http fetch GET 200 https://registry.npmjs.org/safe-stable-stringify/-/safe-stable-stringify-2.4.3.tgz 18193ms (cache miss)
1576 timing reifyNode:node_modules/safe-stable-stringify Completed in 19042ms
1577 http fetch GET 200 https://registry.npmjs.org/rimraf/-/rimraf-3.0.2.tgz 18190ms (cache miss)
1578 timing reifyNode:node_modules/rimraf Completed in 19043ms
1579 http fetch GET 200 https://registry.npmjs.org/object-assign/-/object-assign-4.1.1.tgz 18059ms (cache miss)
1580 timing reifyNode:node_modules/object-assign Completed in 19027ms
1581 http fetch GET 200 https://registry.npmjs.org/signal-exit/-/signal-exit-3.0.7.tgz 18221ms (cache miss)
1582 timing reifyNode:node_modules/signal-exit Completed in 19049ms
1583 http fetch GET 200 https://registry.npmjs.org/shebang-command/-/shebang-command-2.0.0.tgz 18219ms (cache miss)
1584 timing reifyNode:node_modules/shebang-command Completed in 19051ms
1585 http fetch GET 200 https://registry.npmjs.org/setprototypeof/-/setprototypeof-1.2.0.tgz 18220ms (cache miss)
1586 timing reifyNode:node_modules/setprototypeof Completed in 19051ms
1587 http fetch GET 200 https://registry.npmjs.org/resolve-alpn/-/resolve-alpn-1.2.1.tgz 18193ms (cache miss)
1588 timing reifyNode:node_modules/resolve-alpn Completed in 19052ms
1589 http fetch GET 200 https://registry.npmjs.org/registry-auth-token/-/registry-auth-token-5.0.1.tgz 18189ms (cache miss)
1590 timing reifyNode:node_modules/registry-auth-token Completed in 19052ms
1591 http fetch GET 200 https://registry.npmjs.org/pg-int8/-/pg-int8-1.0.1.tgz 18100ms (cache miss)
1592 timing reifyNode:node_modules/pg-int8 Completed in 19042ms
1593 http fetch GET 200 https://registry.npmjs.org/minipass-collect/-/minipass-collect-1.0.2.tgz 18037ms (cache miss)
1594 timing reifyNode:node_modules/minipass-collect Completed in 19034ms
1595 http fetch GET 200 https://registry.npmjs.org/mimic-response/-/mimic-response-1.0.1.tgz 18034ms (cache miss)
1596 timing reifyNode:node_modules/mimic-response Completed in 19035ms
1597 http fetch GET 200 https://registry.npmjs.org/loader-runner/-/loader-runner-4.3.0.tgz 18013ms (cache miss)
1598 timing reifyNode:node_modules/loader-runner Completed in 19030ms
1599 http fetch GET 200 https://registry.npmjs.org/is-glob/-/is-glob-4.0.3.tgz 17944ms (cache miss)
1600 timing reifyNode:node_modules/is-glob Completed in 19021ms
1601 http fetch GET 200 https://registry.npmjs.org/infer-owner/-/infer-owner-1.0.4.tgz 17923ms (cache miss)
1602 timing reifyNode:node_modules/infer-owner Completed in 19020ms
1603 http fetch GET 200 https://registry.npmjs.org/imurmurhash/-/imurmurhash-0.1.4.tgz 17923ms (cache miss)
1604 timing reifyNode:node_modules/imurmurhash Completed in 19020ms
1605 http fetch GET 200 https://registry.npmjs.org/humanize-ms/-/humanize-ms-1.2.1.tgz 17918ms (cache miss)
1606 timing reifyNode:node_modules/humanize-ms Completed in 19020ms
1607 http fetch GET 200 https://registry.npmjs.org/http-proxy-agent/-/http-proxy-agent-5.0.0.tgz 17912ms (cache miss)
1608 timing reifyNode:node_modules/http-proxy-agent Completed in 19023ms
1609 http fetch GET 200 https://registry.npmjs.org/import-local/-/import-local-3.1.0.tgz 17902ms (cache miss)
1610 timing reifyNode:node_modules/import-local Completed in 19026ms
1611 timing reifyNode:node_modules/github-from-package Completed in 19024ms
1612 http fetch GET 200 https://registry.npmjs.org/fill-range/-/fill-range-7.0.1.tgz 17872ms (cache miss)
1613 timing reifyNode:node_modules/fill-range Completed in 19019ms
1614 http fetch GET 200 https://registry.npmjs.org/fb-watchman/-/fb-watchman-2.0.2.tgz 17871ms (cache miss)
1615 timing reifyNode:node_modules/fb-watchman Completed in 19019ms
1616 http fetch GET 200 https://registry.npmjs.org/fastify-method-override/-/fastify-method-override-1.5.10.tgz 17860ms (cache miss)
1617 timing reifyNode:node_modules/fastify-method-override Completed in 19020ms
1618 http fetch GET 200 https://registry.npmjs.org/fs-minipass/-/fs-minipass-2.1.0.tgz 17884ms (cache miss)
1619 timing reifyNode:node_modules/fs-minipass Completed in 19024ms
1620 http fetch GET 200 https://registry.npmjs.org/escape-string-regexp/-/escape-string-regexp-1.0.5.tgz 17819ms (cache miss)
1621 timing reifyNode:node_modules/escape-string-regexp Completed in 19019ms
1622 http fetch GET 200 https://registry.npmjs.org/escape-goat/-/escape-goat-4.0.0.tgz 17818ms (cache miss)
1623 timing reifyNode:node_modules/escape-goat Completed in 19020ms
1624 http fetch GET 200 https://registry.npmjs.org/ansi-styles/-/ansi-styles-3.2.1.tgz 17321ms (cache miss)
1625 timing reifyNode:node_modules/@babel/highlight/node_modules/ansi-styles Completed in 18982ms
1626 http fetch GET 200 https://registry.npmjs.org/braces 11669ms (cache miss)
1627 timing metavuln:packument:braces Completed in 11671ms
1628 timing metavuln:load:security-advisory:braces:1098094 Completed in 1ms
1629 http fetch GET 200 https://registry.npmjs.org/cross-spawn 11671ms (cache miss)
1630 timing metavuln:packument:cross-spawn Completed in 11673ms
1631 timing metavuln:load:security-advisory:cross-spawn:1104664 Completed in 1ms
1632 http fetch GET 200 https://registry.npmjs.org/read-package-json/-/read-package-json-6.0.4.tgz 18217ms (cache miss)
1633 timing reifyNode:node_modules/read-package-json Completed in 19095ms
1634 http fetch GET 200 https://registry.npmjs.org/pug-walk/-/pug-walk-2.0.0.tgz 18209ms (cache miss)
1635 timing reifyNode:node_modules/pug-walk Completed in 19094ms
1636 http fetch GET 200 https://registry.npmjs.org/quick-format-unescaped/-/quick-format-unescaped-4.0.4.tgz 18215ms (cache miss)
1637 timing reifyNode:node_modules/quick-format-unescaped Completed in 19096ms
1638 http fetch GET 200 https://registry.npmjs.org/read-package-json-fast/-/read-package-json-fast-3.0.2.tgz 18221ms (cache miss)
1639 timing reifyNode:node_modules/read-package-json-fast Completed in 19097ms
1640 http fetch GET 200 https://registry.npmjs.org/progress/-/progress-2.0.3.tgz 18183ms (cache miss)
1641 timing reifyNode:node_modules/progress Completed in 19095ms
1642 http fetch GET 200 https://registry.npmjs.org/process/-/process-0.11.10.tgz 18182ms (cache miss)
1643 timing reifyNode:node_modules/process Completed in 19096ms
1644 timing reifyNode:node_modules/possible-typed-array-names Completed in 19098ms
1645 http fetch GET 200 https://registry.npmjs.org/pgpass/-/pgpass-1.0.5.tgz 18159ms (cache miss)
1646 timing reifyNode:node_modules/pgpass Completed in 19098ms
1647 http fetch GET 200 https://registry.npmjs.org/path-key/-/path-key-3.1.1.tgz 18152ms (cache miss)
1648 timing reifyNode:node_modules/path-key Completed in 19099ms
1649 http fetch GET 200 https://registry.npmjs.org/parent-module/-/parent-module-1.0.1.tgz 18149ms (cache miss)
1650 timing reifyNode:node_modules/parent-module Completed in 19099ms
1651 http fetch GET 200 https://registry.npmjs.org/p-try/-/p-try-2.2.0.tgz 18150ms (cache miss)
1652 timing reifyNode:node_modules/p-try Completed in 19102ms
1653 http fetch GET 200 https://registry.npmjs.org/p-limit/-/p-limit-3.1.0.tgz 18151ms (cache miss)
1654 timing reifyNode:node_modules/p-limit Completed in 19104ms
1655 http fetch GET 200 https://registry.npmjs.org/npm-run-path/-/npm-run-path-4.0.1.tgz 18137ms (cache miss)
1656 timing reifyNode:node_modules/npm-run-path Completed in 19106ms
1657 http fetch GET 200 https://registry.npmjs.org/locate-path/-/locate-path-6.0.0.tgz 18088ms (cache miss)
1658 timing reifyNode:node_modules/locate-path Completed in 19104ms
1659 http fetch GET 200 https://registry.npmjs.org/json-parse-helpfulerror/-/json-parse-helpfulerror-1.0.3.tgz 18073ms (cache miss)
1660 timing reifyNode:node_modules/json-parse-helpfulerror Completed in 19106ms
1661 http fetch GET 200 https://registry.npmjs.org/isobject/-/isobject-3.0.1.tgz 18041ms (cache miss)
1662 timing reifyNode:node_modules/isobject Completed in 19105ms
1663 http fetch GET 200 https://registry.npmjs.org/is-generator-fn/-/is-generator-fn-2.1.0.tgz 18026ms (cache miss)
1664 timing reifyNode:node_modules/is-generator-fn Completed in 19105ms
1665 http fetch GET 200 https://registry.npmjs.org/dot-prop/-/dot-prop-6.0.1.tgz 17951ms (cache miss)
1666 timing reifyNode:node_modules/dot-prop Completed in 19176ms
1667 http fetch GET 200 https://registry.npmjs.org/depd/-/depd-2.0.0.tgz 17943ms (cache miss)
1668 timing reifyNode:node_modules/depd Completed in 19176ms
1669 http fetch GET 200 https://registry.npmjs.org/defer-to-connect/-/defer-to-connect-2.0.1.tgz 17940ms (cache miss)
1670 timing reifyNode:node_modules/defer-to-connect Completed in 19177ms
1671 http fetch GET 200 https://registry.npmjs.org/define-properties/-/define-properties-1.2.1.tgz 17942ms (cache miss)
1672 timing reifyNode:node_modules/define-properties Completed in 19178ms
1673 http fetch GET 200 https://registry.npmjs.org/deep-is/-/deep-is-0.1.4.tgz 17940ms (cache miss)
1674 timing reifyNode:node_modules/deep-is Completed in 19178ms
1675 http fetch GET 200 https://registry.npmjs.org/decompress-response/-/decompress-response-6.0.0.tgz 17938ms (cache miss)
1676 timing reifyNode:node_modules/decompress-response Completed in 19177ms
1677 http fetch GET 200 https://registry.npmjs.org/dateformat/-/dateformat-4.6.3.tgz 17937ms (cache miss)
1678 timing reifyNode:node_modules/dateformat Completed in 19179ms
1679 http fetch GET 200 https://registry.npmjs.org/configstore/-/configstore-6.0.0.tgz 17927ms (cache miss)
1680 timing reifyNode:node_modules/configstore Completed in 19179ms
1681 http fetch GET 200 https://registry.npmjs.org/color-convert/-/color-convert-2.0.1.tgz 17922ms (cache miss)
1682 timing reifyNode:node_modules/color-convert Completed in 19180ms
1683 http fetch GET 200 https://registry.npmjs.org/concat-map/-/concat-map-0.0.1.tgz 17927ms (cache miss)
1684 timing reifyNode:node_modules/concat-map Completed in 19181ms
1685 http fetch GET 200 https://registry.npmjs.org/co/-/co-4.6.0.tgz 17919ms (cache miss)
1686 timing reifyNode:node_modules/co Completed in 19182ms
1687 http fetch GET 200 https://registry.npmjs.org/clean-stack/-/clean-stack-2.2.0.tgz 17916ms (cache miss)
1688 timing reifyNode:node_modules/clean-stack Completed in 19183ms
1689 http fetch GET 200 https://registry.npmjs.org/cacheable-lookup/-/cacheable-lookup-6.1.0.tgz 17906ms (cache miss)
1690 timing reifyNode:node_modules/cacheable-lookup Completed in 19182ms
1691 http fetch GET 200 https://registry.npmjs.org/at-least-node/-/at-least-node-1.0.0.tgz 17888ms (cache miss)
1692 timing reifyNode:node_modules/at-least-node Completed in 19180ms
1693 http fetch GET 200 https://registry.npmjs.org/atomic-sleep/-/atomic-sleep-1.0.0.tgz 17889ms (cache miss)
1694 timing reifyNode:node_modules/atomic-sleep Completed in 19181ms
1695 http fetch GET 200 https://registry.npmjs.org/babel-plugin-jest-hoist/-/babel-plugin-jest-hoist-29.6.3.tgz 17895ms (cache miss)
1696 timing reifyNode:node_modules/babel-plugin-jest-hoist Completed in 19184ms
1697 http fetch GET 200 https://registry.npmjs.org/array-union/-/array-union-2.1.0.tgz 17887ms (cache miss)
1698 timing reifyNode:node_modules/array-union Completed in 19185ms
1699 http fetch GET 200 https://registry.npmjs.org/archy/-/archy-1.0.0.tgz 17879ms (cache miss)
1700 timing reifyNode:node_modules/archy Completed in 19185ms
1701 http fetch GET 200 https://registry.npmjs.org/wrap-ansi/-/wrap-ansi-7.0.0.tgz 17555ms (cache miss)
1702 timing reifyNode:node_modules/cliui/node_modules/wrap-ansi Completed in 19197ms
1703 http fetch GET 200 https://registry.npmjs.org/unique-string/-/unique-string-3.0.0.tgz 18544ms (cache miss)
1704 timing reifyNode:node_modules/unique-string Completed in 19290ms
1705 http fetch GET 200 https://registry.npmjs.org/untildify/-/untildify-4.0.0.tgz 18545ms (cache miss)
1706 timing reifyNode:node_modules/untildify Completed in 19291ms
1707 http fetch GET 200 https://registry.npmjs.org/unbox-primitive/-/unbox-primitive-1.0.2.tgz 18542ms (cache miss)
1708 timing reifyNode:node_modules/unbox-primitive Completed in 19292ms
1709 http fetch GET 200 https://registry.npmjs.org/universalify/-/universalify-2.0.1.tgz 18545ms (cache miss)
1710 timing reifyNode:node_modules/universalify Completed in 19293ms
1711 http fetch GET 200 https://registry.npmjs.org/type-check/-/type-check-0.4.0.tgz 18523ms (cache miss)
1712 timing reifyNode:node_modules/type-check Completed in 19293ms
1713 http fetch GET 200 https://registry.npmjs.org/to-regex-range/-/to-regex-range-5.0.1.tgz 18518ms (cache miss)
1714 timing reifyNode:node_modules/to-regex-range Completed in 19294ms
1715 timing reifyNode:node_modules/text-table Completed in 19294ms
1716 http fetch GET 200 https://registry.npmjs.org/tar-stream/-/tar-stream-2.2.0.tgz 18512ms (cache miss)
1717 timing reifyNode:node_modules/tar-stream Completed in 19295ms
1718 http fetch GET 200 https://registry.npmjs.org/strip-ansi/-/strip-ansi-6.0.1.tgz 18498ms (cache miss)
1719 timing reifyNode:node_modules/strip-ansi-cjs Completed in 19296ms
1720 http fetch GET 200 https://registry.npmjs.org/strip-final-newline/-/strip-final-newline-2.0.0.tgz 18499ms (cache miss)
1721 timing reifyNode:node_modules/strip-final-newline Completed in 19297ms
1722 http fetch GET 200 https://registry.npmjs.org/string-length/-/string-length-4.0.2.tgz 18495ms (cache miss)
1723 timing reifyNode:node_modules/string-length Completed in 19298ms
1724 http fetch GET 200 https://registry.npmjs.org/write-file-atomic/-/write-file-atomic-3.0.3.tgz 17587ms (cache miss)
1725 timing reifyNode:node_modules/configstore/node_modules/write-file-atomic Completed in 19230ms
1726 http fetch GET 200 https://registry.npmjs.org/string-width/-/string-width-5.1.2.tgz 17557ms (cache miss)
1727 timing reifyNode:node_modules/@isaacs/cliui/node_modules/string-width Completed in 19205ms
1728 http fetch GET 200 https://registry.npmjs.org/ansi-regex/-/ansi-regex-6.0.1.tgz 17557ms (cache miss)
1729 timing reifyNode:node_modules/@isaacs/cliui/node_modules/ansi-regex Completed in 19204ms
1730 http fetch GET 200 https://registry.npmjs.org/camelcase/-/camelcase-7.0.0.tgz 17572ms (cache miss)
1731 timing reifyNode:node_modules/boxen/node_modules/camelcase Completed in 19224ms
1732 http fetch GET 200 https://registry.npmjs.org/which/-/which-3.0.1.tgz 17568ms (cache miss)
1733 timing reifyNode:node_modules/@npmcli/promise-spawn/node_modules/which Completed in 19216ms
1734 http fetch GET 200 https://registry.npmjs.org/which/-/which-3.0.1.tgz 17570ms (cache miss)
1735 timing reifyNode:node_modules/@npmcli/git/node_modules/which Completed in 19216ms
1736 http fetch GET 200 https://registry.npmjs.org/p-locate/-/p-locate-4.1.0.tgz 17570ms (cache miss)
1737 timing reifyNode:node_modules/@istanbuljs/load-nyc-config/node_modules/p-locate Completed in 19214ms
1738 http fetch GET 200 https://registry.npmjs.org/globals/-/globals-11.12.0.tgz 17552ms (cache miss)
1739 timing reifyNode:node_modules/@babel/traverse/node_modules/globals Completed in 19213ms
1740 http fetch GET 200 https://registry.npmjs.org/tree-kill/-/tree-kill-1.2.2.tgz 18555ms (cache miss)
1741 timing reifyNode:node_modules/tree-kill Completed in 19327ms
1742 http fetch GET 200 https://registry.npmjs.org/simple-concat/-/simple-concat-1.0.1.tgz 18496ms (cache miss)
1743 timing reifyNode:node_modules/simple-concat Completed in 19323ms
1744 http fetch GET 200 https://registry.npmjs.org/bindings/-/bindings-1.5.0.tgz 17956ms (cache miss)
1745 timing reifyNode:node_modules/bindings Completed in 19240ms
1746 http fetch GET 200 https://registry.npmjs.org/set-cookie-parser/-/set-cookie-parser-2.6.0.tgz 18492ms (cache miss)
1747 timing reifyNode:node_modules/set-cookie-parser Completed in 19325ms
1748 http fetch GET 200 https://registry.npmjs.org/jest-matcher-utils/-/jest-matcher-utils-29.7.0.tgz 18242ms (cache miss)
1749 timing reifyNode:node_modules/jest-matcher-utils Completed in 19291ms
1750 http fetch GET 200 https://registry.npmjs.org/http-errors/-/http-errors-2.0.0.tgz 18172ms (cache miss)
1751 timing reifyNode:node_modules/http-errors Completed in 19284ms
1752 http fetch GET 200 https://registry.npmjs.org/has-unicode/-/has-unicode-2.0.1.tgz 18167ms (cache miss)
1753 timing reifyNode:node_modules/has-unicode Completed in 19284ms
1754 http fetch GET 200 https://registry.npmjs.org/graceful-fs/-/graceful-fs-4.2.10.tgz 18162ms (cache miss)
1755 timing reifyNode:node_modules/graceful-fs Completed in 19285ms
1756 http fetch GET 200 https://registry.npmjs.org/gopd/-/gopd-1.0.1.tgz 18162ms (cache miss)
1757 timing reifyNode:node_modules/gopd Completed in 19286ms
1758 http fetch GET 200 https://registry.npmjs.org/functions-have-names/-/functions-have-names-1.2.3.tgz 18145ms (cache miss)
1759 timing reifyNode:node_modules/functions-have-names Completed in 19286ms
1760 http fetch GET 200 https://registry.npmjs.org/fastify-reverse-routes/-/fastify-reverse-routes-3.0.0.tgz 18124ms (cache miss)
1761 timing reifyNode:node_modules/fastify-reverse-routes Completed in 19281ms
1762 http fetch GET 200 https://registry.npmjs.org/err-code/-/err-code-2.0.3.tgz 18068ms (cache miss)
1763 timing reifyNode:node_modules/err-code Completed in 19279ms
1764 http fetch GET 200 https://registry.npmjs.org/@webassemblyjs/wasm-opt/-/wasm-opt-1.12.1.tgz 17932ms (cache miss)
1765 timing reifyNode:node_modules/@webassemblyjs/wasm-opt Completed in 19259ms
1766 http fetch GET 200 https://registry.npmjs.org/simple-get/-/simple-get-4.0.1.tgz 18525ms (cache miss)
1767 timing reifyNode:node_modules/simple-get Completed in 19352ms
1768 http fetch GET 200 https://registry.npmjs.org/registry-url/-/registry-url-6.0.1.tgz 18488ms (cache miss)
1769 timing reifyNode:node_modules/registry-url Completed in 19349ms
1770 http fetch GET 200 https://registry.npmjs.org/pupa/-/pupa-3.1.0.tgz 18466ms (cache miss)
1771 timing reifyNode:node_modules/pupa Completed in 19350ms
1772 http fetch GET 200 https://registry.npmjs.org/pug-load/-/pug-load-3.0.0.tgz 18461ms (cache miss)
1773 timing reifyNode:node_modules/pug-load Completed in 19347ms
1774 http fetch GET 200 https://registry.npmjs.org/pug-parser/-/pug-parser-6.0.0.tgz 18463ms (cache miss)
1775 timing reifyNode:node_modules/pug-parser Completed in 19348ms
1776 http fetch GET 200 https://registry.npmjs.org/pug-filters/-/pug-filters-4.0.0.tgz 18461ms (cache miss)
1777 timing reifyNode:node_modules/pug-filters Completed in 19349ms
1778 http fetch GET 200 https://registry.npmjs.org/pug-code-gen/-/pug-code-gen-3.0.2.tgz 18460ms (cache miss)
1779 timing reifyNode:node_modules/pug-code-gen Completed in 19349ms
1780 http fetch GET 200 https://registry.npmjs.org/proto-list/-/proto-list-1.2.4.tgz 18448ms (cache miss)
1781 timing reifyNode:node_modules/proto-list Completed in 19351ms
1782 http fetch GET 200 https://registry.npmjs.org/postgres-interval/-/postgres-interval-1.2.0.tgz 18427ms (cache miss)
1783 timing reifyNode:node_modules/postgres-interval Completed in 19351ms
1784 http fetch GET 200 https://registry.npmjs.org/proc-log/-/proc-log-3.0.0.tgz 18436ms (cache miss)
1785 timing reifyNode:node_modules/proc-log Completed in 19353ms
1786 http fetch GET 200 https://registry.npmjs.org/postcss-modules-values/-/postcss-modules-values-4.0.0.tgz 18421ms (cache miss)
1787 timing reifyNode:node_modules/postcss-modules-values Completed in 19362ms
1788 http fetch GET 200 https://registry.npmjs.org/punycode/-/punycode-2.1.1.tgz 18490ms (cache miss)
1789 timing reifyNode:node_modules/punycode Completed in 19374ms
1790 http fetch GET 200 https://registry.npmjs.org/pkg-dir/-/pkg-dir-4.2.0.tgz 18434ms (cache miss)
1791 timing reifyNode:node_modules/pkg-dir Completed in 19368ms
1792 http fetch GET 200 https://registry.npmjs.org/promise-inflight/-/promise-inflight-1.0.1.tgz 18464ms (cache miss)
1793 timing reifyNode:node_modules/promise-inflight Completed in 19372ms
1794 http fetch GET 200 https://registry.npmjs.org/sisteransi/-/sisteransi-1.0.5.tgz 18560ms (cache miss)
1795 timing reifyNode:node_modules/sisteransi Completed in 19385ms
1796 http fetch GET 200 https://registry.npmjs.org/path-is-absolute/-/path-is-absolute-1.0.1.tgz 18420ms (cache miss)
1797 timing reifyNode:node_modules/path-is-absolute Completed in 19367ms
1798 http fetch GET 200 https://registry.npmjs.org/npm-normalize-package-bin/-/npm-normalize-package-bin-3.0.1.tgz 18390ms (cache miss)
1799 timing reifyNode:node_modules/npm-normalize-package-bin Completed in 19367ms
1800 http fetch GET 200 https://registry.npmjs.org/node-abi/-/node-abi-3.60.0.tgz 18383ms (cache miss)
1801 timing reifyNode:node_modules/node-abi Completed in 19367ms
1802 http fetch GET 200 https://registry.npmjs.org/next-tick/-/next-tick-1.1.0.tgz 18382ms (cache miss)
1803 http fetch GET 200 https://registry.npmjs.org/napi-build-utils/-/napi-build-utils-1.0.2.tgz 18380ms (cache miss)
1804 timing reifyNode:node_modules/napi-build-utils Completed in 19369ms
1805 http fetch GET 200 https://registry.npmjs.org/minipass-flush/-/minipass-flush-1.0.5.tgz 18374ms (cache miss)
1806 timing reifyNode:node_modules/minipass-flush Completed in 19370ms
1807 http fetch GET 200 https://registry.npmjs.org/merge-stream/-/merge-stream-2.0.0.tgz 18362ms (cache miss)
1808 timing reifyNode:node_modules/merge-stream Completed in 19370ms
1809 http fetch GET 200 https://registry.npmjs.org/lodash.compact/-/lodash.compact-3.0.1.tgz 18354ms (cache miss)
1810 timing reifyNode:node_modules/lodash.compact Completed in 19368ms
1811 http fetch GET 200 https://registry.npmjs.org/json-parse-even-better-errors/-/json-parse-even-better-errors-2.3.1.tgz 18336ms (cache miss)
1812 timing reifyNode:node_modules/json-parse-even-better-errors Completed in 19369ms
1813 http fetch GET 200 https://registry.npmjs.org/jest-regex-util/-/jest-regex-util-29.6.3.tgz 18319ms (cache miss)
1814 timing reifyNode:node_modules/jest-regex-util Completed in 19368ms
1815 http fetch GET 200 https://registry.npmjs.org/isbinaryfile/-/isbinaryfile-4.0.10.tgz 18301ms (cache miss)
1816 timing reifyNode:node_modules/isbinaryfile Completed in 19367ms
1817 http fetch GET 200 https://registry.npmjs.org/isarray/-/isarray-2.0.5.tgz 18303ms (cache miss)
1818 timing reifyNode:node_modules/isarray Completed in 19368ms
1819 http fetch GET 200 https://registry.npmjs.org/is-typedarray/-/is-typedarray-1.0.0.tgz 18303ms (cache miss)
1820 timing reifyNode:node_modules/is-typedarray Completed in 19370ms
1821 http fetch GET 200 https://registry.npmjs.org/is-obj/-/is-obj-2.0.0.tgz 18296ms (cache miss)
1822 timing reifyNode:node_modules/is-obj Completed in 19370ms
1823 http fetch GET 200 https://registry.npmjs.org/is-lambda/-/is-lambda-1.0.1.tgz 18294ms (cache miss)
1824 timing reifyNode:node_modules/is-lambda Completed in 19370ms
1825 http fetch GET 200 https://registry.npmjs.org/dir-glob/-/dir-glob-3.0.1.tgz 18199ms (cache miss)
1826 timing reifyNode:node_modules/dir-glob Completed in 19425ms
1827 http fetch GET 200 https://registry.npmjs.org/delegates/-/delegates-1.0.0.tgz 18191ms (cache miss)
1828 timing reifyNode:node_modules/delegates Completed in 19426ms
1829 http fetch GET 200 https://registry.npmjs.org/data-view-buffer/-/data-view-buffer-1.0.1.tgz 18182ms (cache miss)
1830 timing reifyNode:node_modules/data-view-buffer Completed in 19425ms
1831 http fetch GET 200 https://registry.npmjs.org/dedent/-/dedent-1.5.3.tgz 18189ms (cache miss)
1832 timing reifyNode:node_modules/dedent Completed in 19427ms
1833 http fetch GET 200 https://registry.npmjs.org/data-view-byte-offset/-/data-view-byte-offset-1.0.0.tgz 18185ms (cache miss)
1834 timing reifyNode:node_modules/data-view-byte-offset Completed in 19427ms
1835 http fetch GET 200 https://registry.npmjs.org/cookie-signature/-/cookie-signature-1.2.1.tgz 18180ms (cache miss)
1836 timing reifyNode:node_modules/cookie-signature Completed in 19428ms
1837 http fetch GET 200 https://registry.npmjs.org/console-control-strings/-/console-control-strings-1.1.0.tgz 18178ms (cache miss)
1838 timing reifyNode:node_modules/console-control-strings Completed in 19428ms
1839 http fetch GET 200 https://registry.npmjs.org/colorette/-/colorette-2.0.19.tgz 18174ms (cache miss)
1840 timing reifyNode:node_modules/colorette Completed in 19429ms
1841 http fetch GET 200 https://registry.npmjs.org/color-name/-/color-name-1.1.4.tgz 18174ms (cache miss)
1842 timing reifyNode:node_modules/color-name Completed in 19430ms
1843 http fetch GET 200 https://registry.npmjs.org/collect-v8-coverage/-/collect-v8-coverage-1.0.2.tgz 18172ms (cache miss)
1844 timing reifyNode:node_modules/collect-v8-coverage Completed in 19431ms
1845 http fetch GET 200 https://registry.npmjs.org/clone-response/-/clone-response-1.0.3.tgz 18167ms (cache miss)
1846 timing reifyNode:node_modules/clone-response Completed in 19431ms
1847 http fetch GET 200 https://registry.npmjs.org/cli-boxes/-/cli-boxes-3.0.0.tgz 18164ms (cache miss)
1848 timing reifyNode:node_modules/cli-boxes Completed in 19431ms
1849 http fetch GET 200 https://registry.npmjs.org/clone-deep/-/clone-deep-4.0.1.tgz 18167ms (cache miss)
1850 timing reifyNode:node_modules/clone-deep Completed in 19432ms
1851 http fetch GET 200 https://registry.npmjs.org/chownr/-/chownr-2.0.0.tgz 18162ms (cache miss)
1852 timing reifyNode:node_modules/chownr Completed in 19432ms
1853 http fetch GET 200 https://registry.npmjs.org/char-regex/-/char-regex-1.0.2.tgz 18162ms (cache miss)
1854 timing reifyNode:node_modules/char-regex Completed in 19432ms
1855 http fetch GET 200 https://registry.npmjs.org/callsites/-/callsites-3.1.0.tgz 18160ms (cache miss)
1856 timing reifyNode:node_modules/callsites Completed in 19430ms
1857 http fetch GET 200 https://registry.npmjs.org/buffer-from/-/buffer-from-1.1.2.tgz 18151ms (cache miss)
1858 timing reifyNode:node_modules/buffer-from Completed in 19429ms
1859 http fetch GET 200 https://registry.npmjs.org/camelcase/-/camelcase-5.3.1.tgz 18160ms (cache miss)
1860 timing reifyNode:node_modules/camelcase Completed in 19434ms
1861 http fetch GET 200 https://registry.npmjs.org/binary-extensions/-/binary-extensions-2.2.0.tgz 18144ms (cache miss)
1862 timing reifyNode:node_modules/binary-extensions Completed in 19430ms
1863 http fetch GET 200 https://registry.npmjs.org/balanced-match/-/balanced-match-1.0.2.tgz 18143ms (cache miss)
1864 timing reifyNode:node_modules/balanced-match Completed in 19429ms
1865 http fetch GET 200 https://registry.npmjs.org/babel-preset-current-node-syntax/-/babel-preset-current-node-syntax-1.0.1.tgz 18142ms (cache miss)
1866 timing reifyNode:node_modules/babel-preset-current-node-syntax Completed in 19430ms
1867 http fetch GET 200 https://registry.npmjs.org/array-buffer-byte-length/-/array-buffer-byte-length-1.0.1.tgz 18133ms (cache miss)
1868 timing reifyNode:node_modules/array-buffer-byte-length Completed in 19429ms
1869 http fetch GET 200 https://registry.npmjs.org/ansi-regex/-/ansi-regex-5.0.1.tgz 18122ms (cache miss)
1870 timing reifyNode:node_modules/ansi-regex Completed in 19430ms
1871 http fetch GET 200 https://registry.npmjs.org/update-notifier/-/update-notifier-6.0.2.tgz 18786ms (cache miss)
1872 timing reifyNode:node_modules/update-notifier Completed in 19532ms
1873 http fetch GET 200 https://registry.npmjs.org/typed-array-byte-offset/-/typed-array-byte-offset-1.0.2.tgz 18765ms (cache miss)
1874 timing reifyNode:node_modules/typed-array-byte-offset Completed in 19532ms
1875 http fetch GET 200 https://registry.npmjs.org/typed-array-byte-length/-/typed-array-byte-length-1.0.1.tgz 18766ms (cache miss)
1876 timing reifyNode:node_modules/typed-array-byte-length Completed in 19533ms
1877 http fetch GET 200 https://registry.npmjs.org/typed-array-buffer/-/typed-array-buffer-1.0.2.tgz 18765ms (cache miss)
1878 timing reifyNode:node_modules/typed-array-buffer Completed in 19534ms
1879 http fetch GET 200 https://registry.npmjs.org/toad-cache/-/toad-cache-3.7.0.tgz 18758ms (cache miss)
1880 timing reifyNode:node_modules/toad-cache Completed in 19535ms
1881 http fetch GET 200 https://registry.npmjs.org/to-fast-properties/-/to-fast-properties-2.0.0.tgz 18758ms (cache miss)
1882 timing reifyNode:node_modules/to-fast-properties Completed in 19536ms
1883 http fetch GET 200 https://registry.npmjs.org/strip-ansi/-/strip-ansi-6.0.1.tgz 18738ms (cache miss)
1884 timing reifyNode:node_modules/strip-ansi Completed in 19537ms
1885 http fetch GET 200 https://registry.npmjs.org/strip-bom/-/strip-bom-4.0.0.tgz 18740ms (cache miss)
1886 timing reifyNode:node_modules/strip-bom Completed in 19538ms
1887 http fetch GET 200 https://registry.npmjs.org/depd/-/depd-1.1.2.tgz 17806ms (cache miss)
1888 timing reifyNode:node_modules/agentkeepalive/node_modules/depd Completed in 19459ms
1889 http fetch GET 200 https://registry.npmjs.org/safer-buffer/-/safer-buffer-2.1.2.tgz 18700ms (cache miss)
1890 timing reifyNode:node_modules/safer-buffer Completed in 19549ms
1891 http fetch GET 200 https://registry.npmjs.org/rfdc/-/rfdc-1.3.1.tgz 18696ms (cache miss)
1892 timing reifyNode:node_modules/rfdc Completed in 19549ms
1893 http fetch GET 200 https://registry.npmjs.org/semver-diff/-/semver-diff-4.0.0.tgz 18718ms (cache miss)
1894 timing reifyNode:node_modules/semver-diff Completed in 19556ms
1895 http fetch GET 200 https://registry.npmjs.org/json-schema-traverse/-/json-schema-traverse-0.4.1.tgz 18494ms (cache miss)
1896 timing reifyNode:node_modules/json-schema-traverse Completed in 19526ms
1897 http fetch GET 200 https://registry.npmjs.org/estraverse/-/estraverse-5.3.0.tgz 18312ms (cache miss)
1898 timing reifyNode:node_modules/estraverse Completed in 19506ms
1899 http fetch GET 200 https://registry.npmjs.org/pug-code-gen 12145ms (cache miss)
1900 timing metavuln:packument:pug-code-gen Completed in 12147ms
1901 timing metavuln:load:security-advisory:pug-code-gen:1104107 Completed in 1ms
1902 http fetch GET 200 https://registry.npmjs.org/semver-utils/-/semver-utils-1.1.4.tgz 18742ms (cache miss)
1903 timing reifyNode:node_modules/semver-utils Completed in 19579ms
1904 http fetch GET 200 https://registry.npmjs.org/readdirp/-/readdirp-3.6.0.tgz 18702ms (cache miss)
1905 timing reifyNode:node_modules/readdirp Completed in 19577ms
1906 http fetch GET 200 https://registry.npmjs.org/promise-retry/-/promise-retry-2.0.1.tgz 18666ms (cache miss)
1907 timing reifyNode:node_modules/promise-retry Completed in 19573ms
1908 http fetch GET 200 https://registry.npmjs.org/postcss-modules-local-by-default/-/postcss-modules-local-by-default-4.0.5.tgz 18642ms (cache miss)
1909 timing reifyNode:node_modules/postcss-modules-local-by-default Completed in 19574ms
1910 http fetch GET 200 https://registry.npmjs.org/p-cancelable/-/p-cancelable-3.0.0.tgz 18618ms (cache miss)
1911 timing reifyNode:node_modules/p-cancelable Completed in 19573ms
1912 http fetch GET 200 https://registry.npmjs.org/fastify-objectionjs/-/fastify-objectionjs-2.0.1.tgz 18372ms (cache miss)
1913 timing reifyNode:node_modules/fastify-objectionjs Completed in 19530ms
1914 http fetch GET 200 https://registry.npmjs.org/p-locate/-/p-locate-5.0.0.tgz 18623ms (cache miss)
1915 timing reifyNode:node_modules/p-locate Completed in 19575ms
1916 http fetch GET 200 https://registry.npmjs.org/onetime/-/onetime-5.1.2.tgz 18622ms (cache miss)
1917 timing reifyNode:node_modules/onetime Completed in 19576ms
1918 http fetch GET 200 https://registry.npmjs.org/npmlog/-/npmlog-6.0.2.tgz 18608ms (cache miss)
1919 timing reifyNode:node_modules/npmlog Completed in 19576ms
1920 http fetch GET 200 https://registry.npmjs.org/minizlib/-/minizlib-2.1.2.tgz 18582ms (cache miss)
1921 timing reifyNode:node_modules/minizlib Completed in 19575ms
1922 http fetch GET 200 https://registry.npmjs.org/minipass-pipeline/-/minipass-pipeline-1.2.4.tgz 18582ms (cache miss)
1923 timing reifyNode:node_modules/minipass-pipeline Completed in 19576ms
1924 http fetch GET 200 https://registry.npmjs.org/minipass-json-stream/-/minipass-json-stream-1.0.1.tgz 18581ms (cache miss)
1925 timing reifyNode:node_modules/minipass-json-stream Completed in 19577ms
1926 http fetch GET 200 https://registry.npmjs.org/merge2/-/merge2-1.4.1.tgz 18570ms (cache miss)
1927 timing reifyNode:node_modules/merge2 Completed in 19578ms
1928 http fetch GET 200 https://registry.npmjs.org/make-promises-safe/-/make-promises-safe-5.1.0.tgz 18566ms (cache miss)
1929 timing reifyNode:node_modules/make-promises-safe Completed in 19579ms
1930 http fetch GET 200 https://registry.npmjs.org/makeerror/-/makeerror-1.0.12.tgz 18568ms (cache miss)
1931 timing reifyNode:node_modules/makeerror Completed in 19580ms
1932 http fetch GET 200 https://registry.npmjs.org/lru-queue/-/lru-queue-0.1.0.tgz 18566ms (cache miss)
1933 timing reifyNode:node_modules/lru-queue Completed in 19577ms
1934 http fetch GET 200 https://registry.npmjs.org/lowercase-keys/-/lowercase-keys-3.0.0.tgz 18565ms (cache miss)
1935 timing reifyNode:node_modules/lowercase-keys Completed in 19576ms
1936 http fetch GET 200 https://registry.npmjs.org/lru-cache/-/lru-cache-5.1.1.tgz 18566ms (cache miss)
1937 timing reifyNode:node_modules/lru-cache Completed in 19577ms
1938 http fetch GET 200 https://registry.npmjs.org/lodash.castarray/-/lodash.castarray-4.4.0.tgz 18563ms (cache miss)
1939 timing reifyNode:node_modules/lodash.castarray Completed in 19576ms
1940 http fetch GET 200 https://registry.npmjs.org/lodash.isempty/-/lodash.isempty-4.4.0.tgz 18565ms (cache miss)
1941 timing reifyNode:node_modules/lodash.isempty Completed in 19577ms
1942 http fetch GET 200 https://registry.npmjs.org/lines-and-columns/-/lines-and-columns-1.2.4.tgz 18555ms (cache miss)
1943 timing reifyNode:node_modules/lines-and-columns Completed in 19578ms
1944 http fetch GET 200 https://registry.npmjs.org/leven/-/leven-3.1.0.tgz 18552ms (cache miss)
1945 timing reifyNode:node_modules/leven Completed in 19578ms
1946 http fetch GET 200 https://registry.npmjs.org/jsonlines/-/jsonlines-0.1.1.tgz 18547ms (cache miss)
1947 timing reifyNode:node_modules/jsonlines Completed in 19578ms
1948 http fetch GET 200 https://registry.npmjs.org/jest-pnp-resolver/-/jest-pnp-resolver-1.2.3.tgz 18530ms (cache miss)
1949 timing reifyNode:node_modules/jest-pnp-resolver Completed in 19578ms
1950 http fetch GET 200 https://registry.npmjs.org/jest-leak-detector/-/jest-leak-detector-29.7.0.tgz 18528ms (cache miss)
1951 timing reifyNode:node_modules/jest-leak-detector Completed in 19578ms
1952 http fetch GET 200 https://registry.npmjs.org/jest-environment-node/-/jest-environment-node-29.7.0.tgz 18527ms (cache miss)
1953 timing reifyNode:node_modules/jest-environment-node Completed in 19579ms
1954 http fetch GET 200 https://registry.npmjs.org/is-promise/-/is-promise-2.2.2.tgz 18508ms (cache miss)
1955 timing reifyNode:node_modules/is-promise Completed in 19579ms
1956 http fetch GET 200 https://registry.npmjs.org/is-path-inside/-/is-path-inside-3.0.3.tgz 18511ms (cache miss)
1957 timing reifyNode:node_modules/is-path-inside Completed in 19583ms
1958 http fetch GET 200 https://registry.npmjs.org/cookie/-/cookie-0.6.0.tgz 18400ms (cache miss)
1959 timing reifyNode:node_modules/cookie Completed in 19648ms
1960 http fetch GET 200 https://registry.npmjs.org/data-view-byte-length/-/data-view-byte-length-1.0.1.tgz 18408ms (cache miss)
1961 timing reifyNode:node_modules/data-view-byte-length Completed in 19651ms
1962 http fetch GET 200 https://registry.npmjs.org/ci-info/-/ci-info-3.3.2.tgz 18381ms (cache miss)
1963 timing reifyNode:node_modules/ci-info Completed in 19649ms
1964 http fetch GET 200 https://registry.npmjs.org/babel-plugin-istanbul/-/babel-plugin-istanbul-6.1.1.tgz 18356ms (cache miss)
1965 timing reifyNode:node_modules/babel-plugin-istanbul Completed in 19645ms
1966 http fetch GET 200 https://registry.npmjs.org/are-we-there-yet/-/are-we-there-yet-3.0.1.tgz 18342ms (cache miss)
1967 timing reifyNode:node_modules/are-we-there-yet Completed in 19645ms
1968 http fetch GET 200 https://registry.npmjs.org/agent-base/-/agent-base-6.0.2.tgz 18333ms (cache miss)
1969 timing reifyNode:node_modules/agent-base Completed in 19646ms
1970 http fetch GET 200 https://registry.npmjs.org/uc.micro/-/uc.micro-1.0.6.tgz 18986ms (cache miss)
1971 timing reifyNode:node_modules/toposort-class Completed in 19749ms
1972 http fetch GET 200 https://registry.npmjs.org/ssri/-/ssri-10.0.5.tgz 18944ms (cache miss)
1973 timing reifyNode:node_modules/ssri Completed in 19750ms
1974 timing reifyNode:node_modules/spawn-please Completed in 19748ms
1975 http fetch GET 200 https://registry.npmjs.org/minimatch/-/minimatch-5.1.6.tgz 18065ms (cache miss)
1976 timing reifyNode:node_modules/help-me/node_modules/minimatch Completed in 19696ms
1977 http fetch GET 200 https://registry.npmjs.org/json-schema-traverse/-/json-schema-traverse-1.0.0.tgz 18021ms (cache miss)
1978 http fetch GET 200 https://registry.npmjs.org/color-convert/-/color-convert-1.9.3.tgz 17996ms (cache miss)
1979 timing reifyNode:node_modules/@babel/highlight/node_modules/color-convert Completed in 19656ms
1980 http fetch GET 200 https://registry.npmjs.org/object-keys/-/object-keys-1.1.1.tgz 18780ms (cache miss)
1981 http fetch GET 200 https://registry.npmjs.org/nopt/-/nopt-5.0.0.tgz 18763ms (cache miss)
1982 timing reifyNode:node_modules/nopt Completed in 19743ms
1983 http fetch GET 200 https://registry.npmjs.org/set-function-length/-/set-function-length-1.2.2.tgz 18934ms (cache miss)
1984 timing reifyNode:node_modules/set-function-length Completed in 19768ms
1985 http fetch GET 200 https://registry.npmjs.org/lodash.merge/-/lodash.merge-4.6.2.tgz 18729ms (cache miss)
1986 timing reifyNode:node_modules/lodash.merge Completed in 19741ms
1987 http fetch GET 200 https://registry.npmjs.org/hosted-git-info/-/hosted-git-info-5.2.1.tgz 18614ms (cache miss)
1988 timing reifyNode:node_modules/hosted-git-info Completed in 19729ms
1989 http fetch GET 200 https://registry.npmjs.org/get-symbol-description/-/get-symbol-description-1.0.2.tgz 18596ms (cache miss)
1990 timing reifyNode:node_modules/get-symbol-description Completed in 19725ms
1991 http fetch GET 200 https://registry.npmjs.org/flat-cache/-/flat-cache-3.2.0.tgz 18576ms (cache miss)
1992 timing reifyNode:node_modules/flat-cache Completed in 19721ms
1993 http fetch GET 200 https://registry.npmjs.org/lodash 12359ms (cache miss)
1994 timing metavuln:packument:lodash Completed in 12361ms
1995 timing metavuln:load:security-advisory:lodash:1112455 Completed in 3ms
1996 http fetch GET 200 https://registry.npmjs.org/path-to-regexp 12362ms (cache miss)
1997 timing metavuln:packument:path-to-regexp Completed in 12364ms
1998 timing metavuln:load:security-advisory:path-to-regexp:1101846 Completed in 2ms
1999 http fetch GET 200 https://registry.npmjs.org/ret/-/ret-0.2.2.tgz 18903ms (cache miss)
2000 timing reifyNode:node_modules/ret Completed in 19796ms
2001 http fetch GET 200 https://registry.npmjs.org/pirates/-/pirates-4.0.6.tgz 18854ms (cache miss)
2002 timing reifyNode:node_modules/pirates Completed in 19788ms
2003 http fetch GET 200 https://registry.npmjs.org/spdx-correct/-/spdx-correct-3.2.0.tgz 19000ms (cache miss)
2004 timing reifyNode:node_modules/spdx-correct Completed in 19809ms
2005 http fetch GET 200 https://registry.npmjs.org/parse-json/-/parse-json-5.2.0.tgz 18842ms (cache miss)
2006 timing reifyNode:node_modules/parse-json Completed in 19791ms
2007 http fetch GET 200 https://registry.npmjs.org/path-exists/-/path-exists-4.0.0.tgz 18843ms (cache miss)
2008 timing reifyNode:node_modules/path-exists Completed in 19792ms
2009 http fetch GET 200 https://registry.npmjs.org/npm-package-arg/-/npm-package-arg-10.1.0.tgz 18819ms (cache miss)
2010 timing reifyNode:node_modules/npm-package-arg Completed in 19791ms
2011 http fetch GET 200 https://registry.npmjs.org/npm-bundled/-/npm-bundled-3.0.0.tgz 18811ms (cache miss)
2012 timing reifyNode:node_modules/npm-bundled Completed in 19790ms
2013 http fetch GET 200 https://registry.npmjs.org/normalize-path/-/normalize-path-3.0.0.tgz 18811ms (cache miss)
2014 timing reifyNode:node_modules/normalize-path Completed in 19791ms
2015 timing reifyNode:node_modules/next-tick Completed in 19791ms
2016 http fetch GET 200 https://registry.npmjs.org/media-typer/-/media-typer-0.3.0.tgz 18782ms (cache miss)
2017 timing reifyNode:node_modules/media-typer Completed in 19791ms
2018 http fetch GET 200 https://registry.npmjs.org/kleur/-/kleur-3.0.3.tgz 18760ms (cache miss)
2019 timing reifyNode:node_modules/kleur Completed in 19787ms
2020 http fetch GET 200 https://registry.npmjs.org/js-tokens/-/js-tokens-4.0.0.tgz 18752ms (cache miss)
2021 timing reifyNode:node_modules/js-tokens Completed in 19788ms
2022 http fetch GET 200 https://registry.npmjs.org/jest/-/jest-29.7.0.tgz 18729ms (cache miss)
2023 timing reifyNode:node_modules/jest Completed in 19786ms
2024 http fetch GET 200 https://registry.npmjs.org/is-yarn-global/-/is-yarn-global-0.4.0.tgz 18719ms (cache miss)
2025 timing reifyNode:node_modules/is-yarn-global Completed in 19786ms
2026 http fetch GET 200 https://registry.npmjs.org/is-stream/-/is-stream-2.0.1.tgz 18717ms (cache miss)
2027 timing reifyNode:node_modules/is-stream Completed in 19787ms
2028 http fetch GET 200 https://registry.npmjs.org/is-extglob/-/is-extglob-2.1.1.tgz 18707ms (cache miss)
2029 timing reifyNode:node_modules/is-extglob Completed in 19788ms
2030 http fetch GET 200 https://registry.npmjs.org/create-jest/-/create-jest-29.7.0.tgz 18596ms (cache miss)
2031 timing reifyNode:node_modules/create-jest Completed in 19843ms
2032 http fetch GET 200 https://registry.npmjs.org/chrome-trace-event/-/chrome-trace-event-1.0.3.tgz 18573ms (cache miss)
2033 timing reifyNode:node_modules/chrome-trace-event Completed in 19843ms
2034 http fetch GET 200 https://registry.npmjs.org/cliui/-/cliui-8.0.1.tgz 18579ms (cache miss)
2035 timing reifyNode:node_modules/cliui Completed in 19844ms
2036 http fetch GET 200 https://registry.npmjs.org/wildcard/-/wildcard-2.0.0.tgz 19208ms (cache miss)
2037 timing reifyNode:node_modules/wildcard Completed in 19947ms
2038 http fetch GET 200 https://registry.npmjs.org/eslint-visitor-keys/-/eslint-visitor-keys-4.0.0.tgz 18240ms (cache miss)
2039 timing reifyNode:node_modules/espree/node_modules/eslint-visitor-keys Completed in 19878ms
2040 http fetch GET 200 https://registry.npmjs.org/globals/-/globals-13.24.0.tgz 18235ms (cache miss)
2041 timing reifyNode:node_modules/eslint/node_modules/globals Completed in 19878ms
2042 http fetch GET 200 https://registry.npmjs.org/chalk/-/chalk-2.4.2.tgz 18181ms (cache miss)
2043 timing reifyNode:node_modules/@babel/highlight/node_modules/chalk Completed in 19843ms
2044 http fetch GET 200 https://registry.npmjs.org/safe-buffer/-/safe-buffer-5.2.1.tgz 19098ms (cache miss)
2045 timing reifyNode:node_modules/safe-buffer Completed in 19950ms
2046 http fetch GET 200 https://registry.npmjs.org/safe-array-concat/-/safe-array-concat-1.1.2.tgz 19098ms (cache miss)
2047 timing reifyNode:node_modules/safe-array-concat Completed in 19950ms
2048 timing reifyNode:node_modules/object-keys Completed in 19934ms
2049 http fetch GET 200 https://registry.npmjs.org/on-exit-leak-free/-/on-exit-leak-free-2.1.2.tgz 18982ms (cache miss)
2050 http fetch GET 200 https://registry.npmjs.org/jest-message-util/-/jest-message-util-29.7.0.tgz 18870ms (cache miss)
2051 timing reifyNode:node_modules/jest-message-util Completed in 19920ms
2052 http fetch GET 200 https://registry.npmjs.org/ipaddr.js/-/ipaddr.js-1.9.1.tgz 18823ms (cache miss)
2053 timing reifyNode:node_modules/ipaddr.js Completed in 19914ms
2054 http fetch GET 200 https://registry.npmjs.org/http-cache-semantics/-/http-cache-semantics-4.1.1.tgz 18800ms (cache miss)
2055 timing reifyNode:node_modules/http-cache-semantics Completed in 19914ms
2056 http fetch GET 200 https://registry.npmjs.org/pg-cloudflare/-/pg-cloudflare-1.1.1.tgz 19020ms (cache miss)
2057 http fetch GET 200 https://registry.npmjs.org/npm-packlist/-/npm-packlist-7.0.4.tgz 18985ms (cache miss)
2058 timing reifyNode:node_modules/npm-packlist Completed in 19962ms
2059 http fetch GET 200 https://registry.npmjs.org/normalize-url/-/normalize-url-6.1.0.tgz 18982ms (cache miss)
2060 timing reifyNode:node_modules/normalize-url Completed in 19961ms
2061 http fetch GET 200 https://registry.npmjs.org/npm-install-checks/-/npm-install-checks-6.3.0.tgz 18985ms (cache miss)
2062 timing reifyNode:node_modules/npm-install-checks Completed in 19963ms
2063 http fetch GET 200 https://registry.npmjs.org/ms/-/ms-2.1.3.tgz 18972ms (cache miss)
2064 timing reifyNode:node_modules/ms Completed in 19961ms
2065 http fetch GET 200 https://registry.npmjs.org/mime-types/-/mime-types-2.1.35.tgz 18962ms (cache miss)
2066 timing reifyNode:node_modules/mime-types Completed in 19964ms
2067 http fetch GET 200 https://registry.npmjs.org/make-dir/-/make-dir-4.0.0.tgz 18951ms (cache miss)
2068 timing reifyNode:node_modules/make-dir Completed in 19960ms
2069 http fetch GET 200 https://registry.npmjs.org/keyv/-/keyv-4.5.4.tgz 18931ms (cache miss)
2070 timing reifyNode:node_modules/keyv Completed in 19959ms
2071 http fetch GET 200 https://registry.npmjs.org/json-stable-stringify-without-jsonify/-/json-stable-stringify-without-jsonify-1.0.1.tgz 18928ms (cache miss)
2072 http fetch GET 200 https://registry.npmjs.org/is-plain-object/-/is-plain-object-2.0.4.tgz 18881ms (cache miss)
2073 timing reifyNode:node_modules/is-plain-object Completed in 19955ms
2074 http fetch GET 200 https://registry.npmjs.org/is-binary-path/-/is-binary-path-2.1.0.tgz 18869ms (cache miss)
2075 timing reifyNode:node_modules/is-binary-path Completed in 19958ms
2076 http fetch GET 200 https://registry.npmjs.org/diff-sequences/-/diff-sequences-29.6.3.tgz 18788ms (cache miss)
2077 timing reifyNode:node_modules/diff-sequences Completed in 20020ms
2078 http fetch GET 200 https://registry.npmjs.org/call-bind/-/call-bind-1.0.7.tgz 18745ms (cache miss)
2079 timing reifyNode:node_modules/call-bind Completed in 20016ms
2080 http fetch GET 200 https://registry.npmjs.org/asap/-/asap-2.0.6.tgz 18721ms (cache miss)
2081 timing reifyNode:node_modules/asap Completed in 20014ms
2082 http fetch GET 200 https://registry.npmjs.org/test-exclude/-/test-exclude-6.0.0.tgz 19339ms (cache miss)
2083 timing reifyNode:node_modules/test-exclude Completed in 20119ms
2084 http fetch GET 200 https://registry.npmjs.org/json-schema-traverse/-/json-schema-traverse-1.0.0.tgz 18364ms (cache miss)
2085 http fetch GET 200 https://registry.npmjs.org/json-schema-traverse/-/json-schema-traverse-1.0.0.tgz 18428ms (cache miss)
2086 http fetch GET 200 https://registry.npmjs.org/node-releases/-/node-releases-2.0.14.tgz 19124ms (cache miss)
2087 timing reifyNode:node_modules/node-releases Completed in 20106ms
2088 http fetch GET 200 https://registry.npmjs.org/resolve.exports/-/resolve.exports-2.0.2.tgz 19271ms (cache miss)
2089 timing reifyNode:node_modules/resolve.exports Completed in 20128ms
2090 http fetch GET 200 https://registry.npmjs.org/minimatch/-/minimatch-3.1.2.tgz 19108ms (cache miss)
2091 timing reifyNode:node_modules/minimatch Completed in 20106ms
2092 http fetch GET 200 https://registry.npmjs.org/jest-watcher/-/jest-watcher-29.7.0.tgz 19058ms (cache miss)
2093 timing reifyNode:node_modules/jest-watcher Completed in 20096ms
2094 http fetch GET 200 https://registry.npmjs.org/file-entry-cache/-/file-entry-cache-6.0.1.tgz 18931ms (cache miss)
2095 timing reifyNode:node_modules/file-entry-cache Completed in 20079ms
2096 http fetch GET 200 https://registry.npmjs.org/eslint-visitor-keys/-/eslint-visitor-keys-3.4.3.tgz 18881ms (cache miss)
2097 timing reifyNode:node_modules/eslint-visitor-keys Completed in 20077ms
2098 http fetch GET 200 https://registry.npmjs.org/pug 12715ms (cache miss)
2099 timing metavuln:packument:pug Completed in 12716ms
2100 timing metavuln:load:security-advisory:pug:1104111 Completed in 2ms
2101 http fetch GET 200 https://registry.npmjs.org/micromatch 12720ms (cache miss)
2102 timing metavuln:packument:micromatch Completed in 12721ms
2103 timing metavuln:load:security-advisory:micromatch:1098681 Completed in 1ms
2104 http fetch GET 200 https://registry.npmjs.org/rc/-/rc-1.2.8.tgz 19269ms (cache miss)
2105 timing reifyNode:node_modules/rc Completed in 20149ms
2106 http fetch GET 200 https://registry.npmjs.org/pug-runtime/-/pug-runtime-3.0.1.tgz 19261ms (cache miss)
2107 timing reifyNode:node_modules/pug-runtime Completed in 20146ms
2108 http fetch GET 200 https://registry.npmjs.org/package-json/-/package-json-8.1.0.tgz 19193ms (cache miss)
2109 timing reifyNode:node_modules/package-json Completed in 20143ms
2110 http fetch GET 200 https://registry.npmjs.org/parse-github-url/-/parse-github-url-1.0.2.tgz 19196ms (cache miss)
2111 timing reifyNode:node_modules/parse-github-url Completed in 20145ms
2112 http fetch GET 200 https://registry.npmjs.org/npm-pick-manifest/-/npm-pick-manifest-8.0.2.tgz 19173ms (cache miss)
2113 timing reifyNode:node_modules/npm-pick-manifest Completed in 20144ms
2114 http fetch GET 200 https://registry.npmjs.org/node-int64/-/node-int64-0.4.0.tgz 19159ms (cache miss)
2115 timing reifyNode:node_modules/node-int64 Completed in 20143ms
2116 http fetch GET 200 https://registry.npmjs.org/node-gyp-build/-/node-gyp-build-4.8.0.tgz 19160ms (cache miss)
2117 timing reifyNode:node_modules/node-gyp-build Completed in 20143ms
2118 http fetch GET 200 https://registry.npmjs.org/jsonfile/-/jsonfile-6.1.0.tgz 19107ms (cache miss)
2119 timing reifyNode:node_modules/jsonfile Completed in 20137ms
2120 http fetch GET 200 https://registry.npmjs.org/jsesc/-/jsesc-2.5.2.tgz 19103ms (cache miss)
2121 timing reifyNode:node_modules/jsesc Completed in 20137ms
2122 http fetch GET 200 https://registry.npmjs.org/joycon/-/joycon-3.1.1.tgz 19099ms (cache miss)
2123 timing reifyNode:node_modules/joycon Completed in 20137ms
2124 http fetch GET 200 https://registry.npmjs.org/is-expression/-/is-expression-4.0.0.tgz 19053ms (cache miss)
2125 timing reifyNode:node_modules/is-expression Completed in 20134ms
2126 http fetch GET 200 https://registry.npmjs.org/is-number/-/is-number-7.0.0.tgz 19060ms (cache miss)
2127 timing reifyNode:node_modules/is-number Completed in 20134ms
2128 http fetch GET 200 https://registry.npmjs.org/is-fullwidth-code-point/-/is-fullwidth-code-point-3.0.0.tgz 19055ms (cache miss)
2129 timing reifyNode:node_modules/is-fullwidth-code-point Completed in 20135ms
2130 http fetch GET 200 https://registry.npmjs.org/is-arrayish/-/is-arrayish-0.2.1.tgz 19044ms (cache miss)
2131 timing reifyNode:node_modules/is-arrayish Completed in 20135ms
2132 http fetch GET 200 https://registry.npmjs.org/get-stdin/-/get-stdin-8.0.0.tgz 18992ms (cache miss)
2133 timing reifyNode:node_modules/get-stdin Completed in 20129ms
2134 http fetch GET 200 https://registry.npmjs.org/ieee754/-/ieee754-1.2.1.tgz 19036ms (cache miss)
2135 timing reifyNode:node_modules/ieee754 Completed in 20137ms
2136 http fetch GET 200 https://registry.npmjs.org/fs-constants/-/fs-constants-1.0.0.tgz 18991ms (cache miss)
2137 timing reifyNode:node_modules/fs-constants Completed in 20131ms
2138 http fetch GET 200 https://registry.npmjs.org/deepmerge/-/deepmerge-4.3.1.tgz 18947ms (cache miss)
2139 timing reifyNode:node_modules/deepmerge Completed in 20184ms
2140 timing reifyNode:node_modules/uc.micro Completed in 20277ms
2141 timing reifyNode:node_modules/fast-json-stringify/node_modules/json-schema-traverse Completed in 20213ms
2142 timing reifyNode:node_modules/ajv-formats/node_modules/json-schema-traverse Completed in 20192ms
2143 timing reifyNode:node_modules/@fastify/ajv-compiler/node_modules/json-schema-traverse Completed in 20179ms
2144 http fetch GET 200 https://registry.npmjs.org/set-function-name/-/set-function-name-2.0.2.tgz 19454ms (cache miss)
2145 timing reifyNode:node_modules/set-function-name Completed in 20286ms
2146 http fetch GET 200 https://registry.npmjs.org/retry-as-promised/-/retry-as-promised-7.0.4.tgz 19429ms (cache miss)
2147 timing reifyNode:node_modules/retry-as-promised Completed in 20285ms
2148 http fetch GET 200 https://registry.npmjs.org/rc-config-loader/-/rc-config-loader-4.1.3.tgz 19406ms (cache miss)
2149 timing reifyNode:node_modules/rc-config-loader Completed in 20284ms
2150 http fetch GET 200 https://registry.npmjs.org/is-typed-array/-/is-typed-array-1.1.13.tgz 19181ms (cache miss)
2151 timing reifyNode:node_modules/is-typed-array Completed in 20249ms
2152 http fetch GET 200 https://registry.npmjs.org/is-core-module/-/is-core-module-2.13.1.tgz 19163ms (cache miss)
2153 timing reifyNode:node_modules/is-core-module Completed in 20246ms
2154 http fetch GET 200 https://registry.npmjs.org/is-boolean-object/-/is-boolean-object-1.1.2.tgz 19158ms (cache miss)
2155 timing reifyNode:node_modules/is-boolean-object Completed in 20247ms
2156 http fetch GET 200 https://registry.npmjs.org/regenerator-runtime/-/regenerator-runtime-0.14.1.tgz 19437ms (cache miss)
2157 timing reifyNode:node_modules/regenerator-runtime Completed in 20302ms
2158 http fetch GET 200 https://registry.npmjs.org/prelude-ls/-/prelude-ls-1.2.1.tgz 19374ms (cache miss)
2159 timing reifyNode:node_modules/prelude-ls Completed in 20296ms
2160 timing reifyNode:node_modules/pg-cloudflare Completed in 20296ms
2161 http fetch GET 200 https://registry.npmjs.org/react-is/-/react-is-18.2.0.tgz 19431ms (cache miss)
2162 timing reifyNode:node_modules/react-is Completed in 20309ms
2163 http fetch GET 200 https://registry.npmjs.org/linkify-it/-/linkify-it-4.0.1.tgz 19266ms (cache miss)
2164 timing reifyNode:node_modules/linkify-it Completed in 20288ms
2165 http fetch GET 200 https://registry.npmjs.org/ini/-/ini-2.0.0.tgz 19185ms (cache miss)
2166 timing reifyNode:node_modules/ini Completed in 20279ms
2167 http fetch GET 200 https://registry.npmjs.org/is-npm/-/is-npm-6.0.0.tgz 19208ms (cache miss)
2168 timing reifyNode:node_modules/is-npm Completed in 20283ms
2169 http fetch GET 200 https://registry.npmjs.org/has-property-descriptors/-/has-property-descriptors-1.0.2.tgz 19159ms (cache miss)
2170 http fetch GET 200 https://registry.npmjs.org/icss-utils/-/icss-utils-5.1.0.tgz 19181ms (cache miss)
2171 timing reifyNode:node_modules/icss-utils Completed in 20282ms
2172 http fetch GET 200 https://registry.npmjs.org/get-caller-file/-/get-caller-file-2.0.5.tgz 19140ms (cache miss)
2173 timing reifyNode:node_modules/get-caller-file Completed in 20279ms
2174 http fetch GET 200 https://registry.npmjs.org/fp-and-or/-/fp-and-or-0.1.4.tgz 19133ms (cache miss)
2175 http fetch GET 200 https://registry.npmjs.org/has-flag/-/has-flag-4.0.0.tgz 19162ms (cache miss)
2176 timing reifyNode:node_modules/has-flag Completed in 20282ms
2177 http fetch GET 200 https://registry.npmjs.org/get-package-type/-/get-package-type-0.1.0.tgz 19143ms (cache miss)
2178 timing reifyNode:node_modules/get-package-type Completed in 20281ms
2179 http fetch GET 200 https://registry.npmjs.org/forwarded/-/forwarded-0.2.0.tgz 19138ms (cache miss)
2180 timing reifyNode:node_modules/forwarded Completed in 20281ms
2181 http fetch GET 200 https://registry.npmjs.org/env-paths/-/env-paths-2.2.1.tgz 19062ms (cache miss)
2182 timing reifyNode:node_modules/env-paths Completed in 20274ms
2183 http fetch GET 200 https://registry.npmjs.org/encoding/-/encoding-0.1.13.tgz 19057ms (cache miss)
2184 timing reifyNode:node_modules/encoding Completed in 20276ms
2185 http fetch GET 200 https://registry.npmjs.org/@types/stack-utils/-/stack-utils-2.0.3.tgz 18917ms (cache miss)
2186 timing reifyNode:node_modules/@types/stack-utils Completed in 20254ms
2187 http fetch GET 200 https://registry.npmjs.org/@webpack-cli/configtest/-/configtest-2.1.1.tgz 18933ms (cache miss)
2188 timing reifyNode:node_modules/@webpack-cli/configtest Completed in 20257ms
2189 http fetch GET 200 https://registry.npmjs.org/@webassemblyjs/helper-numbers/-/helper-numbers-1.11.6.tgz 18927ms (cache miss)
2190 timing reifyNode:node_modules/@webassemblyjs/helper-numbers Completed in 20259ms
2191 http fetch GET 200 https://registry.npmjs.org/@types/json5/-/json5-0.0.29.tgz 18916ms (cache miss)
2192 timing reifyNode:node_modules/@types/json5 Completed in 20259ms
2193 http fetch GET 200 https://registry.npmjs.org/@types/stack-trace/-/stack-trace-0.0.29.tgz 18920ms (cache miss)
2194 timing reifyNode:node_modules/@types/stack-trace Completed in 20259ms
2195 http fetch GET 200 https://registry.npmjs.org/@webassemblyjs/ieee754/-/ieee754-1.11.6.tgz 18932ms (cache miss)
2196 timing reifyNode:node_modules/@webassemblyjs/ieee754 Completed in 20263ms
2197 http fetch GET 200 https://registry.npmjs.org/@webassemblyjs/helper-api-error/-/helper-api-error-1.11.6.tgz 18932ms (cache miss)
2198 timing reifyNode:node_modules/@webassemblyjs/helper-api-error Completed in 20265ms
2199 http fetch GET 200 https://registry.npmjs.org/@jest/schemas/-/schemas-29.6.3.tgz 18880ms (cache miss)
2200 timing reifyNode:node_modules/@jest/schemas Completed in 20267ms
2201 http fetch GET 200 https://registry.npmjs.org/@babel/plugin-syntax-object-rest-spread/-/plugin-syntax-object-rest-spread-7.8.3.tgz 18831ms (cache miss)
2202 timing reifyNode:node_modules/@babel/plugin-syntax-object-rest-spread Completed in 20261ms
2203 http fetch GET 200 https://registry.npmjs.org/@babel/plugin-syntax-import-meta/-/plugin-syntax-import-meta-7.10.4.tgz 18817ms (cache miss)
2204 timing reifyNode:node_modules/@babel/plugin-syntax-import-meta Completed in 20262ms
2205 http fetch GET 200 https://registry.npmjs.org/@babel/plugin-syntax-optional-catch-binding/-/plugin-syntax-optional-catch-binding-7.8.3.tgz 18834ms (cache miss)
2206 timing reifyNode:node_modules/@babel/plugin-syntax-optional-catch-binding Completed in 20262ms
2207 http fetch GET 200 https://registry.npmjs.org/@gar/promisify/-/promisify-1.1.3.tgz 18868ms (cache miss)
2208 timing reifyNode:node_modules/@gar/promisify Completed in 20266ms
2209 http fetch GET 200 https://registry.npmjs.org/@babel/plugin-syntax-optional-chaining/-/plugin-syntax-optional-chaining-7.8.3.tgz 18840ms (cache miss)
2210 timing reifyNode:node_modules/@babel/plugin-syntax-optional-chaining Completed in 20263ms
2211 http fetch GET 200 https://registry.npmjs.org/@babel/plugin-syntax-bigint/-/plugin-syntax-bigint-7.8.3.tgz 18817ms (cache miss)
2212 timing reifyNode:node_modules/@babel/plugin-syntax-bigint Completed in 20263ms
2213 http fetch GET 200 https://registry.npmjs.org/@babel/plugin-syntax-logical-assignment-operators/-/plugin-syntax-logical-assignment-operators-7.10.4.tgz 18831ms (cache miss)
2214 timing reifyNode:node_modules/@babel/plugin-syntax-logical-assignment-operators Completed in 20265ms
2215 http fetch GET 200 https://registry.npmjs.org/@babel/plugin-syntax-json-strings/-/plugin-syntax-json-strings-7.8.3.tgz 18823ms (cache miss)
2216 timing reifyNode:node_modules/@babel/plugin-syntax-json-strings Completed in 20267ms
2217 http fetch GET 200 https://registry.npmjs.org/lowercase-keys/-/lowercase-keys-2.0.0.tgz 18751ms (cache miss)
2218 timing reifyNode:node_modules/responselike/node_modules/lowercase-keys Completed in 20370ms
2219 http fetch GET 200 https://registry.npmjs.org/strip-ansi/-/strip-ansi-7.0.1.tgz 18802ms (cache miss)
2220 timing reifyNode:node_modules/wrap-ansi/node_modules/strip-ansi Completed in 20393ms
2221 http fetch GET 200 https://registry.npmjs.org/@babel/plugin-syntax-async-generators/-/plugin-syntax-async-generators-7.8.4.tgz 18822ms (cache miss)
2222 timing reifyNode:node_modules/@babel/plugin-syntax-async-generators Completed in 20270ms
2223 http fetch GET 200 https://registry.npmjs.org/cross-spawn/-/cross-spawn-7.0.3.tgz 19108ms (cache miss)
2224 timing reifyNode:node_modules/cross-spawn Completed in 20354ms
2225 http fetch GET 200 https://registry.npmjs.org/close-with-grace/-/close-with-grace-1.1.0.tgz 19090ms (cache miss)
2226 timing reifyNode:node_modules/close-with-grace Completed in 20353ms
2227 http fetch GET 200 https://registry.npmjs.org/available-typed-arrays/-/available-typed-arrays-1.0.7.tgz 19057ms (cache miss)
2228 timing reifyNode:node_modules/available-typed-arrays Completed in 20347ms
2229 http fetch GET 200 https://registry.npmjs.org/arraybuffer.prototype.slice/-/arraybuffer.prototype.slice-1.0.3.tgz 19054ms (cache miss)
2230 timing reifyNode:node_modules/arraybuffer.prototype.slice Completed in 20348ms
2231 http fetch GET 200 https://registry.npmjs.org/typed-array-length/-/typed-array-length-1.0.6.tgz 19687ms (cache miss)
2232 timing reifyNode:node_modules/typed-array-length Completed in 20452ms
2233 timing reifyNode:node_modules/on-exit-leak-free Completed in 20439ms
2234 http fetch GET 200 https://registry.npmjs.org/ignore/-/ignore-5.2.0.tgz 19312ms (cache miss)
2235 timing reifyNode:node_modules/ignore Completed in 20412ms
2236 http fetch GET 200 https://registry.npmjs.org/has-proto/-/has-proto-1.0.3.tgz 19292ms (cache miss)
2237 timing reifyNode:node_modules/has-proto Completed in 20411ms
2238 http fetch GET 200 https://registry.npmjs.org/kind-of/-/kind-of-6.0.3.tgz 19424ms (cache miss)
2239 timing reifyNode:node_modules/kind-of Completed in 20450ms
2240 timing reifyNode:node_modules/json-stable-stringify-without-jsonify Completed in 20450ms
2241 http fetch GET 200 https://registry.npmjs.org/is-ci/-/is-ci-3.0.1.tgz 19363ms (cache miss)
2242 timing reifyNode:node_modules/is-ci Completed in 20446ms
2243 http fetch GET 200 https://registry.npmjs.org/glob-parent/-/glob-parent-6.0.2.tgz 19315ms (cache miss)
2244 timing reifyNode:node_modules/glob-parent Completed in 20442ms
2245 http fetch GET 200 https://registry.npmjs.org/fs.realpath/-/fs.realpath-1.0.0.tgz 19300ms (cache miss)
2246 timing reifyNode:node_modules/fs.realpath Completed in 20443ms
2247 http fetch GET 200 https://registry.npmjs.org/find-up/-/find-up-5.0.0.tgz 19293ms (cache miss)
2248 timing reifyNode:node_modules/find-up Completed in 20440ms
2249 http fetch GET 200 https://registry.npmjs.org/fast-decode-uri-component/-/fast-decode-uri-component-1.0.1.tgz 19252ms (cache miss)
2250 timing reifyNode:node_modules/fast-decode-uri-component Completed in 20437ms
2251 http fetch GET 200 https://registry.npmjs.org/file-uri-to-path/-/file-uri-to-path-1.0.0.tgz 19295ms (cache miss)
2252 timing reifyNode:node_modules/file-uri-to-path Completed in 20443ms
2253 http fetch GET 200 https://registry.npmjs.org/get-stream/-/get-stream-6.0.1.tgz 19316ms (cache miss)
2254 timing reifyNode:node_modules/get-stream Completed in 20452ms
2255 http fetch GET 200 https://registry.npmjs.org/escalade/-/escalade-3.1.1.tgz 19237ms (cache miss)
2256 http fetch GET 200 https://registry.npmjs.org/indent-string/-/indent-string-4.0.0.tgz 19365ms (cache miss)
2257 timing reifyNode:node_modules/indent-string Completed in 20462ms
2258 http fetch GET 200 https://registry.npmjs.org/@webassemblyjs/helper-buffer/-/helper-buffer-1.12.1.tgz 19088ms (cache miss)
2259 timing reifyNode:node_modules/@webassemblyjs/helper-buffer Completed in 20421ms
2260 http fetch GET 200 https://registry.npmjs.org/@types/istanbul-reports/-/istanbul-reports-3.0.4.tgz 19078ms (cache miss)
2261 timing reifyNode:node_modules/@types/istanbul-reports Completed in 20423ms
2262 http fetch GET 200 https://registry.npmjs.org/@webassemblyjs/helper-wasm-bytecode/-/helper-wasm-bytecode-1.11.6.tgz 19094ms (cache miss)
2263 timing reifyNode:node_modules/@webassemblyjs/helper-wasm-bytecode Completed in 20427ms
2264 http fetch GET 200 https://registry.npmjs.org/@types/graceful-fs/-/graceful-fs-4.1.9.tgz 19073ms (cache miss)
2265 timing reifyNode:node_modules/@types/graceful-fs Completed in 20424ms
2266 http fetch GET 200 https://registry.npmjs.org/@types/babel__template/-/babel__template-7.4.4.tgz 19069ms (cache miss)
2267 timing reifyNode:node_modules/@types/babel__template Completed in 20424ms
2268 http fetch GET 200 https://registry.npmjs.org/@types/keyv/-/keyv-3.1.4.tgz 19087ms (cache miss)
2269 timing reifyNode:node_modules/@types/keyv Completed in 20429ms
2270 http fetch GET 200 https://registry.npmjs.org/@tufjs/canonical-json/-/canonical-json-1.0.0.tgz 19069ms (cache miss)
2271 timing reifyNode:node_modules/@tufjs/canonical-json Completed in 20428ms
2272 http fetch GET 200 https://registry.npmjs.org/@tootallnate/once/-/once-2.0.0.tgz 19071ms (cache miss)
2273 http fetch GET 200 https://registry.npmjs.org/@jest/source-map/-/source-map-29.6.3.tgz 19046ms (cache miss)
2274 timing reifyNode:node_modules/@jest/source-map Completed in 20433ms
2275 http fetch GET 200 https://registry.npmjs.org/ansi-regex/-/ansi-regex-6.0.1.tgz 18958ms (cache miss)
2276 timing reifyNode:node_modules/wrap-ansi/node_modules/ansi-regex Completed in 20553ms
2277 http fetch GET 200 https://registry.npmjs.org/ansi-regex/-/ansi-regex-6.0.1.tgz 18956ms (cache miss)
2278 timing reifyNode:node_modules/widest-line/node_modules/ansi-regex Completed in 20552ms
2279 http fetch GET 200 https://registry.npmjs.org/ansi-regex/-/ansi-regex-6.0.1.tgz 18879ms (cache miss)
2280 timing reifyNode:node_modules/npm-check-updates/node_modules/ansi-regex Completed in 20512ms
2281 http fetch GET 200 https://registry.npmjs.org/@types/istanbul-lib-coverage/-/istanbul-lib-coverage-2.0.6.tgz 19101ms (cache miss)
2282 timing reifyNode:node_modules/@types/istanbul-lib-coverage Completed in 20445ms
2283 http fetch GET 200 https://registry.npmjs.org/string-width/-/string-width-5.1.2.tgz 18960ms (cache miss)
2284 timing reifyNode:node_modules/widest-line/node_modules/string-width Completed in 20556ms
2285 http fetch GET 200 https://registry.npmjs.org/string-width/-/string-width-5.1.2.tgz 18965ms (cache miss)
2286 timing reifyNode:node_modules/wrap-ansi/node_modules/string-width Completed in 20557ms
2287 http fetch GET 200 https://registry.npmjs.org/@npmcli/move-file/-/move-file-1.1.2.tgz 18934ms (cache miss)
2288 timing reifyNode:node_modules/sqlite3/node_modules/@npmcli/move-file Completed in 20543ms
2289 http fetch GET 200 https://registry.npmjs.org/strip-ansi/-/strip-ansi-7.1.0.tgz 18893ms (cache miss)
2290 timing reifyNode:node_modules/npm-check-updates/node_modules/strip-ansi Completed in 20524ms
2291 http fetch GET 200 https://registry.npmjs.org/p-limit/-/p-limit-2.3.0.tgz 18914ms (cache miss)
2292 timing reifyNode:node_modules/pkg-dir/node_modules/p-limit Completed in 20531ms
2293 http fetch GET 200 https://registry.npmjs.org/p-locate/-/p-locate-4.1.0.tgz 18916ms (cache miss)
2294 timing reifyNode:node_modules/pkg-dir/node_modules/p-locate Completed in 20532ms
2295 http fetch GET 200 https://registry.npmjs.org/strip-json-comments/-/strip-json-comments-5.0.1.tgz 18897ms (cache miss)
2296 timing reifyNode:node_modules/npm-check-updates/node_modules/strip-json-comments Completed in 20527ms
2297 http fetch GET 200 https://registry.npmjs.org/path-exists/-/path-exists-3.0.0.tgz 18923ms (cache miss)
2298 timing reifyNode:node_modules/pkg-up/node_modules/path-exists Completed in 20537ms
2299 http fetch GET 200 https://registry.npmjs.org/strip-bom/-/strip-bom-3.0.0.tgz 18969ms (cache miss)
2300 timing reifyNode:node_modules/tsconfig-paths/node_modules/strip-bom Completed in 20563ms
2301 http fetch GET 200 https://registry.npmjs.org/@webpack-cli/info/-/info-2.0.2.tgz 19145ms (cache miss)
2302 timing reifyNode:node_modules/@webpack-cli/info Completed in 20470ms
2303 http fetch GET 200 https://registry.npmjs.org/doctypes/-/doctypes-1.1.0.tgz 19267ms (cache miss)
2304 timing reifyNode:node_modules/doctypes Completed in 20491ms
2305 http fetch GET 200 https://registry.npmjs.org/@types/ms/-/ms-0.7.34.tgz 19136ms (cache miss)
2306 timing reifyNode:node_modules/@types/ms Completed in 20477ms
2307 http fetch GET 200 https://registry.npmjs.org/@jest/globals/-/globals-29.7.0.tgz 19084ms (cache miss)
2308 timing reifyNode:node_modules/@jest/globals Completed in 20472ms
2309 http fetch GET 200 https://registry.npmjs.org/@babel/plugin-syntax-nullish-coalescing-operator/-/plugin-syntax-nullish-coalescing-operator-7.8.3.tgz 19030ms (cache miss)
2310 timing reifyNode:node_modules/@babel/plugin-syntax-nullish-coalescing-operator Completed in 20465ms
2311 http fetch GET 200 https://registry.npmjs.org/array.prototype.flatmap/-/array.prototype.flatmap-1.3.2.tgz 19211ms (cache miss)
2312 timing reifyNode:node_modules/array.prototype.flatmap Completed in 20506ms
2313 http fetch GET 200 https://registry.npmjs.org/array.prototype.flat/-/array.prototype.flat-1.3.2.tgz 19211ms (cache miss)
2314 timing reifyNode:node_modules/array.prototype.flat Completed in 20507ms
2315 http fetch GET 200 https://registry.npmjs.org/emoji-regex/-/emoji-regex-9.2.2.tgz 18878ms (cache miss)
2316 timing reifyNode:node_modules/boxen/node_modules/emoji-regex Completed in 20527ms
2317 http fetch GET 200 https://registry.npmjs.org/fast-safe-stringify/-/fast-safe-stringify-2.1.1.tgz 19393ms (cache miss)
2318 timing reifyNode:node_modules/fast-safe-stringify Completed in 20563ms
2319 http fetch GET 200 https://registry.npmjs.org/editorconfig/-/editorconfig-1.0.4.tgz 19338ms (cache miss)
2320 timing reifyNode:node_modules/editorconfig Completed in 20558ms
2321 http fetch GET 200 https://registry.npmjs.org/tar-fs 13196ms (cache miss)
2322 timing metavuln:packument:tar-fs Completed in 13196ms
2323 timing metavuln:load:security-advisory:tar-fs:1109532 Completed in 2ms
2324 timing metavuln:load:security-advisory:tar-fs:1109543 Completed in 1ms
2325 timing metavuln:load:security-advisory:tar-fs:1109552 Completed in 1ms
2326 http fetch GET 200 https://registry.npmjs.org/find-my-way 13210ms (cache miss)
2327 timing metavuln:packument:find-my-way Completed in 13211ms
2328 timing metavuln:load:security-advisory:find-my-way:1099853 Completed in 1ms
2329 http fetch GET 200 https://registry.npmjs.org/ip/-/ip-2.0.0.tgz 19518ms (cache miss)
2330 timing reifyNode:node_modules/ip Completed in 20610ms
2331 http fetch GET 200 https://registry.npmjs.org/getopts/-/getopts-2.3.0.tgz 19477ms (cache miss)
2332 timing reifyNode:node_modules/getopts Completed in 20607ms
2333 http fetch GET 200 https://registry.npmjs.org/html-escaper/-/html-escaper-2.0.2.tgz 19497ms (cache miss)
2334 timing reifyNode:node_modules/fp-and-or Completed in 20602ms
2335 timing reifyNode:node_modules/escalade Completed in 20598ms
2336 http fetch GET 200 https://registry.npmjs.org/@webassemblyjs/helper-wasm-section/-/helper-wasm-section-1.12.1.tgz 19250ms (cache miss)
2337 http fetch GET 200 https://registry.npmjs.org/@types/semver-utils/-/semver-utils-1.1.3.tgz 19244ms (cache miss)
2338 timing reifyNode:node_modules/@types/semver-utils Completed in 20582ms
2339 http fetch GET 200 https://registry.npmjs.org/@lukeed/ms/-/ms-2.0.2.tgz 19200ms (cache miss)
2340 timing reifyNode:node_modules/@lukeed/ms Completed in 20580ms
2341 http fetch GET 200 https://registry.npmjs.org/@npmcli/node-gyp/-/node-gyp-3.0.0.tgz 19209ms (cache miss)
2342 timing reifyNode:node_modules/@npmcli/node-gyp Completed in 20585ms
2343 http fetch GET 200 https://registry.npmjs.org/@jest/test-sequencer/-/test-sequencer-29.7.0.tgz 19199ms (cache miss)
2344 timing reifyNode:node_modules/@jest/test-sequencer Completed in 20586ms
2345 http fetch GET 200 https://registry.npmjs.org/@webpack-cli/serve/-/serve-2.0.5.tgz 19217ms (cache miss)
2346 timing reifyNode:node_modules/@webpack-cli/serve Completed in 20596ms
2347 http fetch GET 200 https://registry.npmjs.org/@istanbuljs/load-nyc-config/-/load-nyc-config-1.1.0.tgz 19189ms (cache miss)
2348 timing reifyNode:node_modules/@istanbuljs/load-nyc-config Completed in 20587ms
2349 http fetch GET 200 https://registry.npmjs.org/@babel/plugin-syntax-top-level-await/-/plugin-syntax-top-level-await-7.14.5.tgz 19158ms (cache miss)
2350 timing reifyNode:node_modules/@babel/plugin-syntax-top-level-await Completed in 20583ms
2351 http fetch GET 200 https://registry.npmjs.org/@babel/plugin-syntax-class-properties/-/plugin-syntax-class-properties-7.12.13.tgz 19138ms (cache miss)
2352 timing reifyNode:node_modules/@babel/plugin-syntax-class-properties Completed in 20583ms
2353 http fetch GET 200 https://registry.npmjs.org/@aashutoshrathi/word-wrap/-/word-wrap-1.2.6.tgz 19119ms (cache miss)
2354 timing reifyNode:node_modules/@aashutoshrathi/word-wrap Completed in 20581ms
2355 http fetch GET 200 https://registry.npmjs.org/json-parse-even-better-errors/-/json-parse-even-better-errors-3.0.1.tgz 19069ms (cache miss)
2356 timing reifyNode:node_modules/read-package-json-fast/node_modules/json-parse-even-better-errors Completed in 20687ms
2357 http fetch GET 200 https://registry.npmjs.org/eastasianwidth/-/eastasianwidth-0.2.0.tgz 19406ms (cache miss)
2358 timing reifyNode:node_modules/eastasianwidth Completed in 20627ms
2359 http fetch GET 200 https://registry.npmjs.org/abbrev/-/abbrev-2.0.0.tgz 19023ms (cache miss)
2360 timing reifyNode:node_modules/js-beautify/node_modules/abbrev Completed in 20663ms
2361 http fetch GET 200 https://registry.npmjs.org/@jest/expect/-/expect-29.7.0.tgz 19216ms (cache miss)
2362 timing reifyNode:node_modules/@jest/expect Completed in 20607ms
2363 http fetch GET 200 https://registry.npmjs.org/@babel/helper-environment-visitor/-/helper-environment-visitor-7.22.20.tgz 19145ms (cache miss)
2364 timing reifyNode:node_modules/@babel/helper-environment-visitor Completed in 20602ms
2365 http fetch GET 200 https://registry.npmjs.org/@babel/plugin-syntax-typescript/-/plugin-syntax-typescript-7.24.1.tgz 19196ms (cache miss)
2366 timing reifyNode:node_modules/@babel/plugin-syntax-typescript Completed in 20618ms
2367 http fetch GET 200 https://registry.npmjs.org/locate-path/-/locate-path-3.0.0.tgz 19102ms (cache miss)
2368 timing reifyNode:node_modules/pkg-up/node_modules/locate-path Completed in 20718ms
2369 http fetch GET 200 https://registry.npmjs.org/unique-filename/-/unique-filename-2.0.1.tgz 19073ms (cache miss)
2370 timing reifyNode:node_modules/node-gyp/node_modules/unique-filename Completed in 20709ms
2371 http fetch GET 200 https://registry.npmjs.org/escape-html/-/escape-html-1.0.3.tgz 19465ms (cache miss)
2372 timing reifyNode:node_modules/escape-html Completed in 20667ms
2373 http fetch GET 200 https://registry.npmjs.org/constantinople/-/constantinople-4.0.1.tgz 19416ms (cache miss)
2374 timing reifyNode:node_modules/constantinople Completed in 20665ms
2375 http fetch GET 200 https://registry.npmjs.org/chalk/-/chalk-4.1.2.tgz 19392ms (cache miss)
2376 timing reifyNode:node_modules/chalk Completed in 20665ms
2377 http fetch GET 200 https://registry.npmjs.org/array.prototype.findlastindex/-/array.prototype.findlastindex-1.2.5.tgz 19363ms (cache miss)
2378 timing reifyNode:node_modules/array.prototype.findlastindex Completed in 20660ms
2379 http fetch GET 200 https://registry.npmjs.org/v8-to-istanbul/-/v8-to-istanbul-9.2.0.tgz 20021ms (cache miss)
2380 timing reifyNode:node_modules/v8-to-istanbul Completed in 20764ms
2381 http fetch GET 200 https://registry.npmjs.org/tarn/-/tarn-3.0.2.tgz 19980ms (cache miss)
2382 timing reifyNode:node_modules/tarn Completed in 20761ms
2383 http fetch GET 200 https://registry.npmjs.org/js-cookie/-/js-cookie-3.0.5.tgz 19699ms (cache miss)
2384 timing reifyNode:node_modules/js-cookie Completed in 20734ms
2385 http fetch GET 200 https://registry.npmjs.org/function-bind/-/function-bind-1.1.2.tgz 19578ms (cache miss)
2386 timing reifyNode:node_modules/function-bind Completed in 20720ms
2387 http fetch GET 200 https://registry.npmjs.org/fast-content-type-parse/-/fast-content-type-parse-1.1.0.tgz 19529ms (cache miss)
2388 http fetch GET 200 https://registry.npmjs.org/pg-types/-/pg-types-2.2.0.tgz 19831ms (cache miss)
2389 timing reifyNode:node_modules/pg-types Completed in 20771ms
2390 timing reifyNode:node_modules/has-property-descriptors Completed in 20750ms
2391 http fetch GET 200 https://registry.npmjs.org/fast-querystring/-/fast-querystring-1.0.0.tgz 19568ms (cache miss)
2392 timing reifyNode:node_modules/fast-querystring Completed in 20743ms
2393 http fetch GET 200 https://registry.npmjs.org/fast-deep-equal/-/fast-deep-equal-3.1.3.tgz 19560ms (cache miss)
2394 timing reifyNode:node_modules/fast-deep-equal Completed in 20743ms
2395 http fetch GET 200 https://registry.npmjs.org/for-each/-/for-each-0.3.3.tgz 19603ms (cache miss)
2396 timing reifyNode:node_modules/for-each Completed in 20748ms
2397 http fetch GET 200 https://registry.npmjs.org/abbrev/-/abbrev-1.1.1.tgz 19405ms (cache miss)
2398 timing reifyNode:node_modules/abbrev Completed in 20729ms
2399 http fetch GET 200 https://registry.npmjs.org/@types/istanbul-lib-report/-/istanbul-lib-report-3.0.3.tgz 19381ms (cache miss)
2400 timing reifyNode:node_modules/@types/istanbul-lib-report Completed in 20726ms
2401 http fetch GET 200 https://registry.npmjs.org/@webassemblyjs/floating-point-hex-parser/-/floating-point-hex-parser-1.11.6.tgz 19396ms (cache miss)
2402 timing reifyNode:node_modules/@webassemblyjs/floating-point-hex-parser Completed in 20729ms
2403 timing reifyNode:node_modules/@tootallnate/once Completed in 20729ms
2404 http fetch GET 200 https://registry.npmjs.org/@npmcli/move-file/-/move-file-2.0.1.tgz 19351ms (cache miss)
2405 warn deprecated @npmcli/move-file@2.0.1: This functionality has been moved to @npmcli/fs
2406 timing reifyNode:node_modules/@npmcli/move-file Completed in 20728ms
2407 http fetch GET 200 https://registry.npmjs.org/@npmcli/installed-package-contents/-/installed-package-contents-2.0.2.tgz 19355ms (cache miss)
2408 timing reifyNode:node_modules/@npmcli/installed-package-contents Completed in 20732ms
2409 http fetch GET 200 https://registry.npmjs.org/@isaacs/cliui/-/cliui-8.0.2.tgz 19335ms (cache miss)
2410 timing reifyNode:node_modules/@isaacs/cliui Completed in 20733ms
2411 http fetch GET 200 https://registry.npmjs.org/@babel/plugin-syntax-numeric-separator/-/plugin-syntax-numeric-separator-7.10.4.tgz 19297ms (cache miss)
2412 timing reifyNode:node_modules/@babel/plugin-syntax-numeric-separator Completed in 20729ms
2413 http fetch GET 200 https://registry.npmjs.org/lru-cache/-/lru-cache-6.0.0.tgz 19235ms (cache miss)
2414 timing reifyNode:node_modules/sqlite3/node_modules/lru-cache Completed in 20843ms
2415 http fetch GET 200 https://registry.npmjs.org/ini/-/ini-4.1.2.tgz 19186ms (cache miss)
2416 timing reifyNode:node_modules/npm-check-updates/node_modules/ini Completed in 20819ms
2417 http fetch GET 200 https://registry.npmjs.org/fs-minipass/-/fs-minipass-3.0.3.tgz 19202ms (cache miss)
2418 timing reifyNode:node_modules/pacote/node_modules/fs-minipass Completed in 20823ms
2419 http fetch GET 200 https://registry.npmjs.org/yallist/-/yallist-3.1.1.tgz 19168ms (cache miss)
2420 timing reifyNode:node_modules/lru-cache/node_modules/yallist Completed in 20811ms
2421 http fetch GET 200 https://registry.npmjs.org/find-up/-/find-up-4.1.0.tgz 19213ms (cache miss)
2422 timing reifyNode:node_modules/pkg-dir/node_modules/find-up Completed in 20830ms
2423 http fetch GET 200 https://registry.npmjs.org/interpret/-/interpret-3.1.1.tgz 19268ms (cache miss)
2424 timing reifyNode:node_modules/webpack-cli/node_modules/interpret Completed in 20865ms
2425 http fetch GET 200 https://registry.npmjs.org/es-shim-unscopables/-/es-shim-unscopables-1.0.2.tgz 19574ms (cache miss)
2426 timing reifyNode:node_modules/es-shim-unscopables Completed in 20782ms
2427 http fetch GET 200 https://registry.npmjs.org/@tootallnate/once/-/once-1.1.2.tgz 19243ms (cache miss)
2428 timing reifyNode:node_modules/sqlite3/node_modules/@tootallnate/once Completed in 20854ms
2429 http fetch GET 200 https://registry.npmjs.org/error-ex/-/error-ex-1.3.2.tgz 19573ms (cache miss)
2430 timing reifyNode:node_modules/error-ex Completed in 20783ms
2431 http fetch GET 200 https://registry.npmjs.org/split2/-/split2-4.2.0.tgz 19217ms (cache miss)
2432 timing reifyNode:node_modules/pino-abstract-transport/node_modules/split2 Completed in 20838ms
2433 http fetch GET 200 https://registry.npmjs.org/fast-levenshtein/-/fast-levenshtein-2.0.6.tgz 19616ms (cache miss)
2434 timing reifyNode:node_modules/fast-levenshtein Completed in 20791ms
2435 http fetch GET 200 https://registry.npmjs.org/@babel/helper-simple-access/-/helper-simple-access-7.22.5.tgz 19294ms (cache miss)
2436 timing reifyNode:node_modules/@babel/helper-simple-access Completed in 20748ms
2437 http fetch GET 200 https://registry.npmjs.org/hashlru/-/hashlru-2.3.0.tgz 19691ms (cache miss)
2438 timing reifyNode:node_modules/hashlru Completed in 20807ms
2439 http fetch GET 200 https://registry.npmjs.org/@eslint/js/-/js-9.1.1.tgz 19348ms (cache miss)
2440 http fetch GET 200 https://registry.npmjs.org/@fastify/deepmerge/-/deepmerge-1.3.0.tgz 19352ms (cache miss)
2441 timing reifyNode:node_modules/@fastify/deepmerge Completed in 20756ms
2442 http fetch GET 200 https://registry.npmjs.org/@babel/helper-split-export-declaration/-/helper-split-export-declaration-7.22.6.tgz 19300ms (cache miss)
2443 timing reifyNode:node_modules/@babel/helper-split-export-declaration Completed in 20754ms
2444 http fetch GET 200 https://registry.npmjs.org/@fastify/flash/-/flash-5.1.0.tgz 19357ms (cache miss)
2445 http fetch GET 200 https://registry.npmjs.org/@types/http-cache-semantics/-/http-cache-semantics-4.0.1.tgz 19421ms (cache miss)
2446 timing reifyNode:node_modules/@types/http-cache-semantics Completed in 20772ms
2447 http fetch GET 200 https://registry.npmjs.org/@jest/test-result/-/test-result-29.7.0.tgz 19382ms (cache miss)
2448 timing reifyNode:node_modules/@jest/test-result Completed in 20767ms
2449 http fetch GET 200 https://registry.npmjs.org/@types/responselike/-/responselike-1.0.0.tgz 19435ms (cache miss)
2450 timing reifyNode:node_modules/@types/responselike Completed in 20774ms
2451 http fetch GET 200 https://registry.npmjs.org/p-locate/-/p-locate-3.0.0.tgz 19241ms (cache miss)
2452 timing reifyNode:node_modules/pkg-up/node_modules/p-locate Completed in 20856ms
2453 http fetch GET 200 https://registry.npmjs.org/locate-path/-/locate-path-5.0.0.tgz 19243ms (cache miss)
2454 timing reifyNode:node_modules/pkg-dir/node_modules/locate-path Completed in 20859ms
2455 http fetch GET 200 https://registry.npmjs.org/strip-json-comments/-/strip-json-comments-2.0.1.tgz 19249ms (cache miss)
2456 timing reifyNode:node_modules/rc/node_modules/strip-json-comments Completed in 20869ms
2457 http fetch GET 200 https://registry.npmjs.org/debug/-/debug-4.3.4.tgz 19567ms (cache miss)
2458 timing reifyNode:node_modules/debug Completed in 20807ms
2459 http fetch GET 200 https://registry.npmjs.org/cli-table3/-/cli-table3-0.6.4.tgz 19540ms (cache miss)
2460 timing reifyNode:node_modules/cli-table3 Completed in 20806ms
2461 http fetch GET 200 https://registry.npmjs.org/array-includes/-/array-includes-3.1.8.tgz 19495ms (cache miss)
2462 timing reifyNode:node_modules/array-includes Completed in 20799ms
2463 http fetch GET 200 https://registry.npmjs.org/agentkeepalive/-/agentkeepalive-4.2.1.tgz 19488ms (cache miss)
2464 timing reifyNode:node_modules/agentkeepalive Completed in 20799ms
2465 http fetch GET 200 https://registry.npmjs.org/timers-ext/-/timers-ext-0.1.7.tgz 20125ms (cache miss)
2466 http fetch GET 200 https://registry.npmjs.org/string.prototype.trimend/-/string.prototype.trimend-1.0.8.tgz 20101ms (cache miss)
2467 timing reifyNode:node_modules/string.prototype.trimend Completed in 20902ms
2468 http fetch GET 200 https://registry.npmjs.org/retry/-/retry-0.12.0.tgz 20052ms (cache miss)
2469 http fetch GET 200 https://registry.npmjs.org/side-channel/-/side-channel-1.0.6.tgz 20082ms (cache miss)
2470 timing reifyNode:node_modules/side-channel Completed in 20912ms
2471 http fetch GET 200 https://registry.npmjs.org/fastify-plugin/-/fastify-plugin-4.2.0.tgz 19169ms (cache miss)
2472 http fetch GET 200 https://registry.npmjs.org/postcss-value-parser/-/postcss-value-parser-4.2.0.tgz 19987ms (cache miss)
2473 timing reifyNode:node_modules/postcss-value-parser Completed in 20916ms
2474 http fetch GET 200 https://registry.npmjs.org/normalize-package-data/-/normalize-package-data-5.0.0.tgz 19930ms (cache miss)
2475 timing reifyNode:node_modules/normalize-package-data Completed in 20912ms
2476 http fetch GET 200 https://registry.npmjs.org/mkdirp/-/mkdirp-1.0.4.tgz 19918ms (cache miss)
2477 timing reifyNode:node_modules/mkdirp Completed in 20911ms
2478 http fetch GET 200 https://registry.npmjs.org/mdurl/-/mdurl-1.0.1.tgz 19902ms (cache miss)
2479 timing reifyNode:node_modules/mdurl Completed in 20912ms
2480 http fetch GET 200 https://registry.npmjs.org/jest-runner/-/jest-runner-29.7.0.tgz 19858ms (cache miss)
2481 timing reifyNode:node_modules/jest-runner Completed in 20905ms
2482 http fetch GET 200 https://registry.npmjs.org/is-number-object/-/is-number-object-1.0.7.tgz 19828ms (cache miss)
2483 timing reifyNode:node_modules/is-number-object Completed in 20901ms
2484 http fetch GET 200 https://registry.npmjs.org/@webassemblyjs/wast-printer/-/wast-printer-1.12.1.tgz 19542ms (cache miss)
2485 timing reifyNode:node_modules/@webassemblyjs/wast-printer Completed in 20867ms
2486 timing reifyNode:node_modules/@webassemblyjs/helper-wasm-section Completed in 20868ms
2487 http fetch GET 200 https://registry.npmjs.org/@types/debug/-/debug-4.1.12.tgz 19511ms (cache miss)
2488 timing reifyNode:node_modules/@types/debug Completed in 20866ms
2489 http fetch GET 200 https://registry.npmjs.org/@types/babel__generator/-/babel__generator-7.6.8.tgz 19512ms (cache miss)
2490 timing reifyNode:node_modules/@types/babel__generator Completed in 20868ms
2491 http fetch GET 200 https://registry.npmjs.org/@szmarczak/http-timer/-/http-timer-5.0.1.tgz 19510ms (cache miss)
2492 timing reifyNode:node_modules/@szmarczak/http-timer Completed in 20869ms
2493 http fetch GET 200 https://registry.npmjs.org/@jridgewell/set-array/-/set-array-1.2.1.tgz 19484ms (cache miss)
2494 timing reifyNode:node_modules/@jridgewell/set-array Completed in 20866ms
2495 http fetch GET 200 https://registry.npmjs.org/cookie/-/cookie-0.4.2.tgz 19400ms (cache miss)
2496 timing reifyNode:node_modules/youch/node_modules/cookie Completed in 20994ms
2497 http fetch GET 200 https://registry.npmjs.org/chownr/-/chownr-1.1.4.tgz 19387ms (cache miss)
2498 timing reifyNode:node_modules/tar-fs/node_modules/chownr Completed in 20984ms
2499 http fetch GET 200 https://registry.npmjs.org/http-proxy-agent/-/http-proxy-agent-4.0.1.tgz 19374ms (cache miss)
2500 timing reifyNode:node_modules/sqlite3/node_modules/http-proxy-agent Completed in 20983ms
2501 timing reifyNode:node_modules/@eslint/js Completed in 20881ms
2502 http fetch GET 200 https://registry.npmjs.org/@fastify/accept-negotiator/-/accept-negotiator-1.0.0.tgz 19480ms (cache miss)
2503 timing reifyNode:node_modules/@fastify/accept-negotiator Completed in 20885ms
2504 http fetch GET 200 https://registry.npmjs.org/@types/eslint-scope/-/eslint-scope-3.7.4.tgz 19545ms (cache miss)
2505 timing reifyNode:node_modules/@types/eslint-scope Completed in 20897ms
2506 http fetch GET 200 https://registry.npmjs.org/supports-color/-/supports-color-8.1.1.tgz 19407ms (cache miss)
2507 timing reifyNode:node_modules/terser-webpack-plugin/node_modules/supports-color Completed in 21000ms
2508 http fetch GET 200 https://registry.npmjs.org/supports-color/-/supports-color-8.1.1.tgz 19315ms (cache miss)
2509 timing reifyNode:node_modules/jest-worker/node_modules/supports-color Completed in 20955ms
2510 http fetch GET 200 https://registry.npmjs.org/ini/-/ini-1.3.8.tgz 19370ms (cache miss)
2511 timing reifyNode:node_modules/rc/node_modules/ini Completed in 20988ms
2512 http fetch GET 200 https://registry.npmjs.org/pg-connection-string/-/pg-connection-string-2.6.4.tgz 19359ms (cache miss)
2513 timing reifyNode:node_modules/pg/node_modules/pg-connection-string Completed in 20980ms
2514 http fetch GET 200 https://registry.npmjs.org/escape-string-regexp/-/escape-string-regexp-2.0.0.tgz 19407ms (cache miss)
2515 timing reifyNode:node_modules/stack-utils/node_modules/escape-string-regexp Completed in 21002ms
2516 http fetch GET 200 https://registry.npmjs.org/strip-ansi/-/strip-ansi-7.0.1.tgz 19423ms (cache miss)
2517 timing reifyNode:node_modules/widest-line/node_modules/strip-ansi Completed in 21018ms
2518 http fetch GET 200 https://registry.npmjs.org/bl/-/bl-4.1.0.tgz 19639ms (cache miss)
2519 timing reifyNode:node_modules/bl Completed in 20922ms
2520 http fetch GET 200 https://registry.npmjs.org/tuf-js/-/tuf-js-1.1.7.tgz 20252ms (cache miss)
2521 http fetch GET 200 https://registry.npmjs.org/string.prototype.trim/-/string.prototype.trim-1.2.9.tgz 20217ms (cache miss)
2522 timing reifyNode:node_modules/string.prototype.trim Completed in 21021ms
2523 http fetch GET 200 https://registry.npmjs.org/fastify-plugin/-/fastify-plugin-2.3.4.tgz 19326ms (cache miss)
2524 http fetch GET 200 https://registry.npmjs.org/is-array-buffer/-/is-array-buffer-3.0.4.tgz 19893ms (cache miss)
2525 timing reifyNode:node_modules/is-array-buffer Completed in 20984ms
2526 http fetch GET 200 https://registry.npmjs.org/get-intrinsic/-/get-intrinsic-1.2.4.tgz 19841ms (cache miss)
2527 timing reifyNode:node_modules/get-intrinsic Completed in 20978ms
2528 http fetch GET 200 https://registry.npmjs.org/glob 13618ms (cache miss)
2529 timing metavuln:packument:glob Completed in 13620ms
2530 timing metavuln:load:security-advisory:glob:1109842 Completed in 2ms
2531 http fetch GET 200 https://registry.npmjs.org/nanoid 13613ms (cache miss)
2532 timing metavuln:packument:nanoid Completed in 13615ms
2533 timing metavuln:load:security-advisory:nanoid:1109563 Completed in 8ms
2534 http fetch GET 200 https://registry.npmjs.org/pug-lexer/-/pug-lexer-5.0.1.tgz 20157ms (cache miss)
2535 timing reifyNode:node_modules/pug-lexer Completed in 21046ms
2536 http fetch GET 200 https://registry.npmjs.org/negotiator/-/negotiator-0.6.3.tgz 20054ms (cache miss)
2537 timing reifyNode:node_modules/negotiator Completed in 21039ms
2538 http fetch GET 200 https://registry.npmjs.org/levn/-/levn-0.4.1.tgz 20010ms (cache miss)
2539 timing reifyNode:node_modules/levn Completed in 21034ms
2540 http fetch GET 200 https://registry.npmjs.org/jsonparse/-/jsonparse-1.3.1.tgz 20005ms (cache miss)
2541 http fetch GET 200 https://registry.npmjs.org/jest-cli/-/jest-cli-29.7.0.tgz 19975ms (cache miss)
2542 timing reifyNode:node_modules/jest-cli Completed in 21031ms
2543 http fetch GET 200 https://registry.npmjs.org/is-string/-/is-string-1.0.7.tgz 19959ms (cache miss)
2544 timing reifyNode:node_modules/is-string Completed in 21028ms
2545 http fetch GET 200 https://registry.npmjs.org/is-weakref/-/is-weakref-1.0.2.tgz 19962ms (cache miss)
2546 timing reifyNode:node_modules/is-weakref Completed in 21029ms
2547 http fetch GET 200 https://registry.npmjs.org/hasown/-/hasown-2.0.2.tgz 19910ms (cache miss)
2548 timing reifyNode:node_modules/hasown Completed in 21025ms
2549 http fetch GET 200 https://registry.npmjs.org/has-bigints/-/has-bigints-1.0.2.tgz 19905ms (cache miss)
2550 timing reifyNode:node_modules/has-bigints Completed in 21024ms
2551 timing reifyNode:node_modules/html-escaper Completed in 21027ms
2552 http fetch GET 200 https://registry.npmjs.org/@types/yargs-parser/-/yargs-parser-21.0.3.tgz 19657ms (cache miss)
2553 timing reifyNode:node_modules/@types/yargs-parser Completed in 20995ms
2554 http fetch GET 200 https://registry.npmjs.org/@xtuc/ieee754/-/ieee754-1.2.0.tgz 19652ms (cache miss)
2555 timing reifyNode:node_modules/@xtuc/ieee754 Completed in 20998ms
2556 http fetch GET 200 https://registry.npmjs.org/@types/estree/-/estree-1.0.5.tgz 19644ms (cache miss)
2557 timing reifyNode:node_modules/@types/estree Completed in 20997ms
2558 http fetch GET 200 https://registry.npmjs.org/@types/cacheable-request/-/cacheable-request-6.0.2.tgz 19643ms (cache miss)
2559 timing reifyNode:node_modules/@types/cacheable-request Completed in 20997ms
2560 http fetch GET 200 https://registry.npmjs.org/@npmcli/promise-spawn/-/promise-spawn-6.0.2.tgz 19623ms (cache miss)
2561 timing reifyNode:node_modules/@npmcli/promise-spawn Completed in 20997ms
2562 http fetch GET 200 https://registry.npmjs.org/@humanwhocodes/module-importer/-/module-importer-1.0.1.tgz 19599ms (cache miss)
2563 http fetch GET 200 https://registry.npmjs.org/@istanbuljs/schema/-/schema-0.1.3.tgz 19602ms (cache miss)
2564 timing reifyNode:node_modules/@istanbuljs/schema Completed in 20998ms
2565 http fetch GET 200 https://registry.npmjs.org/estraverse/-/estraverse-4.3.0.tgz 19515ms (cache miss)
2566 timing reifyNode:node_modules/webpack/node_modules/estraverse Completed in 21114ms
2567 http fetch GET 200 https://registry.npmjs.org/ansi-styles/-/ansi-styles-6.1.0.tgz 19524ms (cache miss)
2568 timing reifyNode:node_modules/wrap-ansi/node_modules/ansi-styles Completed in 21118ms
2569 http fetch GET 200 https://registry.npmjs.org/hosted-git-info/-/hosted-git-info-6.1.1.tgz 19460ms (cache miss)
2570 timing reifyNode:node_modules/npm-package-arg/node_modules/hosted-git-info Completed in 21084ms
2571 http fetch GET 200 https://registry.npmjs.org/cliui/-/cliui-7.0.4.tgz 19490ms (cache miss)
2572 http fetch GET 200 https://registry.npmjs.org/@jest/console/-/console-29.7.0.tgz 19613ms (cache miss)
2573 timing reifyNode:node_modules/@jest/console Completed in 21010ms
2574 http fetch GET 200 https://registry.npmjs.org/dottie/-/dottie-2.0.6.tgz 19821ms (cache miss)
2575 timing reifyNode:node_modules/dottie Completed in 21044ms
2576 http fetch GET 200 https://registry.npmjs.org/@babel/plugin-syntax-jsx/-/plugin-syntax-jsx-7.24.1.tgz 19571ms (cache miss)
2577 timing reifyNode:node_modules/@babel/plugin-syntax-jsx Completed in 21009ms
2578 http fetch GET 200 https://registry.npmjs.org/@types/json-schema/-/json-schema-7.0.11.tgz 19611ms (cache miss)
2579 timing reifyNode:node_modules/@types/json-schema Completed in 21032ms
2580 http fetch GET 200 https://registry.npmjs.org/@babel/helper-plugin-utils/-/helper-plugin-utils-7.24.0.tgz 19562ms (cache miss)
2581 timing reifyNode:node_modules/@babel/helper-plugin-utils Completed in 21016ms
2582 http fetch GET 200 https://registry.npmjs.org/brace-expansion/-/brace-expansion-2.0.1.tgz 19471ms (cache miss)
2583 timing reifyNode:node_modules/npm-check-updates/node_modules/brace-expansion Completed in 21106ms
2584 http fetch GET 200 https://registry.npmjs.org/brace-expansion/-/brace-expansion-2.0.1.tgz 19462ms (cache miss)
2585 timing reifyNode:node_modules/node-gyp/node_modules/brace-expansion Completed in 21104ms
2586 http fetch GET 200 https://registry.npmjs.org/find-up/-/find-up-3.0.0.tgz 19503ms (cache miss)
2587 timing reifyNode:node_modules/pkg-up/node_modules/find-up Completed in 21118ms
2588 http fetch GET 200 https://registry.npmjs.org/p-limit/-/p-limit-2.3.0.tgz 19506ms (cache miss)
2589 timing reifyNode:node_modules/pkg-up/node_modules/p-limit Completed in 21122ms
2590 http fetch GET 200 https://registry.npmjs.org/@babel/helper-hoist-variables/-/helper-hoist-variables-7.22.5.tgz 19574ms (cache miss)
2591 timing reifyNode:node_modules/@babel/helper-hoist-variables Completed in 21031ms
2592 http fetch GET 200 https://registry.npmjs.org/which-typed-array/-/which-typed-array-1.1.15.tgz 20430ms (cache miss)
2593 timing reifyNode:node_modules/which-typed-array Completed in 21166ms
2594 http fetch GET 200 https://registry.npmjs.org/watchpack/-/watchpack-2.4.1.tgz 20424ms (cache miss)
2595 timing reifyNode:node_modules/watchpack Completed in 21166ms
2596 timing reifyNode:node_modules/tuf-js Completed in 21164ms
2597 http fetch GET 200 https://registry.npmjs.org/string.prototype.trimstart/-/string.prototype.trimstart-1.0.8.tgz 20368ms (cache miss)
2598 timing reifyNode:node_modules/string.prototype.trimstart Completed in 21168ms
2599 http fetch GET 200 https://registry.npmjs.org/glob/-/glob-7.2.3.tgz 19486ms (cache miss)
2600 timing reifyNode:node_modules/jest-config/node_modules/glob Completed in 21124ms
2601 http fetch GET 200 https://registry.npmjs.org/glob/-/glob-8.1.0.tgz 19483ms (cache miss)
2602 timing reifyNode:node_modules/help-me/node_modules/glob Completed in 21117ms
2603 timing reifyNode:node_modules/fastify-error-page/node_modules/fastify-plugin Completed in 21108ms
2604 http fetch GET 200 https://registry.npmjs.org/semver/-/semver-6.3.1.tgz 19470ms (cache miss)
2605 timing reifyNode:node_modules/eslint-plugin-import/node_modules/semver Completed in 21109ms
2606 http fetch GET 200 https://registry.npmjs.org/emoji-regex/-/emoji-regex-9.2.2.tgz 19431ms (cache miss)
2607 timing reifyNode:node_modules/@isaacs/cliui/node_modules/emoji-regex Completed in 21079ms
2608 http fetch GET 200 https://registry.npmjs.org/secure-json-parse/-/secure-json-parse-2.7.0.tgz 20342ms (cache miss)
2609 http fetch GET 200 https://registry.npmjs.org/optionator/-/optionator-0.9.3.tgz 20218ms (cache miss)
2610 timing reifyNode:node_modules/optionator Completed in 21173ms
2611 http fetch GET 200 https://registry.npmjs.org/is-callable/-/is-callable-1.2.7.tgz 20060ms (cache miss)
2612 timing reifyNode:node_modules/is-callable Completed in 21149ms
2613 http fetch GET 200 https://registry.npmjs.org/event-emitter/-/event-emitter-0.3.5.tgz 19945ms (cache miss)
2614 timing reifyNode:node_modules/fast-content-type-parse Completed in 21216ms
2615 http fetch GET 200 https://registry.npmjs.org/object.groupby/-/object.groupby-1.0.3.tgz 20324ms (cache miss)
2616 timing reifyNode:node_modules/object.groupby Completed in 21286ms
2617 http fetch GET 200 https://registry.npmjs.org/minipass/-/minipass-3.3.4.tgz 20288ms (cache miss)
2618 timing reifyNode:node_modules/minipass Completed in 21285ms
2619 http fetch GET 200 https://registry.npmjs.org/jest-mock/-/jest-mock-29.7.0.tgz 20228ms (cache miss)
2620 timing reifyNode:node_modules/jest-mock Completed in 21278ms
2621 http fetch GET 200 https://registry.npmjs.org/is-symbol/-/is-symbol-1.0.4.tgz 20205ms (cache miss)
2622 timing reifyNode:node_modules/is-symbol Completed in 21274ms
2623 http fetch GET 200 https://registry.npmjs.org/is-shared-array-buffer/-/is-shared-array-buffer-1.0.3.tgz 20204ms (cache miss)
2624 timing reifyNode:node_modules/is-shared-array-buffer Completed in 21275ms
2625 http fetch GET 200 https://registry.npmjs.org/fast-memoize/-/fast-memoize-2.5.2.tgz 20090ms (cache miss)
2626 timing reifyNode:node_modules/fast-memoize Completed in 21261ms
2627 http fetch GET 200 https://registry.npmjs.org/es-object-atoms/-/es-object-atoms-1.0.0.tgz 20056ms (cache miss)
2628 http fetch GET 200 https://registry.npmjs.org/json-parse-even-better-errors/-/json-parse-even-better-errors-3.0.1.tgz 19727ms (cache miss)
2629 timing reifyNode:node_modules/read-package-json/node_modules/json-parse-even-better-errors Completed in 21345ms
2630 http fetch GET 200 https://registry.npmjs.org/graceful-fs/-/graceful-fs-4.2.11.tgz 19773ms (cache miss)
2631 timing reifyNode:node_modules/webpack/node_modules/graceful-fs Completed in 21370ms
2632 http fetch GET 200 https://registry.npmjs.org/camelcase/-/camelcase-6.3.0.tgz 19681ms (cache miss)
2633 timing reifyNode:node_modules/jest-validate/node_modules/camelcase Completed in 21319ms
2634 timing reifyNode:node_modules/@fastify/flash Completed in 21266ms
2635 http fetch GET 200 https://registry.npmjs.org/unique-slug/-/unique-slug-3.0.0.tgz 19723ms (cache miss)
2636 timing reifyNode:node_modules/node-gyp/node_modules/unique-slug Completed in 21357ms
2637 timing reifyNode:node_modules/timers-ext Completed in 21405ms
2638 http fetch GET 200 https://registry.npmjs.org/sprintf-js/-/sprintf-js-1.0.3.tgz 20596ms (cache miss)
2639 timing reifyNode:node_modules/sprintf-js Completed in 21402ms
2640 timing reifyNode:node_modules/retry Completed in 21410ms
2641 http fetch GET 200 https://registry.npmjs.org/json-schema-ref-resolver/-/json-schema-ref-resolver-1.0.1.tgz 20348ms (cache miss)
2642 timing reifyNode:node_modules/json-schema-ref-resolver Completed in 21383ms
2643 http fetch GET 200 https://registry.npmjs.org/has-symbols/-/has-symbols-1.0.3.tgz 20251ms (cache miss)
2644 timing reifyNode:node_modules/has-symbols Completed in 21369ms
2645 http fetch GET 200 https://registry.npmjs.org/@babel%2fruntime 14011ms (cache miss)
2646 timing metavuln:packument:@babel/runtime Completed in 14014ms
2647 timing metavuln:load:security-advisory:@babel/runtime:1104000 Completed in 5ms
2648 timing reifyNode:node_modules/@fastify/static/node_modules/fastify-plugin Completed in 21334ms
2649 http fetch GET 200 https://registry.npmjs.org/pug/-/pug-3.0.2.tgz 20542ms (cache miss)
2650 timing reifyNode:node_modules/pug Completed in 21434ms
2651 http fetch GET 200 https://registry.npmjs.org/prebuild-install/-/prebuild-install-7.1.2.tgz 20511ms (cache miss)
2652 timing reifyNode:node_modules/prebuild-install Completed in 21434ms
2653 http fetch GET 200 https://registry.npmjs.org/@babel%2fhelpers 14037ms (cache miss)
2654 timing metavuln:packument:@babel/helpers Completed in 14048ms
2655 timing metavuln:load:security-advisory:@babel/helpers:1104001 Completed in 5ms
2656 http fetch GET 200 https://registry.npmjs.org/istanbul-lib-source-maps/-/istanbul-lib-source-maps-4.0.1.tgz 20371ms (cache miss)
2657 timing reifyNode:node_modules/istanbul-lib-source-maps Completed in 21429ms
2658 http fetch GET 200 https://registry.npmjs.org/is-data-view/-/is-data-view-1.0.1.tgz 20345ms (cache miss)
2659 timing reifyNode:node_modules/is-data-view Completed in 21427ms
2660 http fetch GET 200 https://registry.npmjs.org/is-date-object/-/is-date-object-1.0.5.tgz 20346ms (cache miss)
2661 timing reifyNode:node_modules/is-date-object Completed in 21428ms
2662 http fetch GET 200 https://registry.npmjs.org/@webassemblyjs/wasm-edit/-/wasm-edit-1.12.1.tgz 20065ms (cache miss)
2663 timing reifyNode:node_modules/@webassemblyjs/wasm-edit Completed in 21394ms
2664 http fetch GET 200 https://registry.npmjs.org/@jridgewell/sourcemap-codec/-/sourcemap-codec-1.4.15.tgz 20011ms (cache miss)
2665 http fetch GET 200 https://registry.npmjs.org/lru-cache/-/lru-cache-6.0.0.tgz 19877ms (cache miss)
2666 timing reifyNode:node_modules/semver/node_modules/lru-cache Completed in 21495ms
2667 http fetch GET 200 https://registry.npmjs.org/socks-proxy-agent/-/socks-proxy-agent-6.2.1.tgz 19898ms (cache miss)
2668 timing reifyNode:node_modules/sqlite3/node_modules/socks-proxy-agent Completed in 21500ms
2669 http fetch GET 200 https://registry.npmjs.org/nopt/-/nopt-7.2.0.tgz 19823ms (cache miss)
2670 timing reifyNode:node_modules/js-beautify/node_modules/nopt Completed in 21462ms
2671 timing reifyNode:node_modules/sequelize-cli/node_modules/cliui Completed in 21501ms
2672 http fetch GET 200 https://registry.npmjs.org/split2/-/split2-4.2.0.tgz 19868ms (cache miss)
2673 timing reifyNode:node_modules/pgpass/node_modules/split2 Completed in 21490ms
2674 http fetch GET 200 https://registry.npmjs.org/@jest/fake-timers/-/fake-timers-29.7.0.tgz 20026ms (cache miss)
2675 timing reifyNode:node_modules/@jest/fake-timers Completed in 21415ms
2676 http fetch GET 200 https://registry.npmjs.org/@jest/environment/-/environment-29.7.0.tgz 20025ms (cache miss)
2677 timing reifyNode:node_modules/@jest/environment Completed in 21415ms
2678 http fetch GET 200 https://registry.npmjs.org/ansi-styles/-/ansi-styles-5.2.0.tgz 19892ms (cache miss)
2679 timing reifyNode:node_modules/pretty-format/node_modules/ansi-styles Completed in 21506ms
2680 http fetch GET 200 https://registry.npmjs.org/wrap-ansi/-/wrap-ansi-7.0.0.tgz 19908ms (cache miss)
2681 timing reifyNode:node_modules/sequelize-cli/node_modules/wrap-ansi Completed in 21525ms
2682 http fetch GET 200 https://registry.npmjs.org/buffer/-/buffer-5.7.1.tgz 20169ms (cache miss)
2683 timing reifyNode:node_modules/buffer Completed in 21448ms
2684 http fetch GET 200 https://registry.npmjs.org/source-map-support/-/source-map-support-0.5.13.tgz 20720ms (cache miss)
2685 timing reifyNode:node_modules/source-map-support Completed in 21541ms
2686 http fetch GET 200 https://registry.npmjs.org/fastify-plugin/-/fastify-plugin-3.0.1.tgz 20344ms (cache miss)
2687 http fetch GET 200 https://registry.npmjs.org/es-to-primitive/-/es-to-primitive-1.2.1.tgz 20285ms (cache miss)
2688 http fetch GET 200 https://registry.npmjs.org/fastify-plugin/-/fastify-plugin-4.2.0.tgz 19810ms (cache miss)
2689 http fetch GET 200 https://registry.npmjs.org/object.fromentries/-/object.fromentries-2.0.8.tgz 20586ms (cache miss)
2690 timing reifyNode:node_modules/object.fromentries Completed in 21549ms
2691 http fetch GET 200 https://registry.npmjs.org/micromatch/-/micromatch-4.0.5.tgz 20539ms (cache miss)
2692 timing reifyNode:node_modules/micromatch Completed in 21546ms
2693 timing reifyNode:node_modules/jsonparse Completed in 21539ms
2694 http fetch GET 200 https://registry.npmjs.org/is-regex/-/is-regex-1.1.4.tgz 20462ms (cache miss)
2695 timing reifyNode:node_modules/is-regex Completed in 21533ms
2696 http fetch GET 200 https://registry.npmjs.org/is-bigint/-/is-bigint-1.0.4.tgz 20442ms (cache miss)
2697 timing reifyNode:node_modules/is-bigint Completed in 21533ms
2698 http fetch GET 200 https://registry.npmjs.org/internal-slot/-/internal-slot-1.0.7.tgz 20441ms (cache miss)
2699 timing reifyNode:node_modules/internal-slot Completed in 21533ms
2700 http fetch GET 200 https://registry.npmjs.org/globby/-/globby-11.1.0.tgz 20407ms (cache miss)
2701 timing reifyNode:node_modules/globby Completed in 21531ms
2702 http fetch GET 200 https://registry.npmjs.org/@webassemblyjs/wasm-gen/-/wasm-gen-1.12.1.tgz 20173ms (cache miss)
2703 timing reifyNode:node_modules/@webassemblyjs/wasm-gen Completed in 21501ms
2704 timing reifyNode:node_modules/@jridgewell/sourcemap-codec Completed in 21499ms
2705 http fetch GET 200 https://registry.npmjs.org/@humanwhocodes/object-schema/-/object-schema-2.0.3.tgz 20100ms (cache miss)
2706 timing reifyNode:node_modules/@humanwhocodes/object-schema Completed in 21496ms
2707 timing reifyNode:node_modules/@humanwhocodes/module-importer Completed in 21498ms
2708 http fetch GET 200 https://registry.npmjs.org/gensync/-/gensync-1.0.0-beta.2.tgz 20423ms (cache miss)
2709 timing reifyNode:node_modules/gensync Completed in 21562ms
2710 http fetch GET 200 https://registry.npmjs.org/doctrine/-/doctrine-3.0.0.tgz 20336ms (cache miss)
2711 timing reifyNode:node_modules/doctrine Completed in 21561ms
2712 http fetch GET 200 https://registry.npmjs.org/tslib/-/tslib-2.6.2.tgz 20877ms (cache miss)
2713 timing reifyNode:node_modules/tslib Completed in 21653ms
2714 http fetch GET 200 https://registry.npmjs.org/globals/-/globals-14.0.0.tgz 19891ms (cache miss)
2715 timing reifyNode:node_modules/@eslint/eslintrc/node_modules/globals Completed in 21547ms
2716 timing reifyNode:node_modules/secure-json-parse Completed in 21655ms
2717 timing reifyNode:node_modules/event-emitter Completed in 21597ms
2718 timing reifyNode:node_modules/es-to-primitive Completed in 21597ms
2719 timing metavuln:cache:put:security-advisory:cookie:EFt7h/FZLeopARa06+F2CBY5ItUm007mP/cHgZjTJZX1MeIwg3JD7toSioRoDeE8wm5VdkimqlS+CnuPhZqbIg== Completed in 2868ms
2720 timing metavuln:calculate:security-advisory:cookie:1103907 Completed in 14245ms
2721 http fetch GET 200 https://registry.npmjs.org/validator 14230ms (cache miss)
2722 timing metavuln:packument:validator Completed in 14233ms
2723 timing metavuln:load:security-advisory:validator:1109241 Completed in 9ms
2724 timing metavuln:load:security-advisory:validator:1112713 Completed in 3ms
2725 timing metavuln:cache:put:security-advisory:ip:b30c5XyTTW4mB+FTN7C/h1vhoJFO9OI8Q+LTllMkSK3uH9C7IrxRvaSJh85+QHMX79NvRWdtpRRPVOFX+5JL7A== Completed in 2884ms
2726 timing metavuln:calculate:security-advisory:ip:1097721 Completed in 14258ms
2727 timing metavuln:cache:put:security-advisory:ip:FcMhhitnipE8n5zCPiVRq2NLRNmu7UZkoO9lrM5CRC/emGwY5wSoa1+q1Q1Z8SPpfXO9tzox/MNRv7luhyJvqg== Completed in 2885ms
2728 timing metavuln:calculate:security-advisory:ip:1101851 Completed in 14259ms
2729 timing metavuln:cache:put:security-advisory:js-yaml:MQ5RokLIvrWmT8/NQU0dD+jQ+6pFslHlaXx1Z5q7mESITohR8AwLT525ddIc2KvKZYbB1p5yclW3kV4xeRYXEg== Completed in 2881ms
2730 timing metavuln:calculate:security-advisory:js-yaml:1112714 Completed in 14268ms
2731 timing metavuln:cache:put:security-advisory:js-yaml:621IdjBdZEeVoUcjWGl1jXN0jFDGaf7dIQMeaPVKf5MxqYprJztiOC0OHOUPVoayh7Cq/fTC8L5CqEb98qlE7w== Completed in 2880ms
2732 timing metavuln:calculate:security-advisory:js-yaml:1112715 Completed in 14268ms
2733 timing metavuln:cache:put:security-advisory:brace-expansion:7IQMvcVTr+svbh5KCx4Kl6FQKJ1GciM03BnJAve/5WYJjUeRzKAIrStVpfachbl3T6a7o8nYlQEVG6Ih0TNXRg== Completed in 2879ms
2734 timing metavuln:calculate:security-advisory:brace-expansion:1105443 Completed in 14267ms
2735 http fetch GET 200 https://registry.npmjs.org/jest-each/-/jest-each-29.7.0.tgz 20605ms (cache miss)
2736 timing reifyNode:node_modules/jest-each Completed in 21660ms
2737 http fetch GET 200 https://registry.npmjs.org/is-negative-zero/-/is-negative-zero-2.0.3.tgz 20579ms (cache miss)
2738 timing reifyNode:node_modules/is-negative-zero Completed in 21654ms
2739 http fetch GET 200 https://registry.npmjs.org/https-proxy-agent/-/https-proxy-agent-5.0.1.tgz 20548ms (cache miss)
2740 timing reifyNode:node_modules/https-proxy-agent Completed in 21653ms
2741 http fetch GET 200 https://registry.npmjs.org/es6-weak-map/-/es6-weak-map-2.0.3.tgz 20436ms (cache miss)
2742 timing reifyNode:node_modules/es6-weak-map Completed in 21638ms
2743 timing reifyNode:node_modules/es-object-atoms Completed in 21639ms
2744 http fetch GET 200 https://registry.npmjs.org/@types/babel__core/-/babel__core-7.20.5.tgz 20263ms (cache miss)
2745 timing reifyNode:node_modules/@types/babel__core Completed in 21620ms
2746 http fetch GET 200 https://registry.npmjs.org/@jridgewell/resolve-uri/-/resolve-uri-3.1.2.tgz 20238ms (cache miss)
2747 timing reifyNode:node_modules/@jridgewell/resolve-uri Completed in 21622ms
2748 http fetch GET 200 https://registry.npmjs.org/hosted-git-info/-/hosted-git-info-6.1.1.tgz 20072ms (cache miss)
2749 timing reifyNode:node_modules/normalize-package-data/node_modules/hosted-git-info Completed in 21706ms
2750 http fetch GET 200 https://registry.npmjs.org/@babel/highlight/-/highlight-7.24.2.tgz 20174ms (cache miss)
2751 timing reifyNode:node_modules/@babel/highlight Completed in 21625ms
2752 http fetch GET 200 https://registry.npmjs.org/es-set-tostringtag/-/es-set-tostringtag-2.0.3.tgz 20462ms (cache miss)
2753 timing reifyNode:node_modules/es-set-tostringtag Completed in 21669ms
2754 http fetch GET 200 https://registry.npmjs.org/braces/-/braces-3.0.2.tgz 20392ms (cache miss)
2755 timing reifyNode:node_modules/braces Completed in 21673ms
2756 http fetch GET 200 https://registry.npmjs.org/with/-/with-7.0.2.tgz 21040ms (cache miss)
2757 http fetch GET 200 https://registry.npmjs.org/glob/-/glob-7.2.3.tgz 20021ms (cache miss)
2758 timing reifyNode:node_modules/@jest/reporters/node_modules/glob Completed in 21667ms
2759 http fetch GET 200 https://registry.npmjs.org/ajv-formats/-/ajv-formats-3.0.1.tgz 20072ms (cache miss)
2760 timing reifyNode:node_modules/fast-json-stringify/node_modules/ajv-formats Completed in 21705ms
2761 http fetch GET 200 https://registry.npmjs.org/semver/-/semver-6.3.1.tgz 20060ms (cache miss)
2762 timing reifyNode:node_modules/eslint-config-airbnb-base/node_modules/semver Completed in 21702ms
2763 http fetch GET 200 https://registry.npmjs.org/semver/-/semver-6.3.1.tgz 20034ms (cache miss)
2764 timing reifyNode:node_modules/babel-plugin-istanbul/node_modules/semver Completed in 21685ms
2765 http fetch GET 200 https://registry.npmjs.org/semver/-/semver-6.3.1.tgz 19999ms (cache miss)
2766 timing reifyNode:node_modules/@babel/core/node_modules/semver Completed in 21661ms
2767 http fetch GET 200 https://registry.npmjs.org/semver/-/semver-6.3.1.tgz 20000ms (cache miss)
2768 timing reifyNode:node_modules/@babel/helper-compilation-targets/node_modules/semver Completed in 21662ms
2769 http fetch GET 200 https://registry.npmjs.org/doctrine/-/doctrine-2.1.0.tgz 20068ms (cache miss)
2770 timing reifyNode:node_modules/eslint-plugin-import/node_modules/doctrine Completed in 21706ms
2771 http fetch GET 200 https://registry.npmjs.org/sequelize-pool/-/sequelize-pool-7.1.0.tgz 20944ms (cache miss)
2772 timing reifyNode:node_modules/sequelize-pool Completed in 21780ms
2773 timing metavuln:cache:put:security-advisory:braces:JiXBFkEDkUnBQLw3PO6emUmmm2JXqgEbh+FhB3SNDS8k6Z0wM20irrfaOjjxYuMxZaKaDudvR037mtEoeqZzXw== Completed in 2696ms
2774 timing metavuln:calculate:security-advisory:braces:1098094 Completed in 14368ms
2775 timing metavuln:cache:put:security-advisory:cross-spawn:PBcc/5P1UEO/1Ba/jUNR65wOzs1wU0Y+m+OOSfB57dG5EajzjbqRMRm0l7MWqcJgHDYM5GoZ36Hm7qAYFlIH3A== Completed in 2692ms
2776 timing metavuln:calculate:security-advisory:cross-spawn:1104664 Completed in 14367ms
2777 http fetch GET 200 https://registry.npmjs.org/pino-abstract-transport/-/pino-abstract-transport-1.2.0.tgz 20844ms (cache miss)
2778 http fetch GET 200 https://registry.npmjs.org/istanbul-lib-coverage/-/istanbul-lib-coverage-3.2.2.tgz 20699ms (cache miss)
2779 timing reifyNode:node_modules/istanbul-lib-coverage Completed in 21763ms
2780 http fetch GET 200 https://registry.npmjs.org/es-define-property/-/es-define-property-1.0.0.tgz 20534ms (cache miss)
2781 timing reifyNode:node_modules/es-define-property Completed in 21744ms
2782 http fetch GET 200 https://registry.npmjs.org/@pnpm/npm-conf/-/npm-conf-1.0.5.tgz 20350ms (cache miss)
2783 timing reifyNode:node_modules/@pnpm/npm-conf Completed in 21721ms
2784 http fetch GET 200 https://registry.npmjs.org/@jest/expect-utils/-/expect-utils-29.7.0.tgz 20333ms (cache miss)
2785 timing reifyNode:node_modules/@jest/expect-utils Completed in 21722ms
2786 http fetch GET 200 https://registry.npmjs.org/@nodelib/fs.stat/-/fs.stat-2.0.5.tgz 20347ms (cache miss)
2787 http fetch GET 200 https://registry.npmjs.org/json-schema-traverse/-/json-schema-traverse-1.0.0.tgz 20191ms (cache miss)
2788 http fetch GET 200 https://registry.npmjs.org/@babel/helper-function-name/-/helper-function-name-7.23.0.tgz 20282ms (cache miss)
2789 timing reifyNode:node_modules/@babel/helper-function-name Completed in 21738ms
2790 http fetch GET 200 https://registry.npmjs.org/browserslist/-/browserslist-4.23.0.tgz 20489ms (cache miss)
2791 timing reifyNode:node_modules/browserslist Completed in 21770ms
2792 http fetch GET 200 https://registry.npmjs.org/ajv-formats/-/ajv-formats-2.1.1.tgz 20458ms (cache miss)
2793 timing reifyNode:node_modules/ajv-formats Completed in 21768ms
2794 http fetch GET 200 https://registry.npmjs.org/babel-walk/-/babel-walk-3.0.0-canary-5.tgz 20486ms (cache miss)
2795 timing reifyNode:node_modules/babel-walk Completed in 21772ms
2796 http fetch GET 200 https://registry.npmjs.org/unique-filename/-/unique-filename-1.1.1.tgz 21125ms (cache miss)
2797 timing reifyNode:node_modules/unique-filename Completed in 21873ms
2798 http fetch GET 200 https://registry.npmjs.org/buffer/-/buffer-6.0.3.tgz 20171ms (cache miss)
2799 timing reifyNode:node_modules/fastify-cli/node_modules/buffer Completed in 21804ms
2800 http fetch GET 200 https://registry.npmjs.org/debug/-/debug-3.2.7.tgz 20163ms (cache miss)
2801 timing reifyNode:node_modules/eslint-module-utils/node_modules/debug Completed in 21803ms
2802 http fetch GET 200 https://registry.npmjs.org/mime-db/-/mime-db-1.52.0.tgz 20845ms (cache miss)
2803 timing reifyNode:node_modules/mime-db Completed in 21850ms
2804 http fetch GET 200 https://registry.npmjs.org/istanbul-lib-instrument/-/istanbul-lib-instrument-6.0.2.tgz 20778ms (cache miss)
2805 timing reifyNode:node_modules/istanbul-lib-instrument Completed in 21836ms
2806 timing reifyNode:node_modules/fastify-plugin Completed in 21820ms
2807 timing reifyNode:node_modules/@fastify/view/node_modules/fastify-plugin Completed in 21782ms
2808 timing metavuln:cache:put:security-advisory:brace-expansion:mClmYqWawCNXseeTBHWiIwZH/2CmFUqPCmosJIeOhAgD9z1v3SayhHAwaWVo8wmeKU/JN9VP4zDBeXaqy3Ay2A== Completed in 3079ms
2809 timing metavuln:calculate:security-advisory:brace-expansion:1105444 Completed in 14467ms
2810 http fetch GET 200 https://registry.npmjs.org/object.values/-/object.values-1.2.0.tgz 20911ms (cache miss)
2811 timing reifyNode:node_modules/object.values Completed in 21874ms
2812 http fetch GET 200 https://registry.npmjs.org/minipass-fetch/-/minipass-fetch-3.0.4.tgz 20876ms (cache miss)
2813 timing reifyNode:node_modules/minipass-fetch Completed in 21872ms
2814 http fetch GET 200 https://registry.npmjs.org/fastest-levenshtein/-/fastest-levenshtein-1.0.16.tgz 20684ms (cache miss)
2815 timing reifyNode:node_modules/fastest-levenshtein Completed in 21850ms
2816 http fetch GET 200 https://registry.npmjs.org/@sigstore/bundle/-/bundle-1.1.0.tgz 20459ms (cache miss)
2817 http fetch GET 200 https://registry.npmjs.org/@babel/helper-validator-option/-/helper-validator-option-7.23.5.tgz 20376ms (cache miss)
2818 timing reifyNode:node_modules/@babel/helper-validator-option Completed in 21826ms
2819 http fetch GET 200 https://registry.npmjs.org/@babel/code-frame/-/code-frame-7.24.2.tgz 20368ms (cache miss)
2820 timing reifyNode:node_modules/@babel/code-frame Completed in 21829ms
2821 http fetch GET 200 https://registry.npmjs.org/@babel/helper-string-parser/-/helper-string-parser-7.24.1.tgz 20394ms (cache miss)
2822 timing reifyNode:node_modules/@babel/helper-string-parser Completed in 21846ms
2823 http fetch GET 200 https://registry.npmjs.org/chokidar/-/chokidar-3.5.3.tgz 20612ms (cache miss)
2824 timing reifyNode:node_modules/chokidar Completed in 21883ms
2825 http fetch GET 200 https://registry.npmjs.org/terser-webpack-plugin/-/terser-webpack-plugin-5.3.10.tgz 21195ms (cache miss)
2826 timing reifyNode:node_modules/terser-webpack-plugin Completed in 21977ms
2827 http fetch GET 200 https://registry.npmjs.org/tapable/-/tapable-2.2.1.tgz 21183ms (cache miss)
2828 timing reifyNode:node_modules/tapable Completed in 21978ms
2829 http fetch GET 200 https://registry.npmjs.org/istanbul-lib-instrument/-/istanbul-lib-instrument-5.2.1.tgz 20242ms (cache miss)
2830 timing reifyNode:node_modules/babel-plugin-istanbul/node_modules/istanbul-lib-instrument Completed in 21894ms
2831 http fetch GET 200 https://registry.npmjs.org/path-to-regexp/-/path-to-regexp-6.2.1.tgz 21022ms (cache miss)
2832 timing reifyNode:node_modules/path-to-regexp Completed in 21969ms
2833 http fetch GET 200 https://registry.npmjs.org/human-signals/-/human-signals-2.1.0.tgz 20834ms (cache miss)
2834 timing reifyNode:node_modules/human-signals Completed in 21938ms
2835 http fetch GET 200 https://registry.npmjs.org/qs 14561ms (cache miss)
2836 timing metavuln:packument:qs Completed in 14562ms
2837 timing metavuln:load:security-advisory:qs:1113132 Completed in 2ms
2838 timing metavuln:cache:put:security-advisory:pug-code-gen:jYtA+ua4XfswkuObBtnwWn2fYvQUK4ca+Iv1+bqgs4mXRLiX4zUdwwNSawL0T4CvKtEq8q6TFgvFydQ8OKg+/Q== Completed in 2419ms
2839 timing metavuln:calculate:security-advisory:pug-code-gen:1104107 Completed in 14567ms
2840 http fetch GET 200 https://registry.npmjs.org/regexp.prototype.flags/-/regexp.prototype.flags-1.5.2.tgz 21131ms (cache miss)
2841 timing reifyNode:node_modules/regexp.prototype.flags Completed in 21995ms
2842 http fetch GET 200 https://registry.npmjs.org/object.entries/-/object.entries-1.1.8.tgz 21020ms (cache miss)
2843 timing reifyNode:node_modules/object.entries Completed in 21985ms
2844 http fetch GET 200 https://registry.npmjs.org/jest-runtime/-/jest-runtime-29.7.0.tgz 20928ms (cache miss)
2845 timing reifyNode:node_modules/jest-runtime Completed in 21974ms
2846 http fetch GET 200 https://registry.npmjs.org/objection-unique/-/objection-unique-1.2.2.tgz 21035ms (cache miss)
2847 timing reifyNode:node_modules/objection-unique Completed in 21996ms
2848 http fetch GET 200 https://registry.npmjs.org/esutils/-/esutils-2.0.3.tgz 20761ms (cache miss)
2849 timing reifyNode:node_modules/esutils Completed in 21954ms
2850 http fetch GET 200 https://registry.npmjs.org/fastq/-/fastq-1.17.1.tgz 20814ms (cache miss)
2851 http fetch GET 200 https://registry.npmjs.org/@webassemblyjs/leb128/-/leb128-1.11.6.tgz 20606ms (cache miss)
2852 timing reifyNode:node_modules/@webassemblyjs/leb128 Completed in 21935ms
2853 http fetch GET 200 https://registry.npmjs.org/ssri/-/ssri-8.0.1.tgz 20439ms (cache miss)
2854 timing reifyNode:node_modules/sqlite3/node_modules/ssri Completed in 22041ms
2855 http fetch GET 200 https://registry.npmjs.org/@fastify/formbody/-/formbody-7.4.0.tgz 20541ms (cache miss)
2856 http fetch GET 200 https://registry.npmjs.org/emittery/-/emittery-0.13.1.tgz 20757ms (cache miss)
2857 timing reifyNode:node_modules/emittery Completed in 21977ms
2858 http fetch GET 200 https://registry.npmjs.org/@rails/ujs/-/ujs-7.1.3-2.tgz 20593ms (cache miss)
2859 timing reifyNode:node_modules/@rails/ujs Completed in 21958ms
2860 http fetch GET 200 https://registry.npmjs.org/@fastify/fast-json-stringify-compiler/-/fast-json-stringify-compiler-4.3.0.tgz 20549ms (cache miss)
2861 http fetch GET 200 https://registry.npmjs.org/nopt/-/nopt-6.0.0.tgz 20399ms (cache miss)
2862 timing reifyNode:node_modules/node-gyp/node_modules/nopt Completed in 22035ms
2863 http fetch GET 200 https://registry.npmjs.org/kleur/-/kleur-4.1.5.tgz 20435ms (cache miss)
2864 timing reifyNode:node_modules/prompts-ncu/node_modules/kleur Completed in 22050ms
2865 timing reifyNode:node_modules/with Completed in 22086ms
2866 http fetch GET 200 https://registry.npmjs.org/yargs-parser/-/yargs-parser-21.1.1.tgz 21367ms (cache miss)
2867 timing reifyNode:node_modules/yargs-parser Completed in 22091ms
2868 http fetch GET 200 https://registry.npmjs.org/help-me/-/help-me-5.0.0.tgz 20387ms (cache miss)
2869 http fetch GET 200 https://registry.npmjs.org/globals/-/globals-15.0.0.tgz 20910ms (cache miss)
2870 timing reifyNode:node_modules/globals Completed in 22036ms
2871 http fetch GET 200 https://registry.npmjs.org/function.prototype.name/-/function.prototype.name-1.1.6.tgz 20893ms (cache miss)
2872 timing reifyNode:node_modules/function.prototype.name Completed in 22035ms
2873 timing metavuln:cache:put:security-advisory:lodash:OGNA5lR8rR8aeucWHqvJLBV5oaroI/lF2JfG9J2l63dx9uiGUyHuI4ymC6nv+dqWwxtqCIMcqBukiWYEiF5/RQ== Completed in 2303ms
2874 timing metavuln:calculate:security-advisory:lodash:1112455 Completed in 14667ms
2875 timing metavuln:cache:put:security-advisory:path-to-regexp:TmkHz1g6xKc2pnDD1h6+ZDKMikxz0M1BBY/wyR9ER8446AKOUk6gXjoSR2douZ5enAllzNSKaynTW1H+LBi1CA== Completed in 2300ms
2876 timing metavuln:calculate:security-advisory:path-to-regexp:1101846 Completed in 14666ms
2877 http fetch GET 200 https://registry.npmjs.org/process-warning/-/process-warning-3.0.0.tgz 21175ms (cache miss)
2878 timing reifyNode:node_modules/pino-abstract-transport Completed in 22085ms
2879 http fetch GET 200 https://registry.npmjs.org/jest-validate/-/jest-validate-29.7.0.tgz 21029ms (cache miss)
2880 timing reifyNode:node_modules/jest-validate Completed in 22070ms
2881 http fetch GET 200 https://registry.npmjs.org/es-errors/-/es-errors-1.3.0.tgz 20839ms (cache miss)
2882 timing reifyNode:node_modules/@nodelib/fs.stat Completed in 22025ms
2883 timing reifyNode:node_modules/objection/node_modules/json-schema-traverse Completed in 22117ms
2884 http fetch GET 200 https://registry.npmjs.org/minimatch/-/minimatch-5.1.6.tgz 20487ms (cache miss)
2885 timing reifyNode:node_modules/node-gyp/node_modules/cacache/node_modules/minimatch Completed in 22129ms
2886 http fetch GET 200 https://registry.npmjs.org/json-schema-traverse/-/json-schema-traverse-1.0.0.tgz 20536ms (cache miss)
2887 http fetch GET 200 https://registry.npmjs.org/jest-resolve/-/jest-resolve-29.7.0.tgz 21091ms (cache miss)
2888 timing reifyNode:node_modules/jest-resolve Completed in 22139ms
2889 http fetch GET 200 https://registry.npmjs.org/istanbul-lib-report/-/istanbul-lib-report-3.0.1.tgz 21095ms (cache miss)
2890 timing reifyNode:node_modules/istanbul-lib-report Completed in 22154ms
2891 timing reifyNode:node_modules/fastq Completed in 22143ms
2892 http fetch GET 200 https://registry.npmjs.org/@jest/types/-/types-29.6.3.tgz 20728ms (cache miss)
2893 timing reifyNode:node_modules/@jest/types Completed in 22113ms
2894 timing reifyNode:node_modules/@sigstore/bundle Completed in 22116ms
2895 http fetch GET 200 https://registry.npmjs.org/@humanwhocodes/config-array/-/config-array-0.11.14.tgz 20714ms (cache miss)
2896 timing reifyNode:node_modules/@humanwhocodes/config-array Completed in 22111ms
2897 http fetch GET 200 https://registry.npmjs.org/emoji-regex/-/emoji-regex-9.2.2.tgz 20640ms (cache miss)
2898 timing reifyNode:node_modules/widest-line/node_modules/emoji-regex Completed in 22236ms
2899 http fetch GET 200 https://registry.npmjs.org/emoji-regex/-/emoji-regex-9.2.2.tgz 20643ms (cache miss)
2900 timing reifyNode:node_modules/wrap-ansi/node_modules/emoji-regex Completed in 22237ms
2901 timing reifyNode:node_modules/@fastify/formbody Completed in 22121ms
2902 timing reifyNode:node_modules/@fastify/fast-json-stringify-compiler Completed in 22128ms
2903 http fetch GET 200 https://registry.npmjs.org/ssri/-/ssri-9.0.1.tgz 20580ms (cache miss)
2904 timing reifyNode:node_modules/node-gyp/node_modules/ssri Completed in 22215ms
2905 http fetch GET 200 https://registry.npmjs.org/umzug/-/umzug-2.3.0.tgz 21496ms (cache miss)
2906 timing reifyNode:node_modules/umzug Completed in 22258ms
2907 http fetch GET 200 https://registry.npmjs.org/fastify-plugin/-/fastify-plugin-4.5.1.tgz 20562ms (cache miss)
2908 timing reifyNode:node_modules/fastify-objectionjs/node_modules/fastify-plugin Completed in 22191ms
2909 http fetch GET 200 https://registry.npmjs.org/debug/-/debug-3.2.7.tgz 20548ms (cache miss)
2910 timing reifyNode:node_modules/eslint-import-resolver-node/node_modules/debug Completed in 22189ms
2911 http fetch GET 200 https://registry.npmjs.org/debug/-/debug-3.2.7.tgz 20550ms (cache miss)
2912 timing reifyNode:node_modules/eslint-plugin-import/node_modules/debug Completed in 22189ms
2913 http fetch GET 200 https://registry.npmjs.org/espree/-/espree-9.6.1.tgz 20548ms (cache miss)
2914 timing reifyNode:node_modules/eslint/node_modules/espree Completed in 22189ms
2915 http fetch GET 200 https://registry.npmjs.org/chalk/-/chalk-5.0.1.tgz 20525ms (cache miss)
2916 timing reifyNode:node_modules/boxen/node_modules/chalk Completed in 22176ms
2917 timing metavuln:cache:put:security-advisory:pug:q1QCNIb5doZm6I3eRGcu7TI0K8fyc7dAf2McLW9B8u9n+aVFF2mdYrDZecswkGEqvp/OYAJdtseKaRANUQq8pQ== Completed in 2121ms
2918 timing metavuln:calculate:security-advisory:pug:1104111 Completed in 14839ms
2919 timing reifyNode:node_modules/process-warning Completed in 22262ms
2920 http fetch GET 200 https://registry.npmjs.org/pino-std-serializers/-/pino-std-serializers-6.2.2.tgz 21325ms (cache miss)
2921 timing reifyNode:node_modules/pino-std-serializers Completed in 22260ms
2922 http fetch GET 200 https://registry.npmjs.org/npm-registry-fetch/-/npm-registry-fetch-14.0.5.tgz 21288ms (cache miss)
2923 timing reifyNode:node_modules/npm-registry-fetch Completed in 22258ms
2924 http fetch GET 200 https://registry.npmjs.org/minimist/-/minimist-1.2.6.tgz 21256ms (cache miss)
2925 timing reifyNode:node_modules/minimist Completed in 22254ms
2926 http fetch GET 200 https://registry.npmjs.org/has-tostringtag/-/has-tostringtag-1.0.2.tgz 21115ms (cache miss)
2927 timing reifyNode:node_modules/has-tostringtag Completed in 22233ms
2928 http fetch GET 200 https://registry.npmjs.org/fast-json-stable-stringify/-/fast-json-stable-stringify-2.1.0.tgz 21042ms (cache miss)
2929 timing reifyNode:node_modules/fast-json-stable-stringify Completed in 22225ms
2930 timing reifyNode:node_modules/es-errors Completed in 22222ms
2931 http fetch GET 200 https://registry.npmjs.org/@types/yargs/-/yargs-17.0.32.tgz 20866ms (cache miss)
2932 timing reifyNode:node_modules/@types/yargs Completed in 22202ms
2933 http fetch GET 200 https://registry.npmjs.org/@ungap/structured-clone/-/structured-clone-1.2.0.tgz 20868ms (cache miss)
2934 timing reifyNode:node_modules/@ungap/structured-clone Completed in 22203ms
2935 http fetch GET 200 https://registry.npmjs.org/@types/jest/-/jest-29.5.12.tgz 20859ms (cache miss)
2936 timing reifyNode:node_modules/@types/jest Completed in 22203ms
2937 http fetch GET 200 https://registry.npmjs.org/@sigstore/tuf/-/tuf-1.0.3.tgz 20839ms (cache miss)
2938 timing reifyNode:node_modules/@sigstore/tuf Completed in 22202ms
2939 http fetch GET 200 https://registry.npmjs.org/@fastify/error/-/error-3.4.1.tgz 20810ms (cache miss)
2940 http fetch GET 200 https://registry.npmjs.org/dotenv/-/dotenv-16.4.5.tgz 21040ms (cache miss)
2941 timing reifyNode:node_modules/dotenv Completed in 22264ms
2942 http fetch GET 200 https://registry.npmjs.org/abort-controller/-/abort-controller-3.0.0.tgz 20936ms (cache miss)
2943 timing reifyNode:node_modules/abort-controller Completed in 22251ms
2944 http fetch GET 200 https://registry.npmjs.org/webpack-merge/-/webpack-merge-5.8.0.tgz 21618ms (cache miss)
2945 timing reifyNode:node_modules/webpack-merge Completed in 22357ms
2946 timing reifyNode:node_modules/fastify-cli/node_modules/pino-pretty/node_modules/help-me Completed in 22290ms
2947 http fetch GET 200 https://registry.npmjs.org/jju/-/jju-1.4.0.tgz 21279ms (cache miss)
2948 timing reifyNode:node_modules/jju Completed in 22319ms
2949 http fetch GET 200 https://registry.npmjs.org/espree/-/espree-10.0.1.tgz 21099ms (cache miss)
2950 timing reifyNode:node_modules/espree Completed in 22295ms
2951 timing metavuln:cache:put:security-advisory:micromatch:TlYHmS8BZBwkbsPHbTfH2/e91KJnOnqfC63ZoKdiRy+yt6biPd8BwjBdyfPUht1+ZO675I3Gg00RQPYaWiOm8Q== Completed in 2213ms
2952 timing metavuln:calculate:security-advisory:micromatch:1098681 Completed in 14935ms
2953 http fetch GET 200 https://registry.npmjs.org/es6-symbol/-/es6-symbol-3.1.4.tgz 21109ms (cache miss)
2954 timing reifyNode:node_modules/es6-symbol Completed in 22313ms
2955 http fetch GET 200 https://registry.npmjs.org/@types/babel__traverse/-/babel__traverse-7.20.5.tgz 20934ms (cache miss)
2956 timing reifyNode:node_modules/@types/babel__traverse Completed in 22289ms
2957 http fetch GET 200 https://registry.npmjs.org/@sinonjs/fake-timers/-/fake-timers-10.3.0.tgz 20931ms (cache miss)
2958 timing reifyNode:node_modules/@sinonjs/fake-timers Completed in 22291ms
2959 http fetch GET 200 https://registry.npmjs.org/@jest/transform/-/transform-29.7.0.tgz 20905ms (cache miss)
2960 timing reifyNode:node_modules/@jest/transform Completed in 22291ms
2961 timing reifyNode:node_modules/schema-utils/node_modules/json-schema-traverse Completed in 22415ms
2962 http fetch GET 200 https://registry.npmjs.org/lru-cache/-/lru-cache-7.18.3.tgz 20743ms (cache miss)
2963 timing reifyNode:node_modules/hosted-git-info/node_modules/lru-cache Completed in 22376ms
2964 http fetch GET 200 https://registry.npmjs.org/flatted/-/flatted-3.3.1.tgz 21232ms (cache miss)
2965 timing reifyNode:node_modules/flatted Completed in 22376ms
2966 http fetch GET 200 https://registry.npmjs.org/nanoid/-/nanoid-3.3.7.tgz 21435ms (cache miss)
2967 timing reifyNode:node_modules/nanoid Completed in 22423ms
2968 http fetch GET 200 https://registry.npmjs.org/@jridgewell/gen-mapping/-/gen-mapping-0.3.5.tgz 20980ms (cache miss)
2969 timing reifyNode:node_modules/@jridgewell/gen-mapping Completed in 22364ms
2970 http fetch GET 200 https://registry.npmjs.org/inflection/-/inflection-1.13.4.tgz 21330ms (cache miss)
2971 timing reifyNode:node_modules/inflection Completed in 22426ms
2972 http fetch GET 200 https://registry.npmjs.org/@babel/compat-data/-/compat-data-7.24.4.tgz 20909ms (cache miss)
2973 timing reifyNode:node_modules/@babel/compat-data Completed in 22367ms
2974 timing reifyNode:node_modules/@fastify/error Completed in 22374ms
2975 http fetch GET 200 https://registry.npmjs.org/@sindresorhus/is/-/is-5.3.0.tgz 21025ms (cache miss)
2976 timing reifyNode:node_modules/@sindresorhus/is Completed in 22385ms
2977 http fetch GET 200 https://registry.npmjs.org/minipass-fetch/-/minipass-fetch-1.4.1.tgz 20880ms (cache miss)
2978 timing reifyNode:node_modules/sqlite3/node_modules/minipass-fetch Completed in 22486ms
2979 http fetch GET 200 https://registry.npmjs.org/jest-circus/-/jest-circus-29.7.0.tgz 21408ms (cache miss)
2980 timing reifyNode:node_modules/jest-circus Completed in 22463ms
2981 http fetch GET 200 https://registry.npmjs.org/exit/-/exit-0.1.2.tgz 21255ms (cache miss)
2982 timing reifyNode:node_modules/exit Completed in 22445ms
2983 timing metavuln:cache:put:security-advisory:tar-fs:Ix/Js08sk80rCM814qr/o6ab9zjh7+H8VVJui+xRbBltVjhzX21eodMzpIt77aC2gIFcrK8EEBkOSiDgsanD1w== Completed in 1877ms
2984 timing metavuln:calculate:security-advisory:tar-fs:1109543 Completed in 15076ms
2985 timing metavuln:cache:put:security-advisory:tar-fs:1dRVXY1/KAgNRzluJejkcnnY74RNVCtUBdSLW4DLR6KPpPmll6CDT96fyxIYOX7Nsq4AChUF8ivPlQmppqQqYw== Completed in 1877ms
2986 timing metavuln:calculate:security-advisory:tar-fs:1109552 Completed in 15077ms
2987 timing metavuln:cache:put:security-advisory:find-my-way:ncPGiupWBmuLy3osYbi6NeA3zAkV0H2ETbz204QySGfjGMvhOUrckXpvAqjVyzsYU9NNJZrPHuMSulTPi+/bfw== Completed in 1873ms
2988 timing metavuln:calculate:security-advisory:find-my-way:1099853 Completed in 15087ms
2989 http fetch GET 200 https://registry.npmjs.org/mime/-/mime-3.0.0.tgz 21486ms (cache miss)
2990 timing reifyNode:node_modules/mime Completed in 22492ms
2991 http fetch GET 200 https://registry.npmjs.org/globalthis/-/globalthis-1.0.3.tgz 21346ms (cache miss)
2992 timing reifyNode:node_modules/globalthis Completed in 22471ms
2993 http fetch GET 200 https://registry.npmjs.org/@npmcli/fs/-/fs-3.1.0.tgz 21059ms (cache miss)
2994 timing reifyNode:node_modules/@npmcli/fs Completed in 22438ms
2995 http fetch GET 200 https://registry.npmjs.org/@ampproject/remapping/-/remapping-2.3.0.tgz 20981ms (cache miss)
2996 http fetch GET 200 https://registry.npmjs.org/glob/-/glob-8.1.0.tgz 20888ms (cache miss)
2997 timing reifyNode:node_modules/node-gyp/node_modules/cacache/node_modules/glob Completed in 22529ms
2998 http fetch GET 200 https://registry.npmjs.org/minipass-fetch/-/minipass-fetch-2.1.2.tgz 20895ms (cache miss)
2999 timing reifyNode:node_modules/node-gyp/node_modules/minipass-fetch Completed in 22533ms
3000 http fetch GET 200 https://registry.npmjs.org/style-loader/-/style-loader-4.0.0.tgz 21774ms (cache miss)
3001 timing reifyNode:node_modules/style-loader Completed in 22572ms
3002 http fetch GET 200 https://registry.npmjs.org/fastify-plugin/-/fastify-plugin-4.5.1.tgz 20876ms (cache miss)
3003 timing reifyNode:node_modules/fastify-method-override/node_modules/fastify-plugin Completed in 22506ms
3004 http fetch GET 200 https://registry.npmjs.org/fastify-plugin/-/fastify-plugin-4.5.1.tgz 20813ms (cache miss)
3005 timing reifyNode:node_modules/@fastify/sensible/node_modules/fastify-plugin Completed in 22465ms
3006 http fetch GET 200 https://registry.npmjs.org/fastify-plugin/-/fastify-plugin-4.5.1.tgz 20874ms (cache miss)
3007 timing reifyNode:node_modules/fastify-cli/node_modules/fastify-plugin Completed in 22506ms
3008 http fetch GET 200 https://registry.npmjs.org/fastify-plugin/-/fastify-plugin-4.5.1.tgz 20812ms (cache miss)
3009 timing reifyNode:node_modules/@fastify/flash/node_modules/fastify-plugin Completed in 22465ms
3010 http fetch GET 200 https://registry.npmjs.org/fastify-plugin/-/fastify-plugin-4.5.1.tgz 20811ms (cache miss)
3011 timing reifyNode:node_modules/@fastify/cookie/node_modules/fastify-plugin Completed in 22466ms
3012 http fetch GET 200 https://registry.npmjs.org/fastify-plugin/-/fastify-plugin-4.5.1.tgz 20813ms (cache miss)
3013 timing reifyNode:node_modules/@fastify/formbody/node_modules/fastify-plugin Completed in 22468ms
3014 http fetch GET 200 https://registry.npmjs.org/fastify-plugin/-/fastify-plugin-4.5.1.tgz 20815ms (cache miss)
3015 timing reifyNode:node_modules/@fastify/secure-session/node_modules/fastify-plugin Completed in 22469ms
3016 http fetch GET 200 https://registry.npmjs.org/minipass/-/minipass-5.0.0.tgz 20965ms (cache miss)
3017 timing reifyNode:node_modules/npm-registry-fetch/node_modules/minipass Completed in 22588ms
3018 http fetch GET 200 https://registry.npmjs.org/glob/-/glob-7.2.3.tgz 20947ms (cache miss)
3019 timing reifyNode:node_modules/node-gyp/node_modules/glob Completed in 22587ms
3020 http fetch GET 200 https://registry.npmjs.org/glob/-/glob-7.2.3.tgz 21005ms (cache miss)
3021 timing reifyNode:node_modules/sqlite3/node_modules/glob Completed in 22614ms
3022 http fetch GET 200 https://registry.npmjs.org/@npmcli/run-script/-/run-script-6.0.2.tgz 21151ms (cache miss)
3023 timing reifyNode:node_modules/@npmcli/run-script Completed in 22526ms
3024 http fetch GET 200 https://registry.npmjs.org/cli-color/-/cli-color-2.0.4.tgz 21285ms (cache miss)
3025 timing reifyNode:node_modules/cli-color Completed in 22551ms
3026 http fetch GET 200 https://registry.npmjs.org/signal-exit/-/signal-exit-4.1.0.tgz 20945ms (cache miss)
3027 http fetch GET 200 https://registry.npmjs.org/pretty-format/-/pretty-format-29.7.0.tgz 21713ms (cache miss)
3028 timing reifyNode:node_modules/pretty-format Completed in 22629ms
3029 http fetch GET 200 https://registry.npmjs.org/shell-quote/-/shell-quote-1.8.1.tgz 21814ms (cache miss)
3030 timing reifyNode:node_modules/shell-quote Completed in 22643ms
3031 http fetch GET 200 https://registry.npmjs.org/jest-diff/-/jest-diff-29.7.0.tgz 21549ms (cache miss)
3032 timing reifyNode:node_modules/jest-diff Completed in 22603ms
3033 timing metavuln:cache:put:security-advisory:tar-fs:cvuUIK3mvYU/u7TShVqDjuuoWy7Jgl2iyysqZzndeGLLwvbCDiePQ/rot9wwSNqpYc8yRaszF/7dU1Uelp1dUw== Completed in 2016ms
3034 timing metavuln:calculate:security-advisory:tar-fs:1109532 Completed in 15215ms
3035 http fetch GET 200 https://registry.npmjs.org/pacote/-/pacote-15.2.0.tgz 21685ms (cache miss)
3036 timing reifyNode:node_modules/pacote Completed in 22637ms
3037 http fetch GET 200 https://registry.npmjs.org/@npmcli/git/-/git-4.1.0.tgz 21196ms (cache miss)
3038 timing reifyNode:node_modules/@npmcli/git Completed in 22573ms
3039 http fetch GET 200 https://registry.npmjs.org/commander/-/commander-2.20.3.tgz 21086ms (cache miss)
3040 timing reifyNode:node_modules/terser/node_modules/commander Completed in 22683ms
3041 http fetch GET 200 https://registry.npmjs.org/es6-iterator/-/es6-iterator-2.0.3.tgz 21408ms (cache miss)
3042 http fetch GET 200 https://registry.npmjs.org/@babel/helper-module-imports/-/helper-module-imports-7.24.3.tgz 21116ms (cache miss)
3043 timing reifyNode:node_modules/@babel/helper-module-imports Completed in 22574ms
3044 timing reifyNode:node_modules/@ampproject/remapping Completed in 22589ms
3045 http fetch GET 200 https://registry.npmjs.org/lru-cache/-/lru-cache-7.18.3.tgz 20980ms (cache miss)
3046 timing reifyNode:node_modules/cacache/node_modules/lru-cache Completed in 22630ms
3047 http fetch GET 200 https://registry.npmjs.org/lru-cache/-/lru-cache-7.18.3.tgz 20969ms (cache miss)
3048 timing reifyNode:node_modules/@npmcli/git/node_modules/lru-cache Completed in 22615ms
3049 http fetch GET 200 https://registry.npmjs.org/smart-buffer/-/smart-buffer-4.2.0.tgz 21894ms (cache miss)
3050 timing reifyNode:node_modules/smart-buffer Completed in 22719ms
3051 timing metavuln:cache:put:security-advisory:glob:NTB2XjbDOgk4lkd8PZ3tUAm1F3E/ohGF6rl9/3LEO7Z0FDzSR5nWwzd3nUENA3NCNdyeR+35DOC12wPml2IV+g== Completed in 1682ms
3052 timing metavuln:calculate:security-advisory:glob:1109842 Completed in 15304ms
3053 timing metavuln:cache:put:security-advisory:nanoid:SvMVdtEUVO5ESues2DL9aEFMy6oMG+saOn/tNitKJcx7q7CvMfC5ZcstpC8dbnZl5KL/q/3pYBvQrAPBFsC+nQ== Completed in 1672ms
3054 timing metavuln:calculate:security-advisory:nanoid:1109563 Completed in 15295ms
3055 http fetch GET 200 https://registry.npmjs.org/minipass-sized/-/minipass-sized-1.0.3.tgz 21710ms (cache miss)
3056 timing reifyNode:node_modules/minipass-sized Completed in 22705ms
3057 http fetch GET 200 https://registry.npmjs.org/jest-snapshot/-/jest-snapshot-29.7.0.tgz 21654ms (cache miss)
3058 timing reifyNode:node_modules/jest-snapshot Completed in 22694ms
3059 http fetch GET 200 https://registry.npmjs.org/@nodelib/fs.scandir/-/fs.scandir-2.1.5.tgz 21270ms (cache miss)
3060 http fetch GET 200 https://registry.npmjs.org/@babel/helper-validator-identifier/-/helper-validator-identifier-7.22.20.tgz 21187ms (cache miss)
3061 timing reifyNode:node_modules/@babel/helper-validator-identifier Completed in 22638ms
3062 http fetch GET 200 https://registry.npmjs.org/argparse/-/argparse-2.0.1.tgz 21380ms (cache miss)
3063 timing reifyNode:node_modules/argparse Completed in 22683ms
3064 http fetch GET 200 https://registry.npmjs.org/webpack-cli/-/webpack-cli-5.1.4.tgz 22049ms (cache miss)
3065 timing reifyNode:node_modules/webpack-cli Completed in 22789ms
3066 timing reifyNode:node_modules/foreground-child/node_modules/signal-exit Completed in 22720ms
3067 http fetch GET 200 https://registry.npmjs.org/sonic-boom/-/sonic-boom-3.8.1.tgz 21964ms (cache miss)
3068 timing reifyNode:node_modules/sonic-boom Completed in 22786ms
3069 http fetch GET 200 https://registry.npmjs.org/picomatch/-/picomatch-2.3.1.tgz 21842ms (cache miss)
3070 timing reifyNode:node_modules/picomatch Completed in 22781ms
3071 http fetch GET 200 https://registry.npmjs.org/execa/-/execa-5.1.1.tgz 21551ms (cache miss)
3072 timing reifyNode:node_modules/execa Completed in 22742ms
3073 http fetch GET 200 https://registry.npmjs.org/@pnpm/network.ca-file/-/network.ca-file-1.0.1.tgz 21349ms (cache miss)
3074 timing reifyNode:node_modules/@pnpm/network.ca-file Completed in 22715ms
3075 http fetch GET 200 https://registry.npmjs.org/glob/-/glob-7.2.3.tgz 21244ms (cache miss)
3076 timing reifyNode:node_modules/test-exclude/node_modules/glob Completed in 22837ms
3077 http fetch GET 200 https://registry.npmjs.org/glob/-/glob-7.2.3.tgz 21153ms (cache miss)
3078 timing reifyNode:node_modules/jest-runtime/node_modules/glob Completed in 22791ms
3079 http fetch GET 200 https://registry.npmjs.org/glob/-/glob-7.2.3.tgz 21209ms (cache miss)
3080 timing reifyNode:node_modules/rimraf/node_modules/glob Completed in 22829ms
3081 http fetch GET 200 https://registry.npmjs.org/esniff/-/esniff-2.0.1.tgz 21593ms (cache miss)
3082 timing reifyNode:node_modules/esniff Completed in 22788ms
3083 timing metavuln:cache:put:security-advisory:@babel/runtime:xDaNmlS3J8LRk7IfDb7e9Gp3gcy/xDr1QZXCKC997SMkqKVemm2guY9vQpRI6omD11L5cfCI+STpoAdxUgnVsA== Completed in 1419ms
3084 timing metavuln:calculate:security-advisory:@babel/runtime:1104000 Completed in 15439ms
3085 timing metavuln:cache:put:security-advisory:@babel/helpers:+NsF1flAI8VENgJn0XVIWaC4lCe3b89AZgBOx219qXn/BdXH1EWl/yD49aHbhQimIG4kna8zgkunsmpiAVwNPQ== Completed in 1398ms
3086 timing metavuln:calculate:security-advisory:@babel/helpers:1104001 Completed in 15452ms
3087 http fetch GET 200 https://registry.npmjs.org/object.assign/-/object.assign-4.1.5.tgz 21874ms (cache miss)
3088 timing reifyNode:node_modules/object.assign Completed in 22840ms
3089 http fetch GET 200 https://registry.npmjs.org/make-fetch-happen/-/make-fetch-happen-11.1.1.tgz 21820ms (cache miss)
3090 timing reifyNode:node_modules/make-fetch-happen Completed in 22834ms
3091 http fetch GET 200 https://registry.npmjs.org/jest-util/-/jest-util-29.7.0.tgz 21786ms (cache miss)
3092 timing reifyNode:node_modules/jest-util Completed in 22826ms
3093 http fetch GET 200 https://registry.npmjs.org/minipass/-/minipass-5.0.0.tgz 21238ms (cache miss)
3094 timing reifyNode:node_modules/pacote/node_modules/minipass Completed in 22861ms
3095 http fetch GET 200 https://registry.npmjs.org/minipass/-/minipass-5.0.0.tgz 21204ms (cache miss)
3096 timing reifyNode:node_modules/make-fetch-happen/node_modules/minipass Completed in 22850ms
3097 timing reifyNode:node_modules/es6-iterator Completed in 22814ms
3098 http fetch GET 200 https://registry.npmjs.org/@babel/helper-compilation-targets/-/helper-compilation-targets-7.23.6.tgz 21320ms (cache miss)
3099 timing reifyNode:node_modules/@babel/helper-compilation-targets Completed in 22780ms
3100 http fetch GET 200 https://registry.npmjs.org/cacache/-/cacache-17.1.4.tgz 21538ms (cache miss)
3101 timing reifyNode:node_modules/cacache Completed in 22815ms
3102 http fetch GET 200 https://registry.npmjs.org/webpack-sources/-/webpack-sources-3.2.3.tgz 22177ms (cache miss)
3103 timing reifyNode:node_modules/webpack-sources Completed in 22916ms
3104 http fetch GET 200 https://registry.npmjs.org/@webassemblyjs/wasm-parser/-/wasm-parser-1.12.1.tgz 21519ms (cache miss)
3105 timing reifyNode:node_modules/@webassemblyjs/wasm-parser Completed in 22845ms
3106 http fetch GET 200 https://registry.npmjs.org/@nodelib/fs.walk/-/fs.walk-1.2.8.tgz 21461ms (cache miss)
3107 timing reifyNode:node_modules/@nodelib/fs.scandir Completed in 22843ms
3108 http fetch GET 200 https://registry.npmjs.org/buffer/-/buffer-6.0.3.tgz 21312ms (cache miss)
3109 timing reifyNode:node_modules/pino-pretty/node_modules/buffer Completed in 22931ms
3110 http fetch GET 200 https://registry.npmjs.org/buffer/-/buffer-6.0.3.tgz 21310ms (cache miss)
3111 timing reifyNode:node_modules/pino-abstract-transport/node_modules/buffer Completed in 22931ms
3112 http fetch GET 200 https://registry.npmjs.org/make-fetch-happen/-/make-fetch-happen-10.2.1.tgz 21298ms (cache miss)
3113 timing reifyNode:node_modules/node-gyp/node_modules/make-fetch-happen Completed in 22936ms
3114 http fetch GET 200 https://registry.npmjs.org/json5/-/json5-1.0.2.tgz 21376ms (cache miss)
3115 timing reifyNode:node_modules/tsconfig-paths/node_modules/json5 Completed in 22969ms
3116 http fetch GET 200 https://registry.npmjs.org/cjs-module-lexer/-/cjs-module-lexer-1.2.3.tgz 21620ms (cache miss)
3117 timing reifyNode:node_modules/cjs-module-lexer Completed in 22889ms
3118 http fetch GET 200 https://registry.npmjs.org/eslint-config-airbnb-base/-/eslint-config-airbnb-base-15.0.0.tgz 21724ms (cache miss)
3119 timing reifyNode:node_modules/eslint-config-airbnb-base Completed in 22926ms
3120 timing metavuln:cache:put:security-advisory:validator:IkyJOqfhkev0E9tRX4zbgkqtsxJX67cd4upO2f1EheDpncnx522qyf9oLyXwjDcWGeZOQHSqJUAh/kUyYH60qQ== Completed in 1314ms
3121 timing metavuln:calculate:security-advisory:validator:1109241 Completed in 15558ms
3122 http fetch GET 200 https://registry.npmjs.org/pg-pool/-/pg-pool-3.6.2.tgz 22039ms (cache miss)
3123 timing reifyNode:node_modules/pg-pool Completed in 22982ms
3124 http fetch GET 200 https://registry.npmjs.org/gauge/-/gauge-4.0.4.tgz 21820ms (cache miss)
3125 timing reifyNode:node_modules/gauge Completed in 22960ms
3126 http fetch GET 200 https://registry.npmjs.org/help-me/-/help-me-4.2.0.tgz 21849ms (cache miss)
3127 http fetch GET 200 https://registry.npmjs.org/source-map-support/-/source-map-support-0.5.21.tgz 21446ms (cache miss)
3128 timing reifyNode:node_modules/terser/node_modules/source-map-support Completed in 23042ms
3129 http fetch GET 200 https://registry.npmjs.org/help-me/-/help-me-5.0.0.tgz 21403ms (cache miss)
3130 http fetch GET 200 https://registry.npmjs.org/ajv-keywords/-/ajv-keywords-3.5.2.tgz 21671ms (cache miss)
3131 timing reifyNode:node_modules/ajv-keywords Completed in 22980ms
3132 http fetch GET 200 https://registry.npmjs.org/undici-types/-/undici-types-5.26.5.tgz 22332ms (cache miss)
3133 timing reifyNode:node_modules/undici-types Completed in 23083ms
3134 http fetch GET 200 https://registry.npmjs.org/schema-utils/-/schema-utils-4.0.0.tgz 22295ms (cache miss)
3135 timing reifyNode:node_modules/schema-utils Completed in 23144ms
3136 timing metavuln:cache:put:security-advisory:validator:K8tnmsGw+QkTexUmTWxKwuHjWuT7Hea3z5nNI9JdW3F0rI0+n7L2rpU8PIPJJVMbPs2Qmf97TEHw10QorOnMzQ== Completed in 1466ms
3137 timing metavuln:calculate:security-advisory:validator:1112713 Completed in 15714ms
3138 timing reifyNode:node_modules/@nodelib/fs.walk Completed in 23074ms
3139 http fetch GET 200 https://registry.npmjs.org/fast-uri/-/fast-uri-2.3.0.tgz 21953ms (cache miss)
3140 http fetch GET 200 https://registry.npmjs.org/tar-fs/-/tar-fs-2.1.1.tgz 22415ms (cache miss)
3141 timing metavuln:cache:put:security-advisory:qs:eaj3W0KSUOFDNNDaINF4rJInydoSw6RmsTCx4R+0PBfmzkAfaVQ87Te/fMWNFxNU2krQzl2Sj6ke6ZWlVmL33g== Completed in 1216ms
3142 timing metavuln:calculate:security-advisory:qs:1113132 Completed in 15781ms
3143 timing reifyNode:node_modules/help-me Completed in 23176ms
3144 http fetch GET 200 https://registry.npmjs.org/eslint-module-utils/-/eslint-module-utils-2.8.1.tgz 21962ms (cache miss)
3145 timing reifyNode:node_modules/pino-pretty/node_modules/help-me Completed in 23226ms
3146 http fetch GET 200 https://registry.npmjs.org/make-fetch-happen/-/make-fetch-happen-9.1.0.tgz 21639ms (cache miss)
3147 timing reifyNode:node_modules/sqlite3/node_modules/make-fetch-happen Completed in 23245ms
3148 http fetch GET 200 https://registry.npmjs.org/es-module-lexer/-/es-module-lexer-1.5.0.tgz 21968ms (cache miss)
3149 timing reifyNode:node_modules/es-module-lexer Completed in 23175ms
3150 http fetch GET 200 https://registry.npmjs.org/@fastify/ajv-compiler/-/ajv-compiler-3.5.0.tgz 21738ms (cache miss)
3151 http fetch GET 200 https://registry.npmjs.org/eslint-scope/-/eslint-scope-5.1.1.tgz 21670ms (cache miss)
3152 timing reifyNode:node_modules/webpack/node_modules/eslint-scope Completed in 23267ms
3153 http fetch GET 200 https://registry.npmjs.org/tar 15834ms (cache miss)
3154 timing metavuln:packument:tar Completed in 15836ms
3155 timing metavuln:load:security-advisory:tar:1112255 Completed in 1ms
3156 timing metavuln:load:security-advisory:tar:1112329 Completed in 1ms
3157 timing metavuln:load:security-advisory:tar:1112659 Completed in 2ms
3158 timing metavuln:load:security-advisory:tar:1097493 Completed in 2ms
3159 http fetch GET 200 https://registry.npmjs.org/source-map-support/-/source-map-support-0.5.21.tgz 21648ms (cache miss)
3160 timing reifyNode:node_modules/npm-check-updates/node_modules/source-map-support Completed in 23279ms
3161 http fetch GET 200 https://registry.npmjs.org/chalk/-/chalk-5.3.0.tgz 21663ms (cache miss)
3162 timing reifyNode:node_modules/npm-check-updates/node_modules/chalk Completed in 23296ms
3163 http fetch GET 200 https://registry.npmjs.org/@npmcli/fs/-/fs-2.1.2.tgz 21646ms (cache miss)
3164 timing reifyNode:node_modules/node-gyp/node_modules/@npmcli/fs Completed in 23294ms
3165 http fetch GET 200 https://registry.npmjs.org/eslint-scope/-/eslint-scope-7.2.2.tgz 22082ms (cache miss)
3166 timing reifyNode:node_modules/eslint-scope Completed in 23280ms
3167 http fetch GET 200 https://registry.npmjs.org/@discoveryjs/json-ext/-/json-ext-0.5.7.tgz 21839ms (cache miss)
3168 timing reifyNode:node_modules/@discoveryjs/json-ext Completed in 23247ms
3169 timing reifyNode:node_modules/fast-uri Completed in 23297ms
3170 http fetch GET 200 https://registry.npmjs.org/foreground-child/-/foreground-child-3.1.1.tgz 22159ms (cache miss)
3171 http fetch GET 200 https://registry.npmjs.org/@fastify/sensible/-/sensible-5.5.0.tgz 21862ms (cache miss)
3172 timing reifyNode:node_modules/tar-fs Completed in 23379ms
3173 http fetch GET 200 https://registry.npmjs.org/source-map-js/-/source-map-js-1.2.0.tgz 22560ms (cache miss)
3174 timing reifyNode:node_modules/source-map-js Completed in 23380ms
3175 http fetch GET 200 https://registry.npmjs.org/jest-config/-/jest-config-29.7.0.tgz 22286ms (cache miss)
3176 timing reifyNode:node_modules/jest-config Completed in 23341ms
3177 http fetch GET 200 https://registry.npmjs.org/fastify-error-page/-/fastify-error-page-4.0.0.tgz 22160ms (cache miss)
3178 timing reifyNode:node_modules/fastify-error-page Completed in 23321ms
3179 http fetch GET 200 https://registry.npmjs.org/pg/-/pg-8.11.5.tgz 22429ms (cache miss)
3180 timing reifyNode:node_modules/pg Completed in 23374ms
3181 timing reifyNode:node_modules/eslint-module-utils Completed in 23331ms
3182 http fetch GET 200 https://registry.npmjs.org/@colors/colors/-/colors-1.5.0.tgz 21887ms (cache miss)
3183 timing reifyNode:node_modules/@colors/colors Completed in 23301ms
3184 timing reifyNode:node_modules/@fastify/ajv-compiler Completed in 23309ms
3185 http fetch GET 200 https://registry.npmjs.org/chalk/-/chalk-5.0.1.tgz 21844ms (cache miss)
3186 timing reifyNode:node_modules/update-notifier/node_modules/chalk Completed in 23439ms
3187 http fetch GET 200 https://registry.npmjs.org/events/-/events-3.3.0.tgz 22182ms (cache miss)
3188 timing reifyNode:node_modules/events Completed in 23374ms
3189 http fetch GET 200 https://registry.npmjs.org/form-data-encoder/-/form-data-encoder-2.1.0.tgz 22246ms (cache miss)
3190 http fetch GET 200 https://registry.npmjs.org/@pkgjs/parseargs/-/parseargs-0.11.0.tgz 21985ms (cache miss)
3191 timing reifyNode:node_modules/@pkgjs/parseargs Completed in 23358ms
3192 http fetch GET 200 https://registry.npmjs.org/expect/-/expect-29.7.0.tgz 22210ms (cache miss)
3193 timing reifyNode:node_modules/expect Completed in 23398ms
3194 http fetch GET 200 https://registry.npmjs.org/yargs-parser/-/yargs-parser-20.2.9.tgz 21894ms (cache miss)
3195 timing reifyNode:node_modules/sequelize-cli/node_modules/yargs-parser Completed in 23504ms
3196 http fetch GET 200 https://registry.npmjs.org/lru-cache/-/lru-cache-7.18.3.tgz 21862ms (cache miss)
3197 timing reifyNode:node_modules/npm-package-arg/node_modules/lru-cache Completed in 23485ms
3198 http fetch GET 200 https://registry.npmjs.org/lru-cache/-/lru-cache-7.18.3.tgz 21844ms (cache miss)
3199 timing reifyNode:node_modules/node-gyp/node_modules/lru-cache Completed in 23483ms
3200 http fetch GET 200 https://registry.npmjs.org/lru-cache/-/lru-cache-7.18.3.tgz 21833ms (cache miss)
3201 timing reifyNode:node_modules/make-fetch-happen/node_modules/lru-cache Completed in 23478ms
3202 http fetch GET 200 https://registry.npmjs.org/lru-cache/-/lru-cache-7.18.3.tgz 21849ms (cache miss)
3203 timing reifyNode:node_modules/normalize-package-data/node_modules/lru-cache Completed in 23484ms
3204 http fetch GET 200 https://registry.npmjs.org/@npmcli/fs/-/fs-1.1.1.tgz 21899ms (cache miss)
3205 timing reifyNode:node_modules/sqlite3/node_modules/@npmcli/fs Completed in 23510ms
3206 http fetch GET 200 https://registry.npmjs.org/@one-ini/wasm/-/wasm-0.1.1.tgz 22041ms (cache miss)
3207 timing reifyNode:node_modules/@one-ini/wasm Completed in 23415ms
3208 timing reifyNode:node_modules/foreground-child Completed in 23454ms
3209 http fetch GET 200 https://registry.npmjs.org/@babel/template/-/template-7.24.0.tgz 21981ms (cache miss)
3210 timing reifyNode:node_modules/@babel/template Completed in 23409ms
3211 timing reifyNode:node_modules/@fastify/sensible Completed in 23413ms
3212 http fetch GET 200 https://registry.npmjs.org/promise/-/promise-7.3.1.tgz 22599ms (cache miss)
3213 timing reifyNode:node_modules/form-data-encoder Completed in 23485ms
3214 http fetch GET 200 https://registry.npmjs.org/css-loader/-/css-loader-7.1.1.tgz 22244ms (cache miss)
3215 timing reifyNode:node_modules/css-loader Completed in 23489ms
3216 http fetch GET 200 https://registry.npmjs.org/mini-css-extract-plugin/-/mini-css-extract-plugin-2.9.0.tgz 22560ms (cache miss)
3217 timing reifyNode:node_modules/mini-css-extract-plugin Completed in 23559ms
3218 http fetch GET 200 https://registry.npmjs.org/@types/eslint/-/eslint-8.4.6.tgz 22160ms (cache miss)
3219 timing reifyNode:node_modules/@types/eslint Completed in 23513ms
3220 http fetch GET 200 https://registry.npmjs.org/argparse/-/argparse-1.0.10.tgz 21873ms (cache miss)
3221 timing reifyNode:node_modules/@istanbuljs/load-nyc-config/node_modules/argparse Completed in 23521ms
3222 http fetch GET 200 https://registry.npmjs.org/esprima/-/esprima-4.0.1.tgz 22366ms (cache miss)
3223 timing reifyNode:node_modules/esprima Completed in 23560ms
3224 http fetch GET 200 https://registry.npmjs.org/@xtuc/long/-/long-4.2.2.tgz 22223ms (cache miss)
3225 timing reifyNode:node_modules/@xtuc/long Completed in 23550ms
3226 http fetch GET 200 https://registry.npmjs.org/@jridgewell/source-map/-/source-map-0.3.6.tgz 22163ms (cache miss)
3227 timing reifyNode:node_modules/@jridgewell/source-map Completed in 23544ms
3228 timing reifyNode:node_modules/promise Completed in 23658ms
3229 http fetch GET 200 https://registry.npmjs.org/memoizee/-/memoizee-0.4.15.tgz 22637ms (cache miss)
3230 timing reifyNode:node_modules/memoizee Completed in 23646ms
3231 http fetch GET 200 https://registry.npmjs.org/fast-redact/-/fast-redact-3.5.0.tgz 22444ms (cache miss)
3232 timing reifyNode:node_modules/fast-redact Completed in 23614ms
3233 http fetch GET 200 https://registry.npmjs.org/@jridgewell/trace-mapping/-/trace-mapping-0.3.25.tgz 22209ms (cache miss)
3234 timing reifyNode:node_modules/@jridgewell/trace-mapping Completed in 23591ms
3235 http fetch GET 200 https://registry.npmjs.org/@fastify/cookie/-/cookie-9.3.1.tgz 22181ms (cache miss)
3236 timing reifyNode:node_modules/@fastify/cookie Completed in 23584ms
3237 http fetch GET 200 https://registry.npmjs.org/jest-worker/-/jest-worker-29.7.0.tgz 22653ms (cache miss)
3238 timing reifyNode:node_modules/jest-worker Completed in 23691ms
3239 http fetch GET 200 https://registry.npmjs.org/commander/-/commander-10.0.1.tgz 22414ms (cache miss)
3240 timing reifyNode:node_modules/commander Completed in 23669ms
3241 http fetch GET 200 https://registry.npmjs.org/event-target-shim/-/event-target-shim-5.0.1.tgz 22512ms (cache miss)
3242 timing reifyNode:node_modules/event-target-shim Completed in 23703ms
3243 http fetch GET 200 https://registry.npmjs.org/schema-utils/-/schema-utils-3.3.0.tgz 22189ms (cache miss)
3244 timing reifyNode:node_modules/terser-webpack-plugin/node_modules/schema-utils Completed in 23783ms
3245 http fetch GET 200 https://registry.npmjs.org/cacache/-/cacache-16.1.3.tgz 22113ms (cache miss)
3246 timing reifyNode:node_modules/node-gyp/node_modules/cacache Completed in 23754ms
3247 http fetch GET 200 https://registry.npmjs.org/@fastify/secure-session/-/secure-session-7.5.1.tgz 22354ms (cache miss)
3248 http fetch GET 200 https://registry.npmjs.org/fastify 16454ms (cache miss)
3249 timing metavuln:packument:fastify Completed in 16464ms
3250 timing metavuln:load:security-advisory:fastify:1112876 Completed in 5ms
3251 timing metavuln:load:security-advisory:fastify:1112877 Completed in 5ms
3252 http fetch GET 200 https://registry.npmjs.org/jest-haste-map/-/jest-haste-map-29.7.0.tgz 22818ms (cache miss)
3253 timing reifyNode:node_modules/jest-haste-map Completed in 23869ms
3254 http fetch GET 200 https://registry.npmjs.org/exponential-backoff/-/exponential-backoff-3.1.1.tgz 22662ms (cache miss)
3255 http fetch GET 200 https://registry.npmjs.org/electron-to-chromium/-/electron-to-chromium-1.4.746.tgz 22634ms (cache miss)
3256 timing reifyNode:node_modules/electron-to-chromium Completed in 23853ms
3257 http fetch GET 200 https://registry.npmjs.org/envinfo/-/envinfo-7.12.0.tgz 22647ms (cache miss)
3258 timing reifyNode:node_modules/envinfo Completed in 23858ms
3259 http fetch GET 200 https://registry.npmjs.org/esm/-/esm-3.2.25.tgz 22691ms (cache miss)
3260 timing reifyNode:node_modules/esm Completed in 23889ms
3261 http fetch GET 200 https://registry.npmjs.org/sequelize-cli/-/sequelize-cli-6.6.2.tgz 23121ms (cache miss)
3262 timing reifyNode:node_modules/sequelize-cli Completed in 23958ms
3263 http fetch GET 200 https://registry.npmjs.org/schema-utils/-/schema-utils-3.3.0.tgz 22389ms (cache miss)
3264 timing reifyNode:node_modules/webpack/node_modules/schema-utils Completed in 23987ms
3265 http fetch GET 200 https://registry.npmjs.org/jest-worker/-/jest-worker-27.5.1.tgz 22384ms (cache miss)
3266 http fetch GET 200 https://registry.npmjs.org/@babel/helper-module-transforms/-/helper-module-transforms-7.23.3.tgz 22410ms (cache miss)
3267 timing reifyNode:node_modules/@babel/helper-module-transforms Completed in 23866ms
3268 timing reifyNode:node_modules/@fastify/secure-session Completed in 23904ms
3269 timing metavuln:cache:put:security-advisory:tar:xsfciMtNhQn+Vb692L8h5HEYBYUJ5Lhjy3bF//LOsKSn8tp0f1hbuDX26k9UtKJNPZjM5uuq2Cxlz3KwL19oJg== Completed in 747ms
3270 timing metavuln:calculate:security-advisory:tar:1097493 Completed in 16591ms
3271 timing metavuln:cache:put:security-advisory:tar:qPQeYPFDBIedTWfYK3sbnScF6Ha7ouTs+wgndnz4PT5P+/K+GBD4epoPcYpXlu6AC7gSJlCJTJeuKbYAFoK9PA== Completed in 749ms
3272 timing metavuln:calculate:security-advisory:tar:1112659 Completed in 16592ms
3273 timing metavuln:cache:put:security-advisory:tar:XkIoP7Nf5iKP9YjMhFMb4neCa/uLRHRkTYo4Mvfph4wiuO48y3y1Gluh8DODgoAL3QlAsmTvISh8PEMP/u+YXA== Completed in 755ms
3274 timing metavuln:calculate:security-advisory:tar:1112255 Completed in 16593ms
3275 http fetch GET 200 https://registry.npmjs.org/http2-wrapper/-/http2-wrapper-2.1.11.tgz 22869ms (cache miss)
3276 timing reifyNode:node_modules/http2-wrapper Completed in 23981ms
3277 http fetch GET 200 https://registry.npmjs.org/light-my-request/-/light-my-request-5.13.0.tgz 22975ms (cache miss)
3278 timing reifyNode:node_modules/light-my-request Completed in 23999ms
3279 timing reifyNode:node_modules/exponential-backoff Completed in 23970ms
3280 timing reifyNode:node_modules/terser-webpack-plugin/node_modules/jest-worker Completed in 24050ms
3281 http fetch GET 200 https://registry.npmjs.org/readable-stream/-/readable-stream-3.6.2.tgz 23181ms (cache miss)
3282 timing reifyNode:node_modules/readable-stream Completed in 24056ms
3283 http fetch GET 200 https://registry.npmjs.org/object-inspect/-/object-inspect-1.13.1.tgz 23078ms (cache miss)
3284 timing reifyNode:node_modules/object-inspect Completed in 24045ms
3285 http fetch GET 200 https://registry.npmjs.org/@tufjs/models/-/models-1.0.4.tgz 22622ms (cache miss)
3286 http fetch GET 200 https://registry.npmjs.org/cacache/-/cacache-15.3.0.tgz 22471ms (cache miss)
3287 timing reifyNode:node_modules/sqlite3/node_modules/cacache Completed in 24080ms
3288 http fetch GET 200 https://registry.npmjs.org/jackspeak/-/jackspeak-2.3.6.tgz 22994ms (cache miss)
3289 timing reifyNode:node_modules/jackspeak Completed in 24051ms
3290 timing metavuln:cache:put:security-advisory:tar:a2Rq633Fb450KrL5I+PBBip9RehJ6FtWDjNsehiUQQhfKxytiNr8LSDlXjQgxefFIJVCdcIimTEzMjwUrv3mRQ== Completed in 823ms
3291 timing metavuln:calculate:security-advisory:tar:1112329 Completed in 16663ms
3292 http fetch GET 200 https://registry.npmjs.org/minipass/-/minipass-7.0.4.tgz 22395ms (cache miss)
3293 timing reifyNode:node_modules/cacache/node_modules/minipass Completed in 24042ms
3294 http fetch GET 200 https://registry.npmjs.org/@eslint-community/eslint-utils/-/eslint-utils-4.4.0.tgz 22627ms (cache miss)
3295 timing reifyNode:node_modules/@eslint-community/eslint-utils Completed in 24033ms
3296 http fetch GET 200 https://registry.npmjs.org/qs/-/qs-6.12.1.tgz 23271ms (cache miss)
3297 timing reifyNode:node_modules/qs Completed in 24154ms
3298 timing reifyNode:node_modules/@tufjs/models Completed in 24075ms
3299 http fetch GET 200 https://registry.npmjs.org/wkx/-/wkx-0.5.0.tgz 23464ms (cache miss)
3300 timing reifyNode:node_modules/wkx Completed in 24200ms
3301 http fetch GET 200 https://registry.npmjs.org/tar/-/tar-6.1.11.tgz 23398ms (cache miss)
3302 timing reifyNode:node_modules/tar Completed in 24191ms
3303 http fetch GET 200 https://registry.npmjs.org/node-addon-api/-/node-addon-api-4.3.0.tgz 23186ms (cache miss)
3304 timing reifyNode:node_modules/node-addon-api Completed in 24171ms
3305 http fetch GET 200 https://registry.npmjs.org/json5/-/json5-2.2.3.tgz 23165ms (cache miss)
3306 timing reifyNode:node_modules/json5 Completed in 24195ms
3307 http fetch GET 200 https://registry.npmjs.org/minipass/-/minipass-7.0.4.tgz 22569ms (cache miss)
3308 timing reifyNode:node_modules/glob/node_modules/minipass Completed in 24203ms
3309 http fetch GET 200 https://registry.npmjs.org/type-fest/-/type-fest-0.20.2.tgz 23527ms (cache miss)
3310 timing reifyNode:node_modules/type-fest Completed in 24296ms
3311 http fetch GET 200 https://registry.npmjs.org/thread-stream/-/thread-stream-2.6.0.tgz 23517ms (cache miss)
3312 http fetch GET 200 https://registry.npmjs.org/@jest/reporters/-/reporters-29.7.0.tgz 22819ms (cache miss)
3313 timing reifyNode:node_modules/@jest/reporters Completed in 24207ms
3314 http fetch GET 200 https://registry.npmjs.org/@eslint-community/regexpp/-/regexpp-4.10.0.tgz 22796ms (cache miss)
3315 timing reifyNode:node_modules/@eslint-community/regexpp Completed in 24201ms
3316 http fetch GET 200 https://registry.npmjs.org/mustache/-/mustache-4.2.0.tgz 23321ms (cache miss)
3317 timing reifyNode:node_modules/mustache Completed in 24310ms
3318 http fetch GET 200 https://registry.npmjs.org/entities/-/entities-3.0.1.tgz 23094ms (cache miss)
3319 timing reifyNode:node_modules/entities Completed in 24307ms
3320 timing reifyNode:node_modules/thread-stream Completed in 24395ms
3321 http fetch GET 200 https://registry.npmjs.org/prompts-ncu/-/prompts-ncu-3.0.0.tgz 23519ms (cache miss)
3322 timing reifyNode:node_modules/prompts-ncu Completed in 24418ms
3323 http fetch GET 200 https://registry.npmjs.org/type-fest/-/type-fest-0.21.3.tgz 22716ms (cache miss)
3324 timing reifyNode:node_modules/ansi-escapes/node_modules/type-fest Completed in 24367ms
3325 timing metavuln:cache:put:security-advisory:fastify:5OdrwYv5Xzq+rI3bchsuaHIz85Yyo5gTdhOrQGf2Em7pRhXXR2ur0R7W7qQ6UpWsSxuRBW8Fdp57dyqUhR5/yw== Completed in 565ms
3326 timing metavuln:calculate:security-advisory:fastify:1112876 Completed in 17034ms
3327 timing metavuln:cache:put:security-advisory:fastify:Mu3bbsgGIQMzQU+JUqKbxbOdmJ9sahc+8jmwkzzm3/7BqYYzReNvhjLjZ9XT5ElUjr+2gUCz/6X6tV16iM+obQ== Completed in 559ms
3328 timing metavuln:calculate:security-advisory:fastify:1112877 Completed in 17033ms
3329 http fetch GET 200 https://registry.npmjs.org/@sinonjs/commons/-/commons-3.0.1.tgz 23035ms (cache miss)
3330 http fetch GET 200 https://registry.npmjs.org/ext/-/ext-1.7.0.tgz 23265ms (cache miss)
3331 http fetch GET 200 https://registry.npmjs.org/acorn/-/acorn-8.11.3.tgz 23119ms (cache miss)
3332 timing reifyNode:node_modules/acorn Completed in 24433ms
3333 http fetch GET 200 https://registry.npmjs.org/@fastify/merge-json-schemas/-/merge-json-schemas-0.1.1.tgz 23036ms (cache miss)
3334 timing reifyNode:node_modules/@fastify/merge-json-schemas Completed in 24437ms
3335 http fetch GET 200 https://registry.npmjs.org/node-addon-api/-/node-addon-api-7.1.0.tgz 22941ms (cache miss)
3336 timing reifyNode:node_modules/sqlite3/node_modules/node-addon-api Completed in 24546ms
3337 http fetch GET 200 https://registry.npmjs.org/minipass/-/minipass-7.0.4.tgz 22980ms (cache miss)
3338 timing reifyNode:node_modules/ssri/node_modules/minipass Completed in 24576ms
3339 http fetch GET 200 https://registry.npmjs.org/minipass/-/minipass-7.0.4.tgz 22933ms (cache miss)
3340 timing reifyNode:node_modules/path-scurry/node_modules/minipass Completed in 24556ms
3341 http fetch GET 200 https://registry.npmjs.org/minipass/-/minipass-7.0.4.tgz 22932ms (cache miss)
3342 timing reifyNode:node_modules/pacote/node_modules/fs-minipass/node_modules/minipass Completed in 24555ms
3343 http fetch GET 200 https://registry.npmjs.org/socks/-/socks-2.7.0.tgz 23771ms (cache miss)
3344 timing reifyNode:node_modules/@sinonjs/commons Completed in 24508ms
3345 timing reifyNode:node_modules/ext Completed in 24545ms
3346 http fetch GET 200 https://registry.npmjs.org/minipass/-/minipass-7.0.4.tgz 22992ms (cache miss)
3347 timing reifyNode:node_modules/minipass-fetch/node_modules/minipass Completed in 24637ms
3348 timing reifyNode:node_modules/socks Completed in 24677ms
3349 http fetch GET 200 https://registry.npmjs.org/semver/-/semver-7.6.0.tgz 23854ms (cache miss)
3350 timing reifyNode:node_modules/semver Completed in 24701ms
3351 http fetch GET 200 https://registry.npmjs.org/path-scurry/-/path-scurry-1.10.2.tgz 23767ms (cache miss)
3352 timing reifyNode:node_modules/path-scurry Completed in 24713ms
3353 http fetch GET 200 https://registry.npmjs.org/pg-protocol/-/pg-protocol-1.6.1.tgz 23774ms (cache miss)
3354 timing reifyNode:node_modules/pg-protocol Completed in 24715ms
3355 http fetch GET 200 https://registry.npmjs.org/postcss-selector-parser/-/postcss-selector-parser-6.0.16.tgz 23837ms (cache miss)
3356 timing reifyNode:node_modules/postcss-selector-parser Completed in 24768ms
3357 http fetch GET 200 https://registry.npmjs.org/graphemer/-/graphemer-1.4.0.tgz 23629ms (cache miss)
3358 timing reifyNode:node_modules/graphemer Completed in 24833ms
3359 http fetch GET 200 https://registry.npmjs.org/enhanced-resolve/-/enhanced-resolve-5.16.0.tgz 23608ms (cache miss)
3360 timing reifyNode:node_modules/enhanced-resolve Completed in 24820ms
3361 http fetch GET 200 https://registry.npmjs.org/fs-extra/-/fs-extra-9.1.0.tgz 23717ms (cache miss)
3362 timing reifyNode:node_modules/fs-extra Completed in 24857ms
3363 http fetch GET 200 https://registry.npmjs.org/@sigstore/protobuf-specs/-/protobuf-specs-0.2.1.tgz 23468ms (cache miss)
3364 timing reifyNode:node_modules/@sigstore/protobuf-specs Completed in 24831ms
3365 http fetch GET 200 https://registry.npmjs.org/@jest/core/-/core-29.7.0.tgz 23440ms (cache miss)
3366 timing reifyNode:node_modules/@jest/core Completed in 24831ms
3367 http fetch GET 200 https://registry.npmjs.org/fast-glob/-/fast-glob-3.2.11.tgz 23696ms (cache miss)
3368 timing reifyNode:node_modules/fast-glob Completed in 24881ms
3369 http fetch GET 200 https://registry.npmjs.org/readable-stream/-/readable-stream-4.5.2.tgz 23319ms (cache miss)
3370 timing reifyNode:node_modules/fastify-cli/node_modules/readable-stream Completed in 24952ms
3371 http fetch GET 200 https://registry.npmjs.org/postcss/-/postcss-8.4.38.tgz 24073ms (cache miss)
3372 timing reifyNode:node_modules/postcss Completed in 25006ms
3373 http fetch GET 200 https://registry.npmjs.org/avvio/-/avvio-8.3.0.tgz 23660ms (cache miss)
3374 http fetch GET 200 https://registry.npmjs.org/type-fest/-/type-fest-1.4.0.tgz 23324ms (cache miss)
3375 timing reifyNode:node_modules/crypto-random-string/node_modules/type-fest Completed in 24966ms
3376 http fetch GET 200 https://registry.npmjs.org/lru-cache/-/lru-cache-10.2.0.tgz 23419ms (cache miss)
3377 timing reifyNode:node_modules/path-scurry/node_modules/lru-cache Completed in 25039ms
3378 timing reifyNode:node_modules/avvio Completed in 24998ms
3379 http fetch GET 200 https://registry.npmjs.org/concurrently/-/concurrently-8.2.2.tgz 23782ms (cache miss)
3380 timing reifyNode:node_modules/concurrently Completed in 25036ms
3381 http fetch GET 200 https://registry.npmjs.org/fast-copy/-/fast-copy-3.0.2.tgz 23876ms (cache miss)
3382 http fetch GET 200 https://registry.npmjs.org/got/-/got-12.3.1.tgz 23984ms (cache miss)
3383 timing reifyNode:node_modules/got Completed in 25135ms
3384 timing reifyNode:node_modules/fast-copy Completed in 25129ms
3385 http fetch GET 200 https://registry.npmjs.org/uuid/-/uuid-8.3.2.tgz 24472ms (cache miss)
3386 timing reifyNode:node_modules/uuid Completed in 25216ms
3387 http fetch GET 200 https://registry.npmjs.org/js-yaml/-/js-yaml-3.14.1.tgz 23462ms (cache miss)
3388 timing reifyNode:node_modules/@istanbuljs/load-nyc-config/node_modules/js-yaml Completed in 25109ms
3389 http fetch GET 200 https://registry.npmjs.org/@webassemblyjs/ast/-/ast-1.12.1.tgz 23837ms (cache miss)
3390 timing reifyNode:node_modules/@webassemblyjs/ast Completed in 25172ms
3391 http fetch GET 200 https://registry.npmjs.org/i18next/-/i18next-23.11.2.tgz 24123ms (cache miss)
3392 timing reifyNode:node_modules/i18next Completed in 25225ms
3393 http fetch GET 200 https://registry.npmjs.org/js-yaml/-/js-yaml-4.1.0.tgz 24229ms (cache miss)
3394 timing reifyNode:node_modules/js-yaml Completed in 25264ms
3395 http fetch GET 200 https://registry.npmjs.org/readable-stream/-/readable-stream-4.5.2.tgz 23676ms (cache miss)
3396 timing reifyNode:node_modules/pino-pretty/node_modules/readable-stream Completed in 25294ms
3397 http fetch GET 200 https://registry.npmjs.org/readable-stream/-/readable-stream-4.5.2.tgz 23674ms (cache miss)
3398 timing reifyNode:node_modules/pino-abstract-transport/node_modules/readable-stream Completed in 25294ms
3399 http fetch GET 200 https://registry.npmjs.org/minimatch/-/minimatch-9.0.1.tgz 23603ms (cache miss)
3400 http fetch GET 200 https://registry.npmjs.org/minimatch/-/minimatch-9.0.4.tgz 23676ms (cache miss)
3401 http fetch GET 200 https://registry.npmjs.org/minimatch/-/minimatch-9.0.4.tgz 23619ms (cache miss)
3402 http fetch GET 200 https://registry.npmjs.org/yargs/-/yargs-17.7.2.tgz 24663ms (cache miss)
3403 http fetch GET 200 https://registry.npmjs.org/uri-js/-/uri-js-4.4.1.tgz 24643ms (cache miss)
3404 timing reifyNode:node_modules/editorconfig/node_modules/minimatch Completed in 25308ms
3405 http fetch GET 200 https://registry.npmjs.org/minimatch/-/minimatch-9.0.4.tgz 23710ms (cache miss)
3406 timing reifyNode:node_modules/ignore-walk/node_modules/minimatch Completed in 25369ms
3407 timing reifyNode:node_modules/@tufjs/models/node_modules/minimatch Completed in 25327ms
3408 http fetch GET 200 https://registry.npmjs.org/@fastify/send/-/send-2.1.0.tgz 23939ms (cache miss)
3409 timing reifyNode:node_modules/yargs Completed in 25464ms
3410 timing reifyNode:node_modules/uri-js Completed in 25457ms
3411 http fetch GET 200 https://registry.npmjs.org/@sinclair/typebox/-/typebox-0.27.8.tgz 24003ms (cache miss)
3412 timing reifyNode:node_modules/@sinclair/typebox Completed in 25363ms
3413 timing reifyNode:node_modules/glob/node_modules/minimatch Completed in 25414ms
3414 timing reifyNode:node_modules/@fastify/send Completed in 25381ms
3415 http fetch GET 200 https://registry.npmjs.org/type-fest/-/type-fest-2.19.0.tgz 23793ms (cache miss)
3416 timing reifyNode:node_modules/boxen/node_modules/type-fest Completed in 25441ms
3417 http fetch GET 200 https://registry.npmjs.org/@eslint/eslintrc/-/eslintrc-2.1.4.tgz 23813ms (cache miss)
3418 timing reifyNode:node_modules/eslint/node_modules/@eslint/eslintrc Completed in 25457ms
3419 http fetch GET 200 https://registry.npmjs.org/minimatch/-/minimatch-9.0.4.tgz 23899ms (cache miss)
3420 http fetch GET 200 https://registry.npmjs.org/@bcoe/v8-coverage/-/v8-coverage-0.2.3.tgz 24065ms (cache miss)
3421 http fetch GET 200 https://registry.npmjs.org/yargs/-/yargs-16.2.0.tgz 23977ms (cache miss)
3422 timing reifyNode:node_modules/npm-check-updates/node_modules/minimatch Completed in 25581ms
3423 http fetch GET 200 https://registry.npmjs.org/source-map/-/source-map-0.6.1.tgz 24790ms (cache miss)
3424 timing reifyNode:node_modules/source-map Completed in 25612ms
3425 timing reifyNode:node_modules/@bcoe/v8-coverage Completed in 25535ms
3426 timing reifyNode:node_modules/sequelize-cli/node_modules/yargs Completed in 25640ms
3427 http fetch GET 200 https://registry.npmjs.org/iconv-lite/-/iconv-lite-0.6.3.tgz 24500ms (cache miss)
3428 http fetch GET 200 https://registry.npmjs.org/tsconfig-paths/-/tsconfig-paths-3.15.0.tgz 24897ms (cache miss)
3429 timing reifyNode:node_modules/tsconfig-paths Completed in 25669ms
3430 http fetch GET 200 https://registry.npmjs.org/pino-pretty/-/pino-pretty-10.3.1.tgz 23970ms (cache miss)
3431 timing reifyNode:node_modules/iconv-lite Completed in 25633ms
3432 http fetch GET 200 https://registry.npmjs.org/esquery/-/esquery-1.5.0.tgz 24424ms (cache miss)
3433 timing reifyNode:node_modules/esquery Completed in 25620ms
3434 http fetch GET 200 https://registry.npmjs.org/prompts/-/prompts-2.4.2.tgz 24784ms (cache miss)
3435 timing reifyNode:node_modules/prompts Completed in 25688ms
3436 http fetch GET 200 https://registry.npmjs.org/@sigstore/sign/-/sign-1.0.0.tgz 24250ms (cache miss)
3437 timing reifyNode:node_modules/fastify-cli/node_modules/pino-pretty Completed in 25651ms
3438 http fetch GET 200 https://registry.npmjs.org/bluebird/-/bluebird-3.7.2.tgz 24382ms (cache miss)
3439 timing reifyNode:node_modules/bluebird Completed in 25666ms
3440 http fetch GET 200 https://registry.npmjs.org/glob/-/glob-10.3.12.tgz 24571ms (cache miss)
3441 timing reifyNode:node_modules/@sigstore/sign Completed in 25665ms
3442 http fetch GET 200 https://registry.npmjs.org/acorn/-/acorn-7.4.1.tgz 24086ms (cache miss)
3443 timing reifyNode:node_modules/is-expression/node_modules/acorn Completed in 25719ms
3444 http fetch GET 200 https://registry.npmjs.org/@babel/generator/-/generator-7.24.4.tgz 24213ms (cache miss)
3445 timing reifyNode:node_modules/@babel/generator Completed in 25672ms
3446 http fetch GET 200 https://registry.npmjs.org/@eslint/eslintrc/-/eslintrc-3.0.2.tgz 24290ms (cache miss)
3447 timing reifyNode:node_modules/@eslint/eslintrc Completed in 25695ms
3448 timing reifyNode:node_modules/glob Completed in 25752ms
3449 http fetch GET 200 https://registry.npmjs.org/pure-rand/-/pure-rand-6.1.0.tgz 24971ms (cache miss)
3450 http fetch GET 200 https://registry.npmjs.org/pino-pretty/-/pino-pretty-11.0.0.tgz 24929ms (cache miss)
3451 timing reifyNode:node_modules/pure-rand Completed in 25913ms
3452 timing reifyNode:node_modules/pino-pretty Completed in 25923ms
3453 http fetch GET 200 https://registry.npmjs.org/sigstore/-/sigstore-1.9.0.tgz 25174ms (cache miss)
3454 timing reifyNode:node_modules/sigstore Completed in 26002ms
3455 http fetch GET 200 https://registry.npmjs.org/istanbul-reports/-/istanbul-reports-3.1.7.tgz 24945ms (cache miss)
3456 timing reifyNode:node_modules/istanbul-reports Completed in 26029ms
3457 http fetch GET 200 https://registry.npmjs.org/generify/-/generify-4.2.0.tgz 25015ms (cache miss)
3458 http fetch GET 200 https://registry.npmjs.org/neo-async/-/neo-async-2.6.2.tgz 25208ms (cache miss)
3459 timing reifyNode:node_modules/neo-async Completed in 26193ms
3460 timing reifyNode:node_modules/generify Completed in 26181ms
3461 http fetch GET 200 https://registry.npmjs.org/markdown-it/-/markdown-it-13.0.2.tgz 25232ms (cache miss)
3462 timing reifyNode:node_modules/markdown-it Completed in 26243ms
3463 http fetch GET 200 https://registry.npmjs.org/fast-json-stringify/-/fast-json-stringify-5.14.1.tgz 25035ms (cache miss)
3464 timing reifyNode:node_modules/fast-json-stringify Completed in 26215ms
3465 http fetch GET 200 https://registry.npmjs.org/@fastify/view/-/view-9.0.0.tgz 24781ms (cache miss)
3466 http fetch GET 200 https://registry.npmjs.org/find-my-way/-/find-my-way-8.1.0.tgz 25097ms (cache miss)
3467 timing reifyNode:node_modules/find-my-way Completed in 26243ms
3468 timing reifyNode:node_modules/@fastify/view Completed in 26217ms
3469 http fetch GET 200 https://registry.npmjs.org/db-errors/-/db-errors-0.2.3.tgz 25098ms (cache miss)
3470 timing reifyNode:node_modules/db-errors Completed in 26376ms
3471 http fetch GET 200 https://registry.npmjs.org/@babel/helpers/-/helpers-7.24.4.tgz 24945ms (cache miss)
3472 timing reifyNode:node_modules/@babel/helpers Completed in 26393ms
3473 http fetch GET 200 https://registry.npmjs.org/webpack 19084ms (cache miss)
3474 timing metavuln:packument:webpack Completed in 19104ms
3475 timing metavuln:load:security-advisory:webpack:1113041 Completed in 22ms
3476 timing metavuln:load:security-advisory:webpack:1113042 Completed in 16ms
3477 timing metavuln:load:security-advisory:webpack:1099351 Completed in 21ms
3478 http fetch GET 200 https://registry.npmjs.org/@babel/traverse/-/traverse-7.24.1.tgz 25086ms (cache miss)
3479 timing reifyNode:node_modules/@babel/traverse Completed in 26505ms
3480 http fetch GET 200 https://registry.npmjs.org/rimraf/-/rimraf-5.0.5.tgz 25031ms (cache miss)
3481 http fetch GET 200 https://registry.npmjs.org/js-beautify/-/js-beautify-1.15.1.tgz 25640ms (cache miss)
3482 timing reifyNode:node_modules/js-beautify Completed in 26677ms
3483 http fetch GET 200 https://registry.npmjs.org/@babel/parser/-/parser-7.24.4.tgz 25160ms (cache miss)
3484 timing reifyNode:node_modules/@babel/parser Completed in 26609ms
3485 timing reifyNode:node_modules/npm-check-updates/node_modules/rimraf Completed in 26695ms
3486 timing metavuln:cache:put:security-advisory:webpack:IzHFkMfHDC+SV3IL23ZHngntgLDUgyESA9Ge8Mh5rKNVcDpaWLuTZIcoUJg4/bAH+BQlnDzJ4nLfJCy6fOIM0A== Completed in 224ms
3487 timing metavuln:calculate:security-advisory:webpack:1113041 Completed in 19350ms
3488 timing metavuln:cache:put:security-advisory:webpack:s8eUYzfoKCRSDroeyV91F0huXvDaY4W8tlhzcL2BszFV9dolZHIAn/UZ/7LVU12F35esXqY1PqnhYKHfHcDozQ== Completed in 207ms
3489 timing metavuln:calculate:security-advisory:webpack:1113042 Completed in 19349ms
3490 timing metavuln:cache:put:security-advisory:webpack:7Pl1j4sHKhCQAEccTmt3XZIEEazRzvyC0TOx07N0G7o5OIhhZ0j0Ji3KSCbTwfmCR/2OHJ3Mx5ZmedDQEQeBbg== Completed in 185ms
3491 timing metavuln:calculate:security-advisory:webpack:1099351 Completed in 19350ms
3492 timing metavuln:cache:get:security-advisory:@babel/core:rHFDgAPDp/sCXbJTVH1CD++gRwqnDm1l5hjqv1UshTfFC03lkAXjHj5sWn7bV61VhpDSBibBqnzYuoOuIJuY0Q== Completed in 12ms
3493 http fetch GET 200 https://registry.npmjs.org/ajv-keywords/-/ajv-keywords-5.1.0.tgz 25217ms (cache miss)
3494 timing reifyNode:node_modules/schema-utils/node_modules/ajv-keywords Completed in 26855ms
3495 http fetch GET 200 https://registry.npmjs.org/@types/validator/-/validator-13.11.9.tgz 25478ms (cache miss)
3496 timing reifyNode:node_modules/@types/validator Completed in 26846ms
3497 http fetch GET 200 https://registry.npmjs.org/ajv/-/ajv-6.12.6.tgz 25544ms (cache miss)
3498 timing reifyNode:node_modules/ajv Completed in 26855ms
3499 http fetch GET 200 https://registry.npmjs.org/resolve/-/resolve-1.22.8.tgz 26124ms (cache miss)
3500 timing reifyNode:node_modules/resolve Completed in 26984ms
3501 http fetch GET 200 https://registry.npmjs.org/type/-/type-2.7.2.tgz 26269ms (cache miss)
3502 timing reifyNode:node_modules/type Completed in 27080ms
3503 http fetch GET 200 https://registry.npmjs.org/terser/-/terser-5.30.4.tgz 26458ms (cache miss)
3504 timing reifyNode:node_modules/terser Completed in 27240ms
3505 http fetch GET 200 https://registry.npmjs.org/@fastify/static/-/static-7.0.3.tgz 25819ms (cache miss)
3506 timing reifyNode:node_modules/@fastify/static Completed in 27244ms
3507 http fetch GET 200 https://registry.npmjs.org/@babel%2fcore 591ms (cache miss)
3508 timing metavuln:packument:@babel/core Completed in 594ms
3509 timing metavuln:load:security-advisory:@babel/core:+NsF1flAI8VENgJn0XVIWaC4lCe3b89AZgBOx219qXn/BdXH1EWl/yD49aHbhQimIG4kna8zgkunsmpiAVwNPQ== Completed in 83ms
3510 http fetch GET 200 https://registry.npmjs.org/@types/node/-/node-20.12.7.tgz 26077ms (cache miss)
3511 timing reifyNode:node_modules/@types/node Completed in 27446ms
3512 http fetch GET 200 https://registry.npmjs.org/moment-timezone/-/moment-timezone-0.5.45.tgz 26587ms (cache miss)
3513 timing reifyNode:node_modules/moment-timezone Completed in 27578ms
3514 timing metavuln:cache:put:security-advisory:@babel/core:rHFDgAPDp/sCXbJTVH1CD++gRwqnDm1l5hjqv1UshTfFC03lkAXjHj5sWn7bV61VhpDSBibBqnzYuoOuIJuY0Q== Completed in 149ms
3515 timing metavuln:calculate:security-advisory:@babel/core:+NsF1flAI8VENgJn0XVIWaC4lCe3b89AZgBOx219qXn/BdXH1EWl/yD49aHbhQimIG4kna8zgkunsmpiAVwNPQ== Completed in 827ms
3516 timing metavuln:cache:get:security-advisory:date-fns:kHMTVg+O95Y0EFfM2HO1mb7SZ4p5vWeiW1gikHyGe2x3c6+UXU8uqt+wXkUDmiXnjlJPeS0xt/QOsr/K++6P+Q== Completed in 10ms
3517 timing metavuln:cache:get:security-advisory:i18next:l4tbfjbVOZGuH/00FuoHxAf5DtkJBCMqzu0CQ4juWz1pfNe0diGF78qD/NikjjOQugC9THUj3QGPzO/X2ByTaQ== Completed in 9ms
3518 http fetch GET 200 https://registry.npmjs.org/@babel/core/-/core-7.24.4.tgz 26093ms (cache miss)
3519 timing reifyNode:node_modules/@babel/core Completed in 27552ms
3520 http fetch GET 200 https://registry.npmjs.org/eslint-plugin-import/-/eslint-plugin-import-2.29.1.tgz 26402ms (cache miss)
3521 timing reifyNode:node_modules/eslint-plugin-import Completed in 27626ms
3522 http fetch GET 200 https://registry.npmjs.org/@babel/runtime/-/runtime-7.24.4.tgz 26182ms (cache miss)
3523 timing reifyNode:node_modules/@babel/runtime Completed in 27603ms
3524 http fetch GET 200 https://registry.npmjs.org/jquery/-/jquery-3.7.1.tgz 26727ms (cache miss)
3525 timing reifyNode:node_modules/jquery Completed in 27765ms
3526 http fetch GET 200 https://registry.npmjs.org/sqlite3/-/sqlite3-5.1.7.tgz 27005ms (cache miss)
3527 timing reifyNode:node_modules/sqlite3 Completed in 27835ms
3528 http fetch GET 200 https://registry.npmjs.org/@vscode/sqlite3/-/sqlite3-5.1.2.tgz 26474ms (cache miss)
3529 timing reifyNode:node_modules/@vscode/sqlite3 Completed in 27839ms
3530 http fetch GET 200 https://registry.npmjs.org/validator/-/validator-13.11.0.tgz 27396ms (cache miss)
3531 timing reifyNode:node_modules/validator Completed in 28138ms
3532 http fetch GET 200 https://registry.npmjs.org/pino/-/pino-8.20.0.tgz 27398ms (cache miss)
3533 http fetch GET 200 https://registry.npmjs.org/date-fns 752ms (cache miss)
3534 timing metavuln:packument:date-fns Completed in 758ms
3535 timing metavuln:load:security-advisory:date-fns:xDaNmlS3J8LRk7IfDb7e9Gp3gcy/xDr1QZXCKC997SMkqKVemm2guY9vQpRI6omD11L5cfCI+STpoAdxUgnVsA== Completed in 4ms
3536 timing reifyNode:node_modules/pino Completed in 28369ms
3537 http fetch GET 200 https://registry.npmjs.org/fastify-cli/-/fastify-cli-6.1.1.tgz 27185ms (cache miss)
3538 timing reifyNode:node_modules/fastify-cli Completed in 28375ms
3539 timing metavuln:cache:put:security-advisory:date-fns:kHMTVg+O95Y0EFfM2HO1mb7SZ4p5vWeiW1gikHyGe2x3c6+UXU8uqt+wXkUDmiXnjlJPeS0xt/QOsr/K++6P+Q== Completed in 121ms
3540 timing metavuln:calculate:security-advisory:date-fns:xDaNmlS3J8LRk7IfDb7e9Gp3gcy/xDr1QZXCKC997SMkqKVemm2guY9vQpRI6omD11L5cfCI+STpoAdxUgnVsA== Completed in 883ms
3541 http fetch GET 200 https://registry.npmjs.org/node-gyp/-/node-gyp-9.4.1.tgz 27549ms (cache miss)
3542 http fetch GET 200 https://registry.npmjs.org/npm-check-updates/-/npm-check-updates-16.14.18.tgz 27565ms (cache miss)
3543 http fetch GET 200 https://registry.npmjs.org/node-gyp/-/node-gyp-8.4.1.tgz 26977ms (cache miss)
3544 timing reifyNode:node_modules/node-gyp Completed in 28556ms
3545 timing reifyNode:node_modules/npm-check-updates Completed in 28562ms
3546 timing reifyNode:node_modules/sqlite3/node_modules/node-gyp Completed in 28604ms
3547 http fetch GET 200 https://registry.npmjs.org/i18next 1023ms (cache miss)
3548 timing metavuln:packument:i18next Completed in 1034ms
3549 timing metavuln:load:security-advisory:i18next:xDaNmlS3J8LRk7IfDb7e9Gp3gcy/xDr1QZXCKC997SMkqKVemm2guY9vQpRI6omD11L5cfCI+STpoAdxUgnVsA== Completed in 11ms
3550 http fetch GET 200 https://registry.npmjs.org/objection/-/objection-3.1.4.tgz 27680ms (cache miss)
3551 timing reifyNode:node_modules/objection Completed in 28645ms
3552 timing metavuln:cache:put:security-advisory:i18next:l4tbfjbVOZGuH/00FuoHxAf5DtkJBCMqzu0CQ4juWz1pfNe0diGF78qD/NikjjOQugC9THUj3QGPzO/X2ByTaQ== Completed in 118ms
3553 timing metavuln:calculate:security-advisory:i18next:xDaNmlS3J8LRk7IfDb7e9Gp3gcy/xDr1QZXCKC997SMkqKVemm2guY9vQpRI6omD11L5cfCI+STpoAdxUgnVsA== Completed in 1164ms
3554 timing metavuln:cache:get:security-advisory:@istanbuljs/load-nyc-config:w/86FNlNAKUQI54d7RUzBsP1/0m9gEqvzcKgVc1hG/QVJuqE1LIXvZVbQtAg4c7kez3/aUOM4JWOhkj3kEEPVA== Completed in 7ms
3555 http fetch GET 200 https://registry.npmjs.org/knex/-/knex-2.5.1.tgz 27247ms (cache miss)
3556 timing reifyNode:node_modules/fastify-objectionjs/node_modules/knex Completed in 28875ms
3557 http fetch GET 200 https://registry.npmjs.org/knex/-/knex-3.1.0.tgz 27938ms (cache miss)
3558 timing reifyNode:node_modules/knex Completed in 28962ms
3559 http fetch GET 200 https://registry.npmjs.org/@istanbuljs%2fload-nyc-config 216ms (cache miss)
3560 timing metavuln:packument:@istanbuljs/load-nyc-config Completed in 217ms
3561 timing metavuln:load:security-advisory:@istanbuljs/load-nyc-config:MQ5RokLIvrWmT8/NQU0dD+jQ+6pFslHlaXx1Z5q7mESITohR8AwLT525ddIc2KvKZYbB1p5yclW3kV4xeRYXEg== Completed in 1ms
3562 http fetch GET 200 https://registry.npmjs.org/@babel/types/-/types-7.24.0.tgz 27536ms (cache miss)
3563 timing reifyNode:node_modules/@babel/types Completed in 28969ms
3564 timing metavuln:cache:put:security-advisory:@istanbuljs/load-nyc-config:w/86FNlNAKUQI54d7RUzBsP1/0m9gEqvzcKgVc1hG/QVJuqE1LIXvZVbQtAg4c7kez3/aUOM4JWOhkj3kEEPVA== Completed in 80ms
3565 timing metavuln:calculate:security-advisory:@istanbuljs/load-nyc-config:MQ5RokLIvrWmT8/NQU0dD+jQ+6pFslHlaXx1Z5q7mESITohR8AwLT525ddIc2KvKZYbB1p5yclW3kV4xeRYXEg== Completed in 298ms
3566 timing metavuln:cache:get:security-advisory:@eslint/eslintrc:+dj/LqpwTuLnMbBYuGIzIb6b3zspptDh0rakRHhZtIReGOQCQDIXFUqoHFXyUBrXqkKL96IYWa7gOtmMPQ2AIw== Completed in 9ms
3567 timing metavuln:cache:get:security-advisory:eslint:tWpS8shwtPvlnKrr0IDTnNgdZsEAPzEyjXys9cT2vEpfBr9XWHwJtpN5VN/tlasnmObTFIj3QrfKiIX5Y5+g2Q== Completed in 9ms
3568 timing metavuln:cache:get:security-advisory:npm-check-updates:9vC8VlwNHMPreDKCmfk/iQYKr5FKq35DZWscTOeXqRjPbM+Efw5aQBr9cfJGMTacDylcPe1nQJ5GQctXjbhmEA== Completed in 8ms
3569 timing metavuln:cache:get:security-advisory:rc-config-loader:q4AulNladPM/Ic9lEbKbGuyQzjCn1jqwz0AMYs/yQHvgYOx1mDpLBZLgKZBAnHqoDFu8LWanb5hOiIEPx1/klw== Completed in 7ms
3570 http fetch GET 200 https://registry.npmjs.org/@popperjs/core/-/core-2.11.8.tgz 27755ms (cache miss)
3571 timing reifyNode:node_modules/@popperjs/core Completed in 29134ms
3572 http fetch GET 200 https://registry.npmjs.org/@eslint%2feslintrc 209ms (cache miss)
3573 timing metavuln:packument:@eslint/eslintrc Completed in 210ms
3574 timing metavuln:load:security-advisory:@eslint/eslintrc:621IdjBdZEeVoUcjWGl1jXN0jFDGaf7dIQMeaPVKf5MxqYprJztiOC0OHOUPVoayh7Cq/fTC8L5CqEb98qlE7w== Completed in 1ms
3575 timing metavuln:cache:put:security-advisory:@eslint/eslintrc:+dj/LqpwTuLnMbBYuGIzIb6b3zspptDh0rakRHhZtIReGOQCQDIXFUqoHFXyUBrXqkKL96IYWa7gOtmMPQ2AIw== Completed in 87ms
3576 timing metavuln:calculate:security-advisory:@eslint/eslintrc:621IdjBdZEeVoUcjWGl1jXN0jFDGaf7dIQMeaPVKf5MxqYprJztiOC0OHOUPVoayh7Cq/fTC8L5CqEb98qlE7w== Completed in 298ms
3577 http fetch GET 200 https://registry.npmjs.org/rc-config-loader 374ms (cache miss)
3578 timing metavuln:packument:rc-config-loader Completed in 375ms
3579 timing metavuln:load:security-advisory:rc-config-loader:621IdjBdZEeVoUcjWGl1jXN0jFDGaf7dIQMeaPVKf5MxqYprJztiOC0OHOUPVoayh7Cq/fTC8L5CqEb98qlE7w== Completed in 1ms
3580 timing metavuln:cache:put:security-advisory:rc-config-loader:q4AulNladPM/Ic9lEbKbGuyQzjCn1jqwz0AMYs/yQHvgYOx1mDpLBZLgKZBAnHqoDFu8LWanb5hOiIEPx1/klw== Completed in 115ms
3581 timing metavuln:calculate:security-advisory:rc-config-loader:621IdjBdZEeVoUcjWGl1jXN0jFDGaf7dIQMeaPVKf5MxqYprJztiOC0OHOUPVoayh7Cq/fTC8L5CqEb98qlE7w== Completed in 491ms
3582 http fetch GET 200 https://registry.npmjs.org/eslint 636ms (cache miss)
3583 timing metavuln:packument:eslint Completed in 648ms
3584 timing metavuln:load:security-advisory:eslint:621IdjBdZEeVoUcjWGl1jXN0jFDGaf7dIQMeaPVKf5MxqYprJztiOC0OHOUPVoayh7Cq/fTC8L5CqEb98qlE7w== Completed in 7ms
3585 timing metavuln:cache:put:security-advisory:eslint:tWpS8shwtPvlnKrr0IDTnNgdZsEAPzEyjXys9cT2vEpfBr9XWHwJtpN5VN/tlasnmObTFIj3QrfKiIX5Y5+g2Q== Completed in 84ms
3586 timing metavuln:calculate:security-advisory:eslint:621IdjBdZEeVoUcjWGl1jXN0jFDGaf7dIQMeaPVKf5MxqYprJztiOC0OHOUPVoayh7Cq/fTC8L5CqEb98qlE7w== Completed in 740ms
3587 http fetch GET 200 https://registry.npmjs.org/es5-ext/-/es5-ext-0.10.64.tgz 28659ms (cache miss)
3588 timing reifyNode:node_modules/es5-ext Completed in 29864ms
3589 http fetch GET 200 https://registry.npmjs.org/fastify/-/fastify-4.26.2.tgz 28779ms (cache miss)
3590 timing reifyNode:node_modules/fastify Completed in 29957ms
3591 http fetch GET 200 https://registry.npmjs.org/npm-check-updates 1023ms (cache miss)
3592 timing metavuln:packument:npm-check-updates Completed in 1035ms
3593 timing metavuln:load:security-advisory:npm-check-updates:621IdjBdZEeVoUcjWGl1jXN0jFDGaf7dIQMeaPVKf5MxqYprJztiOC0OHOUPVoayh7Cq/fTC8L5CqEb98qlE7w== Completed in 6ms
3594 timing metavuln:cache:put:security-advisory:npm-check-updates:9vC8VlwNHMPreDKCmfk/iQYKr5FKq35DZWscTOeXqRjPbM+Efw5aQBr9cfJGMTacDylcPe1nQJ5GQctXjbhmEA== Completed in 75ms
3595 timing metavuln:calculate:security-advisory:npm-check-updates:621IdjBdZEeVoUcjWGl1jXN0jFDGaf7dIQMeaPVKf5MxqYprJztiOC0OHOUPVoayh7Cq/fTC8L5CqEb98qlE7w== Completed in 1117ms
3596 timing metavuln:cache:get:security-advisory:@fastify/static:TJO1f5BqMO4qMGONrc+X2aE91hAeJVEa64O46oNWsNPJu2NMTiGs2lLdmyRmAW0v3iBC5Nb7yZi+GFX0dYya2A== Completed in 10ms
3597 timing metavuln:cache:get:security-advisory:cacache:jgcnDPpQA6Pd0WUq11of4JS3nfZzFbYPGEiM5lXhkm38JNpJrS4nuiCNInBrG+RFBevWIak8ZWL+tkpr1DlzGg== Completed in 9ms
3598 timing metavuln:cache:get:security-advisory:js-beautify:Vg4oCCAQB/t0zzprsEbdJg6TgVHuRJw0PRholaLu8gEgXPNwujG9YYkL+R6A/jlFVJswJIA/24mjV0y67XN7RQ== Completed in 8ms
3599 timing metavuln:cache:get:security-advisory:rimraf:U6dWjEG+wBLaAeoUiIjGQdamS87vxL0a3IcTpkHufDNqr9Eagu7/CvMBwQallZVI2Pl2lkAMB2WJoO94XiR/Rw== Completed in 8ms
3600 timing metavuln:cache:get:security-advisory:read-package-json:5WkYUYsTGprHudeNOjhfcYXDGB8eWDswOp2+aJWtp1ncEbaoiGa2Q1lkBQE7lR7C0v/5HFdS8ID7fdeWkZPMug== Completed in 8ms
3601 http fetch GET 200 https://registry.npmjs.org/ajv/-/ajv-8.12.0.tgz 28582ms (cache miss)
3602 timing reifyNode:node_modules/fast-json-stringify/node_modules/ajv Completed in 30253ms
3603 http fetch GET 200 https://registry.npmjs.org/ajv/-/ajv-8.12.0.tgz 28560ms (cache miss)
3604 timing reifyNode:node_modules/@fastify/ajv-compiler/node_modules/ajv Completed in 30215ms
3605 http fetch GET 200 https://registry.npmjs.org/ajv/-/ajv-8.11.0.tgz 28657ms (cache miss)
3606 timing reifyNode:node_modules/ajv-formats/node_modules/ajv Completed in 30311ms
3607 http fetch GET 200 https://registry.npmjs.org/sequelize/-/sequelize-6.37.3.tgz 29587ms (cache miss)
3608 http fetch GET 200 https://registry.npmjs.org/ajv/-/ajv-8.12.0.tgz 28797ms (cache miss)
3609 timing reifyNode:node_modules/sequelize Completed in 30438ms
3610 timing reifyNode:node_modules/objection/node_modules/ajv Completed in 30432ms
3611 http fetch GET 200 https://registry.npmjs.org/rimraf 296ms (cache miss)
3612 timing metavuln:packument:rimraf Completed in 297ms
3613 timing metavuln:load:security-advisory:rimraf:NTB2XjbDOgk4lkd8PZ3tUAm1F3E/ohGF6rl9/3LEO7Z0FDzSR5nWwzd3nUENA3NCNdyeR+35DOC12wPml2IV+g== Completed in 10ms
3614 http fetch GET 200 https://registry.npmjs.org/ajv/-/ajv-8.11.0.tgz 28894ms (cache miss)
3615 timing reifyNode:node_modules/schema-utils/node_modules/ajv Completed in 30527ms
3616 http fetch GET 200 https://registry.npmjs.org/better-sqlite3/-/better-sqlite3-8.7.0.tgz 29188ms (cache miss)
3617 http fetch GET 200 https://registry.npmjs.org/cacache 359ms (cache miss)
3618 timing metavuln:packument:cacache Completed in 362ms
3619 timing metavuln:load:security-advisory:cacache:NTB2XjbDOgk4lkd8PZ3tUAm1F3E/ohGF6rl9/3LEO7Z0FDzSR5nWwzd3nUENA3NCNdyeR+35DOC12wPml2IV+g== Completed in 4ms
3620 timing metavuln:cache:put:security-advisory:rimraf:U6dWjEG+wBLaAeoUiIjGQdamS87vxL0a3IcTpkHufDNqr9Eagu7/CvMBwQallZVI2Pl2lkAMB2WJoO94XiR/Rw== Completed in 63ms
3621 timing metavuln:calculate:security-advisory:rimraf:NTB2XjbDOgk4lkd8PZ3tUAm1F3E/ohGF6rl9/3LEO7Z0FDzSR5nWwzd3nUENA3NCNdyeR+35DOC12wPml2IV+g== Completed in 371ms
3622 timing reifyNode:node_modules/better-sqlite3 Completed in 30487ms
3623 http fetch GET 200 https://registry.npmjs.org/read-package-json 382ms (cache miss)
3624 timing metavuln:packument:read-package-json Completed in 385ms
3625 timing metavuln:load:security-advisory:read-package-json:NTB2XjbDOgk4lkd8PZ3tUAm1F3E/ohGF6rl9/3LEO7Z0FDzSR5nWwzd3nUENA3NCNdyeR+35DOC12wPml2IV+g== Completed in 2ms
3626 timing metavuln:cache:put:security-advisory:cacache:jgcnDPpQA6Pd0WUq11of4JS3nfZzFbYPGEiM5lXhkm38JNpJrS4nuiCNInBrG+RFBevWIak8ZWL+tkpr1DlzGg== Completed in 51ms
3627 timing metavuln:calculate:security-advisory:cacache:NTB2XjbDOgk4lkd8PZ3tUAm1F3E/ohGF6rl9/3LEO7Z0FDzSR5nWwzd3nUENA3NCNdyeR+35DOC12wPml2IV+g== Completed in 417ms
3628 timing metavuln:cache:put:security-advisory:read-package-json:5WkYUYsTGprHudeNOjhfcYXDGB8eWDswOp2+aJWtp1ncEbaoiGa2Q1lkBQE7lR7C0v/5HFdS8ID7fdeWkZPMug== Completed in 47ms
3629 timing metavuln:calculate:security-advisory:read-package-json:NTB2XjbDOgk4lkd8PZ3tUAm1F3E/ohGF6rl9/3LEO7Z0FDzSR5nWwzd3nUENA3NCNdyeR+35DOC12wPml2IV+g== Completed in 434ms
3630 http fetch GET 200 https://registry.npmjs.org/js-beautify 450ms (cache miss)
3631 timing metavuln:packument:js-beautify Completed in 452ms
3632 timing metavuln:load:security-advisory:js-beautify:NTB2XjbDOgk4lkd8PZ3tUAm1F3E/ohGF6rl9/3LEO7Z0FDzSR5nWwzd3nUENA3NCNdyeR+35DOC12wPml2IV+g== Completed in 3ms
3633 timing metavuln:cache:put:security-advisory:js-beautify:Vg4oCCAQB/t0zzprsEbdJg6TgVHuRJw0PRholaLu8gEgXPNwujG9YYkL+R6A/jlFVJswJIA/24mjV0y67XN7RQ== Completed in 44ms
3634 timing metavuln:calculate:security-advisory:js-beautify:NTB2XjbDOgk4lkd8PZ3tUAm1F3E/ohGF6rl9/3LEO7Z0FDzSR5nWwzd3nUENA3NCNdyeR+35DOC12wPml2IV+g== Completed in 499ms
3635 http fetch GET 200 https://registry.npmjs.org/eslint/-/eslint-8.57.0.tgz 29476ms (cache miss)
3636 timing reifyNode:node_modules/eslint Completed in 30682ms
3637 http fetch GET 200 https://registry.npmjs.org/@fastify%2fstatic 985ms (cache miss)
3638 timing metavuln:packument:@fastify/static Completed in 987ms
3639 timing metavuln:load:security-advisory:@fastify/static:NTB2XjbDOgk4lkd8PZ3tUAm1F3E/ohGF6rl9/3LEO7Z0FDzSR5nWwzd3nUENA3NCNdyeR+35DOC12wPml2IV+g== Completed in 1ms
3640 http fetch GET 200 https://registry.npmjs.org/bootstrap/-/bootstrap-5.3.3.tgz 29831ms (cache miss)
3641 timing reifyNode:node_modules/bootstrap Completed in 31113ms
3642 timing metavuln:cache:put:security-advisory:@fastify/static:TJO1f5BqMO4qMGONrc+X2aE91hAeJVEa64O46oNWsNPJu2NMTiGs2lLdmyRmAW0v3iBC5Nb7yZi+GFX0dYya2A== Completed in 43ms
3643 timing metavuln:calculate:security-advisory:@fastify/static:NTB2XjbDOgk4lkd8PZ3tUAm1F3E/ohGF6rl9/3LEO7Z0FDzSR5nWwzd3nUENA3NCNdyeR+35DOC12wPml2IV+g== Completed in 1032ms
3644 timing metavuln:cache:get:security-advisory:minimatch:EdzP79sukXfwnaTxyFO/a1+fXPBBvIH9NlsgWGTGWGSpQkNPxYQxFaMxiKCAwfckwBABbsvD1jCrk+QZ4W56Rw== Completed in 3ms
3645 http fetch GET 200 https://registry.npmjs.org/moment/-/moment-2.30.1.tgz 30277ms (cache miss)
3646 timing reifyNode:node_modules/moment Completed in 31274ms
3647 http fetch GET 200 https://registry.npmjs.org/minimatch 153ms (cache miss)
3648 timing metavuln:packument:minimatch Completed in 155ms
3649 timing metavuln:load:security-advisory:minimatch:7IQMvcVTr+svbh5KCx4Kl6FQKJ1GciM03BnJAve/5WYJjUeRzKAIrStVpfachbl3T6a7o8nYlQEVG6Ih0TNXRg== Completed in 3ms
3650 timing metavuln:cache:put:security-advisory:minimatch:EdzP79sukXfwnaTxyFO/a1+fXPBBvIH9NlsgWGTGWGSpQkNPxYQxFaMxiKCAwfckwBABbsvD1jCrk+QZ4W56Rw== Completed in 41ms
3651 timing metavuln:calculate:security-advisory:minimatch:7IQMvcVTr+svbh5KCx4Kl6FQKJ1GciM03BnJAve/5WYJjUeRzKAIrStVpfachbl3T6a7o8nYlQEVG6Ih0TNXRg== Completed in 199ms
3652 timing metavuln:cache:get:security-advisory:minimatch:47aVejY8/1KnEnFlTo+uF90a7w1XvtOjMP1i7DvyX4+jxy/wlG4RjX1rMW+bmptQMpL8TSkcMyWTMH7gxl9Fpg== Completed in 3ms
3653 timing metavuln:load:security-advisory:minimatch:mClmYqWawCNXseeTBHWiIwZH/2CmFUqPCmosJIeOhAgD9z1v3SayhHAwaWVo8wmeKU/JN9VP4zDBeXaqy3Ay2A== Completed in 2ms
3654 timing metavuln:cache:put:security-advisory:minimatch:47aVejY8/1KnEnFlTo+uF90a7w1XvtOjMP1i7DvyX4+jxy/wlG4RjX1rMW+bmptQMpL8TSkcMyWTMH7gxl9Fpg== Completed in 43ms
3655 timing metavuln:calculate:security-advisory:minimatch:mClmYqWawCNXseeTBHWiIwZH/2CmFUqPCmosJIeOhAgD9z1v3SayhHAwaWVo8wmeKU/JN9VP4zDBeXaqy3Ay2A== Completed in 48ms
3656 timing metavuln:cache:get:security-advisory:chokidar:LU+YLfVnn6vFXVAvnsGqd58Rz8g6tJ60ZMP+wazsDeQPoFbTHjxfCKIpn7lW6acFOIKvNjhthFMXqTIaWevt+w== Completed in 4ms
3657 timing metavuln:cache:get:security-advisory:micromatch:KLlQrQSexijh/BbB4FSM3fP0/MIDSj3iMiApgG1JwuVrHt48fzZ8fAIdgNu2TyvXdqnfHV2kIjol+N5OzsIiGQ== Completed in 3ms
3658 timing metavuln:load:security-advisory:micromatch:JiXBFkEDkUnBQLw3PO6emUmmm2JXqgEbh+FhB3SNDS8k6Z0wM20irrfaOjjxYuMxZaKaDudvR037mtEoeqZzXw== Completed in 5ms
3659 timing metavuln:cache:put:security-advisory:micromatch:KLlQrQSexijh/BbB4FSM3fP0/MIDSj3iMiApgG1JwuVrHt48fzZ8fAIdgNu2TyvXdqnfHV2kIjol+N5OzsIiGQ== Completed in 40ms
3660 timing metavuln:calculate:security-advisory:micromatch:JiXBFkEDkUnBQLw3PO6emUmmm2JXqgEbh+FhB3SNDS8k6Z0wM20irrfaOjjxYuMxZaKaDudvR037mtEoeqZzXw== Completed in 48ms
3661 http fetch GET 200 https://registry.npmjs.org/caniuse-lite/-/caniuse-lite-1.0.30001612.tgz 30244ms (cache miss)
3662 timing reifyNode:node_modules/caniuse-lite Completed in 31522ms
3663 http fetch GET 200 https://registry.npmjs.org/chokidar 136ms (cache miss)
3664 timing metavuln:packument:chokidar Completed in 138ms
3665 timing metavuln:load:security-advisory:chokidar:JiXBFkEDkUnBQLw3PO6emUmmm2JXqgEbh+FhB3SNDS8k6Z0wM20irrfaOjjxYuMxZaKaDudvR037mtEoeqZzXw== Completed in 2ms
3666 timing metavuln:cache:put:security-advisory:chokidar:LU+YLfVnn6vFXVAvnsGqd58Rz8g6tJ60ZMP+wazsDeQPoFbTHjxfCKIpn7lW6acFOIKvNjhthFMXqTIaWevt+w== Completed in 29ms
3667 timing metavuln:calculate:security-advisory:chokidar:JiXBFkEDkUnBQLw3PO6emUmmm2JXqgEbh+FhB3SNDS8k6Z0wM20irrfaOjjxYuMxZaKaDudvR037mtEoeqZzXw== Completed in 170ms
3668 timing metavuln:cache:get:security-advisory:light-my-request:UfYeYMGFnlVOh6z1dqFizSqjGi7YyyQMRc3JQ1VnZ/OBVx1zGC6e+b6mEKG/IaRMMtjP5WJ2749QJ6iB38mozA== Completed in 9ms
3669 timing metavuln:cache:get:security-advisory:youch:GCj7wAVwXmpdpHsZ3FBltk4ddq703nJZceXkq77o3f+gaNLubEhWMdGOuTbsQUIPAj4PXvzoyIJlnaLab4wWyA== Completed in 8ms
3670 http fetch GET 200 https://registry.npmjs.org/lodash/-/lodash-4.17.21.tgz 30768ms (cache miss)
3671 timing reifyNode:node_modules/lodash Completed in 31787ms
3672 http fetch GET 200 https://registry.npmjs.org/webpack/-/webpack-5.91.0.tgz 31190ms (cache miss)
3673 timing reifyNode:node_modules/webpack Completed in 31932ms
3674 http fetch GET 200 https://registry.npmjs.org/sodium-native/-/sodium-native-4.1.1.tgz 31144ms (cache miss)
3675 http fetch GET 200 https://registry.npmjs.org/youch 316ms (cache miss)
3676 timing metavuln:packument:youch Completed in 318ms
3677 timing metavuln:load:security-advisory:youch:EFt7h/FZLeopARa06+F2CBY5ItUm007mP/cHgZjTJZX1MeIwg3JD7toSioRoDeE8wm5VdkimqlS+CnuPhZqbIg== Completed in 3ms
3678 timing reifyNode:node_modules/sodium-native Completed in 31973ms
3679 http fetch GET 200 https://registry.npmjs.org/light-my-request 328ms (cache miss)
3680 timing metavuln:packument:light-my-request Completed in 330ms
3681 timing metavuln:load:security-advisory:light-my-request:EFt7h/FZLeopARa06+F2CBY5ItUm007mP/cHgZjTJZX1MeIwg3JD7toSioRoDeE8wm5VdkimqlS+CnuPhZqbIg== Completed in 2ms
3682 timing metavuln:cache:put:security-advisory:youch:GCj7wAVwXmpdpHsZ3FBltk4ddq703nJZceXkq77o3f+gaNLubEhWMdGOuTbsQUIPAj4PXvzoyIJlnaLab4wWyA== Completed in 28ms
3683 timing metavuln:calculate:security-advisory:youch:EFt7h/FZLeopARa06+F2CBY5ItUm007mP/cHgZjTJZX1MeIwg3JD7toSioRoDeE8wm5VdkimqlS+CnuPhZqbIg== Completed in 349ms
3684 timing metavuln:cache:put:security-advisory:light-my-request:UfYeYMGFnlVOh6z1dqFizSqjGi7YyyQMRc3JQ1VnZ/OBVx1zGC6e+b6mEKG/IaRMMtjP5WJ2749QJ6iB38mozA== Completed in 23ms
3685 timing metavuln:calculate:security-advisory:light-my-request:EFt7h/FZLeopARa06+F2CBY5ItUm007mP/cHgZjTJZX1MeIwg3JD7toSioRoDeE8wm5VdkimqlS+CnuPhZqbIg== Completed in 356ms
3686 timing metavuln:cache:get:security-advisory:eslint:Ne/yNy0L08mqT6jqvFBG8ZHWrqAHuxGdNEOgZtub3Su4R2LUTaqbxpX8S30zZ7tis85Jmwxbqft0hpk4j9A12Q== Completed in 6ms
3687 timing metavuln:load:security-advisory:eslint:PBcc/5P1UEO/1Ba/jUNR65wOzs1wU0Y+m+OOSfB57dG5EajzjbqRMRm0l7MWqcJgHDYM5GoZ36Hm7qAYFlIH3A== Completed in 6ms
3688 timing metavuln:cache:get:security-advisory:execa:NWBEPrq1Krr7nahht+VdDSoXe5QCSkDBW+KpXfGL4TrZAModumScH8x3aPKXTD343uDMIN2l7nchl5/7a95SBQ== Completed in 13ms
3689 timing metavuln:cache:get:security-advisory:foreground-child:cZpBeVkHEpw8jHC+EKy88Laxrd1ur7RE5Fx7lVjtRJXjrwMFQVN00FKtYlT+IVZhQkq/19Fig8voVSYNZLEz1A== Completed in 12ms
3690 timing metavuln:cache:get:security-advisory:spawn-please:BphxFlmJVCef0edSeSF2BBo1sZe5hLcWnzmHf+irjeKMNwbxNw9WEGlLkVE/W1BkHcitZjhQlZeuv4+pMFyKkA== Completed in 11ms
3691 timing metavuln:cache:get:security-advisory:webpack-cli:H2hTN4ZrDsX5Zga3r5FRbvgrU/fAJrT+jD7Bz8Z/htxanE2nyrKoffoyQCLOAfjqlf9EjPscG8l86nb6rOFcdg== Completed in 11ms
3692 timing metavuln:cache:put:security-advisory:eslint:Ne/yNy0L08mqT6jqvFBG8ZHWrqAHuxGdNEOgZtub3Su4R2LUTaqbxpX8S30zZ7tis85Jmwxbqft0hpk4j9A12Q== Completed in 24ms
3693 timing metavuln:calculate:security-advisory:eslint:PBcc/5P1UEO/1Ba/jUNR65wOzs1wU0Y+m+OOSfB57dG5EajzjbqRMRm0l7MWqcJgHDYM5GoZ36Hm7qAYFlIH3A== Completed in 36ms
3694 http fetch GET 200 https://registry.npmjs.org/foreground-child 122ms (cache miss)
3695 timing metavuln:packument:foreground-child Completed in 124ms
3696 timing metavuln:load:security-advisory:foreground-child:PBcc/5P1UEO/1Ba/jUNR65wOzs1wU0Y+m+OOSfB57dG5EajzjbqRMRm0l7MWqcJgHDYM5GoZ36Hm7qAYFlIH3A== Completed in 1ms
3697 http fetch GET 200 https://registry.npmjs.org/execa 145ms (cache miss)
3698 timing metavuln:packument:execa Completed in 147ms
3699 timing metavuln:load:security-advisory:execa:PBcc/5P1UEO/1Ba/jUNR65wOzs1wU0Y+m+OOSfB57dG5EajzjbqRMRm0l7MWqcJgHDYM5GoZ36Hm7qAYFlIH3A== Completed in 2ms
3700 timing metavuln:cache:put:security-advisory:foreground-child:cZpBeVkHEpw8jHC+EKy88Laxrd1ur7RE5Fx7lVjtRJXjrwMFQVN00FKtYlT+IVZhQkq/19Fig8voVSYNZLEz1A== Completed in 40ms
3701 timing metavuln:calculate:security-advisory:foreground-child:PBcc/5P1UEO/1Ba/jUNR65wOzs1wU0Y+m+OOSfB57dG5EajzjbqRMRm0l7MWqcJgHDYM5GoZ36Hm7qAYFlIH3A== Completed in 165ms
3702 http fetch GET 200 https://registry.npmjs.org/webpack-cli 172ms (cache miss)
3703 timing metavuln:packument:webpack-cli Completed in 177ms
3704 timing metavuln:load:security-advisory:webpack-cli:PBcc/5P1UEO/1Ba/jUNR65wOzs1wU0Y+m+OOSfB57dG5EajzjbqRMRm0l7MWqcJgHDYM5GoZ36Hm7qAYFlIH3A== Completed in 3ms
3705 timing metavuln:cache:put:security-advisory:execa:NWBEPrq1Krr7nahht+VdDSoXe5QCSkDBW+KpXfGL4TrZAModumScH8x3aPKXTD343uDMIN2l7nchl5/7a95SBQ== Completed in 36ms
3706 timing metavuln:calculate:security-advisory:execa:PBcc/5P1UEO/1Ba/jUNR65wOzs1wU0Y+m+OOSfB57dG5EajzjbqRMRm0l7MWqcJgHDYM5GoZ36Hm7qAYFlIH3A== Completed in 185ms
3707 timing metavuln:cache:put:security-advisory:webpack-cli:H2hTN4ZrDsX5Zga3r5FRbvgrU/fAJrT+jD7Bz8Z/htxanE2nyrKoffoyQCLOAfjqlf9EjPscG8l86nb6rOFcdg== Completed in 19ms
3708 timing metavuln:calculate:security-advisory:webpack-cli:PBcc/5P1UEO/1Ba/jUNR65wOzs1wU0Y+m+OOSfB57dG5EajzjbqRMRm0l7MWqcJgHDYM5GoZ36Hm7qAYFlIH3A== Completed in 199ms
3709 http fetch GET 200 https://registry.npmjs.org/spawn-please 286ms (cache miss)
3710 timing metavuln:packument:spawn-please Completed in 286ms
3711 timing metavuln:load:security-advisory:spawn-please:PBcc/5P1UEO/1Ba/jUNR65wOzs1wU0Y+m+OOSfB57dG5EajzjbqRMRm0l7MWqcJgHDYM5GoZ36Hm7qAYFlIH3A== Completed in 1ms
3712 timing metavuln:cache:put:security-advisory:spawn-please:BphxFlmJVCef0edSeSF2BBo1sZe5hLcWnzmHf+irjeKMNwbxNw9WEGlLkVE/W1BkHcitZjhQlZeuv4+pMFyKkA== Completed in 22ms
3713 timing metavuln:calculate:security-advisory:spawn-please:PBcc/5P1UEO/1Ba/jUNR65wOzs1wU0Y+m+OOSfB57dG5EajzjbqRMRm0l7MWqcJgHDYM5GoZ36Hm7qAYFlIH3A== Completed in 309ms
3714 timing metavuln:cache:get:security-advisory:fastify-cli:QaslBeMuAEoSjIJGc7+wAYc4T7XpFaCnbJI8/c0a2JIyJvbwAad9SK12c7/eNgGCnrx8g4UQ77MsJaZXoAIODA== Completed in 3ms
3715 http fetch GET 200 https://registry.npmjs.org/fastify-cli 313ms (cache miss)
3716 timing metavuln:packument:fastify-cli Completed in 316ms
3717 timing metavuln:load:security-advisory:fastify-cli:5OdrwYv5Xzq+rI3bchsuaHIz85Yyo5gTdhOrQGf2Em7pRhXXR2ur0R7W7qQ6UpWsSxuRBW8Fdp57dyqUhR5/yw== Completed in 29ms
3718 timing metavuln:cache:put:security-advisory:fastify-cli:QaslBeMuAEoSjIJGc7+wAYc4T7XpFaCnbJI8/c0a2JIyJvbwAad9SK12c7/eNgGCnrx8g4UQ77MsJaZXoAIODA== Completed in 23ms
3719 timing metavuln:calculate:security-advisory:fastify-cli:5OdrwYv5Xzq+rI3bchsuaHIz85Yyo5gTdhOrQGf2Em7pRhXXR2ur0R7W7qQ6UpWsSxuRBW8Fdp57dyqUhR5/yw== Completed in 369ms
3720 timing metavuln:cache:get:security-advisory:fastify:r+d4AOedJNNM2JvdD79Tj/5Xqtya7yxHwFWKqG0+AJKMFl1K4au+8puJfPaPI6uOm9P0a/JHng7JwWmTuMXQJg== Completed in 1ms
3721 timing metavuln:load:security-advisory:fastify:ncPGiupWBmuLy3osYbi6NeA3zAkV0H2ETbz204QySGfjGMvhOUrckXpvAqjVyzsYU9NNJZrPHuMSulTPi+/bfw== Completed in 18ms
3722 timing metavuln:cache:put:security-advisory:fastify:r+d4AOedJNNM2JvdD79Tj/5Xqtya7yxHwFWKqG0+AJKMFl1K4au+8puJfPaPI6uOm9P0a/JHng7JwWmTuMXQJg== Completed in 28ms
3723 timing metavuln:calculate:security-advisory:fastify:ncPGiupWBmuLy3osYbi6NeA3zAkV0H2ETbz204QySGfjGMvhOUrckXpvAqjVyzsYU9NNJZrPHuMSulTPi+/bfw== Completed in 48ms
3724 timing metavuln:cache:get:security-advisory:socks:re7e5WgYC0N2yCcyKEpIVOef1b0RSDx7Y0SpqokON2S0og4NBc+basQ12t25Rom7giF5cYm2S3iMuCSJlhszhQ== Completed in 2ms
3725 http fetch GET 200 https://registry.npmjs.org/socks 110ms (cache miss)
3726 timing metavuln:packument:socks Completed in 112ms
3727 timing metavuln:load:security-advisory:socks:FcMhhitnipE8n5zCPiVRq2NLRNmu7UZkoO9lrM5CRC/emGwY5wSoa1+q1Q1Z8SPpfXO9tzox/MNRv7luhyJvqg== Completed in 3ms
3728 timing metavuln:cache:put:security-advisory:socks:re7e5WgYC0N2yCcyKEpIVOef1b0RSDx7Y0SpqokON2S0og4NBc+basQ12t25Rom7giF5cYm2S3iMuCSJlhszhQ== Completed in 23ms
3729 timing metavuln:calculate:security-advisory:socks:FcMhhitnipE8n5zCPiVRq2NLRNmu7UZkoO9lrM5CRC/emGwY5wSoa1+q1Q1Z8SPpfXO9tzox/MNRv7luhyJvqg== Completed in 138ms
3730 timing metavuln:cache:get:security-advisory:concurrently:jiZST4CUOZqAcB148diLa/4Cl5k4iCySK9zdGlvkCsjY7gOsOKgF1bXrv0HVQ59659xB7IRMqiwz7OjSmmlI2A== Completed in 9ms
3731 timing metavuln:cache:get:security-advisory:fastify-method-override:Bqz+OF3vj0F87stMKdz1zylGKE8NtgbAnp+RZ3DJo39FnbGBc9ivPmiN5C555vtAiYaLfttwTSWvQJASKYlV+g== Completed in 8ms
3732 timing metavuln:cache:get:security-advisory:knex:xzQLfa/l/BfN0UEm9OtwynMKedL9/kO38LYgtlMfN1NRGlgdM9PLi7IBDcrEUwXptCI+3DFMsmKvgOBQABYQIg== Completed in 7ms
3733 timing metavuln:cache:get:security-advisory:npm-check-updates:A6NzIFMr80r0b1G9uUOQ0/grfi8yyFDdzuwuYW8DK9LvNPoFVCV/JNyfXSOvhpY4YoiS1cD5RZNrCp4jVIMUcA== Completed in 7ms
3734 timing metavuln:load:security-advisory:npm-check-updates:OGNA5lR8rR8aeucWHqvJLBV5oaroI/lF2JfG9J2l63dx9uiGUyHuI4ymC6nv+dqWwxtqCIMcqBukiWYEiF5/RQ== Completed in 11ms
3735 timing metavuln:cache:get:security-advisory:sequelize:r0MmEGzxD6KLAwNM3KBOGbsgcIwLr/u67tvBlP/WGRII+/x23SPDMJr9YFGH4PZnjbGjd3bV0ODq63Uq+hGltQ== Completed in 18ms
3736 timing metavuln:cache:get:security-advisory:sequelize-cli:3hCNawRrl1ZM9szQIsCm0ai0rc4PV/6RtC9zvtR1XrrMTkmgViBTBXBxUsZapXSIBuUSRRFcJTnmgRvBUf/9nA== Completed in 18ms
3737 timing metavuln:cache:put:security-advisory:npm-check-updates:A6NzIFMr80r0b1G9uUOQ0/grfi8yyFDdzuwuYW8DK9LvNPoFVCV/JNyfXSOvhpY4YoiS1cD5RZNrCp4jVIMUcA== Completed in 26ms
3738 timing metavuln:calculate:security-advisory:npm-check-updates:OGNA5lR8rR8aeucWHqvJLBV5oaroI/lF2JfG9J2l63dx9uiGUyHuI4ymC6nv+dqWwxtqCIMcqBukiWYEiF5/RQ== Completed in 44ms
3739 http fetch GET 200 https://registry.npmjs.org/concurrently 145ms (cache miss)
3740 timing metavuln:packument:concurrently Completed in 148ms
3741 timing metavuln:load:security-advisory:concurrently:OGNA5lR8rR8aeucWHqvJLBV5oaroI/lF2JfG9J2l63dx9uiGUyHuI4ymC6nv+dqWwxtqCIMcqBukiWYEiF5/RQ== Completed in 2ms
3742 timing metavuln:cache:put:security-advisory:concurrently:jiZST4CUOZqAcB148diLa/4Cl5k4iCySK9zdGlvkCsjY7gOsOKgF1bXrv0HVQ59659xB7IRMqiwz7OjSmmlI2A== Completed in 28ms
3743 timing metavuln:calculate:security-advisory:concurrently:OGNA5lR8rR8aeucWHqvJLBV5oaroI/lF2JfG9J2l63dx9uiGUyHuI4ymC6nv+dqWwxtqCIMcqBukiWYEiF5/RQ== Completed in 178ms
3744 http fetch GET 200 https://registry.npmjs.org/knex 201ms (cache miss)
3745 timing metavuln:packument:knex Completed in 206ms
3746 timing metavuln:load:security-advisory:knex:OGNA5lR8rR8aeucWHqvJLBV5oaroI/lF2JfG9J2l63dx9uiGUyHuI4ymC6nv+dqWwxtqCIMcqBukiWYEiF5/RQ== Completed in 6ms
3747 timing metavuln:cache:put:security-advisory:knex:xzQLfa/l/BfN0UEm9OtwynMKedL9/kO38LYgtlMfN1NRGlgdM9PLi7IBDcrEUwXptCI+3DFMsmKvgOBQABYQIg== Completed in 22ms
3748 timing metavuln:calculate:security-advisory:knex:OGNA5lR8rR8aeucWHqvJLBV5oaroI/lF2JfG9J2l63dx9uiGUyHuI4ymC6nv+dqWwxtqCIMcqBukiWYEiF5/RQ== Completed in 234ms
3749 http fetch GET 200 https://registry.npmjs.org/sequelize 454ms (cache miss)
3750 timing metavuln:packument:sequelize Completed in 465ms
3751 timing metavuln:load:security-advisory:sequelize:OGNA5lR8rR8aeucWHqvJLBV5oaroI/lF2JfG9J2l63dx9uiGUyHuI4ymC6nv+dqWwxtqCIMcqBukiWYEiF5/RQ== Completed in 20ms
3752 timing metavuln:cache:put:security-advisory:sequelize:r0MmEGzxD6KLAwNM3KBOGbsgcIwLr/u67tvBlP/WGRII+/x23SPDMJr9YFGH4PZnjbGjd3bV0ODq63Uq+hGltQ== Completed in 24ms
3753 timing metavuln:calculate:security-advisory:sequelize:OGNA5lR8rR8aeucWHqvJLBV5oaroI/lF2JfG9J2l63dx9uiGUyHuI4ymC6nv+dqWwxtqCIMcqBukiWYEiF5/RQ== Completed in 510ms
3754 http fetch GET 200 https://registry.npmjs.org/fastify-method-override 542ms (cache miss)
3755 timing metavuln:packument:fastify-method-override Completed in 542ms
3756 timing metavuln:load:security-advisory:fastify-method-override:OGNA5lR8rR8aeucWHqvJLBV5oaroI/lF2JfG9J2l63dx9uiGUyHuI4ymC6nv+dqWwxtqCIMcqBukiWYEiF5/RQ== Completed in 1ms
3757 timing metavuln:cache:put:security-advisory:fastify-method-override:Bqz+OF3vj0F87stMKdz1zylGKE8NtgbAnp+RZ3DJo39FnbGBc9ivPmiN5C555vtAiYaLfttwTSWvQJASKYlV+g== Completed in 18ms
3758 timing metavuln:calculate:security-advisory:fastify-method-override:OGNA5lR8rR8aeucWHqvJLBV5oaroI/lF2JfG9J2l63dx9uiGUyHuI4ymC6nv+dqWwxtqCIMcqBukiWYEiF5/RQ== Completed in 561ms
3759 http fetch GET 200 https://registry.npmjs.org/es-abstract/-/es-abstract-1.23.3.tgz 32179ms (cache miss)
3760 timing reifyNode:node_modules/es-abstract Completed in 33388ms
3761 http fetch GET 200 https://registry.npmjs.org/sequelize-cli 701ms (cache miss)
3762 timing metavuln:packument:sequelize-cli Completed in 704ms
3763 timing metavuln:load:security-advisory:sequelize-cli:OGNA5lR8rR8aeucWHqvJLBV5oaroI/lF2JfG9J2l63dx9uiGUyHuI4ymC6nv+dqWwxtqCIMcqBukiWYEiF5/RQ== Completed in 2ms
3764 timing metavuln:cache:put:security-advisory:sequelize-cli:3hCNawRrl1ZM9szQIsCm0ai0rc4PV/6RtC9zvtR1XrrMTkmgViBTBXBxUsZapXSIBuUSRRFcJTnmgRvBUf/9nA== Completed in 16ms
3765 timing metavuln:calculate:security-advisory:sequelize-cli:OGNA5lR8rR8aeucWHqvJLBV5oaroI/lF2JfG9J2l63dx9uiGUyHuI4ymC6nv+dqWwxtqCIMcqBukiWYEiF5/RQ== Completed in 722ms
3766 timing metavuln:cache:get:security-advisory:@jest/core:03W5UBAiciMv+HbF52DVjKaiJDsW8n4o9l0N1bD9irL9aHp0XpkH6yRZbIXa21hJn/+RFQL1MCcLgDa/4eDK4w== Completed in 6ms
3767 timing metavuln:cache:get:security-advisory:@jest/transform:frAXQpmFOgCLjrxLELwz/nGg5XiK/ZNDWwX3TPmrK4kjdo/GsnOnUL1px5EXlvvS4e0p7qsR8mhVO87fIAkI8w== Completed in 5ms
3768 timing metavuln:cache:get:security-advisory:fast-glob:AbqaRkH/ah2E63AlsHQoSe4rzDu85g3nQo2oOGK8mDPpx8ODN4CyFz62hpRucknVgKWSODuNhHcd4w2oWa9y3w== Completed in 4ms
3769 timing metavuln:cache:get:security-advisory:jest-config:PG5LJK++mIH2P5/BoeATw87eF+FfSdFbgEqp2CbnYYA8L17aFlVzq09vZtR3BFwoyR+3hWRZY28YfyQmAblGOg== Completed in 3ms
3770 timing metavuln:cache:get:security-advisory:jest-haste-map:jM3bS1o4htRu+ACRH1gcErU4U2Iaalvaat1pZmyWiirmghW1371hURc/aE7fgn6m9mU4kt8GRZ0gy4wwGUZ7mQ== Completed in 3ms
3771 timing metavuln:cache:get:security-advisory:jest-message-util:9e3+mtFMiM85wWr/OL6NNUJH/DnoduwxZZ0/PtDHjHEr2KrplOGkwoZ+9A9Of+V7gemgG4bDnVLxA6nt6hgQOQ== Completed in 2ms
3772 http fetch GET 200 https://registry.npmjs.org/fast-glob 116ms (cache miss)
3773 timing metavuln:packument:fast-glob Completed in 117ms
3774 timing metavuln:load:security-advisory:fast-glob:TlYHmS8BZBwkbsPHbTfH2/e91KJnOnqfC63ZoKdiRy+yt6biPd8BwjBdyfPUht1+ZO675I3Gg00RQPYaWiOm8Q== Completed in 4ms
3775 timing metavuln:cache:put:security-advisory:fast-glob:AbqaRkH/ah2E63AlsHQoSe4rzDu85g3nQo2oOGK8mDPpx8ODN4CyFz62hpRucknVgKWSODuNhHcd4w2oWa9y3w== Completed in 24ms
3776 timing metavuln:calculate:security-advisory:fast-glob:TlYHmS8BZBwkbsPHbTfH2/e91KJnOnqfC63ZoKdiRy+yt6biPd8BwjBdyfPUht1+ZO675I3Gg00RQPYaWiOm8Q== Completed in 146ms
3777 http fetch GET 200 https://registry.npmjs.org/jest-message-util 160ms (cache miss)
3778 timing metavuln:packument:jest-message-util Completed in 162ms
3779 timing metavuln:load:security-advisory:jest-message-util:TlYHmS8BZBwkbsPHbTfH2/e91KJnOnqfC63ZoKdiRy+yt6biPd8BwjBdyfPUht1+ZO675I3Gg00RQPYaWiOm8Q== Completed in 8ms
3780 http fetch GET 200 https://registry.npmjs.org/jest-config 182ms (cache miss)
3781 timing metavuln:packument:jest-config Completed in 186ms
3782 timing metavuln:load:security-advisory:jest-config:TlYHmS8BZBwkbsPHbTfH2/e91KJnOnqfC63ZoKdiRy+yt6biPd8BwjBdyfPUht1+ZO675I3Gg00RQPYaWiOm8Q== Completed in 9ms
3783 timing metavuln:cache:put:security-advisory:jest-message-util:9e3+mtFMiM85wWr/OL6NNUJH/DnoduwxZZ0/PtDHjHEr2KrplOGkwoZ+9A9Of+V7gemgG4bDnVLxA6nt6hgQOQ== Completed in 37ms
3784 timing metavuln:calculate:security-advisory:jest-message-util:TlYHmS8BZBwkbsPHbTfH2/e91KJnOnqfC63ZoKdiRy+yt6biPd8BwjBdyfPUht1+ZO675I3Gg00RQPYaWiOm8Q== Completed in 207ms
3785 timing metavuln:cache:put:security-advisory:jest-config:PG5LJK++mIH2P5/BoeATw87eF+FfSdFbgEqp2CbnYYA8L17aFlVzq09vZtR3BFwoyR+3hWRZY28YfyQmAblGOg== Completed in 19ms
3786 timing metavuln:calculate:security-advisory:jest-config:TlYHmS8BZBwkbsPHbTfH2/e91KJnOnqfC63ZoKdiRy+yt6biPd8BwjBdyfPUht1+ZO675I3Gg00RQPYaWiOm8Q== Completed in 214ms
3787 http fetch GET 200 https://registry.npmjs.org/jest-haste-map 215ms (cache miss)
3788 timing metavuln:packument:jest-haste-map Completed in 219ms
3789 timing metavuln:load:security-advisory:jest-haste-map:TlYHmS8BZBwkbsPHbTfH2/e91KJnOnqfC63ZoKdiRy+yt6biPd8BwjBdyfPUht1+ZO675I3Gg00RQPYaWiOm8Q== Completed in 9ms
3790 http fetch GET 200 https://registry.npmjs.org/@jest%2ftransform 245ms (cache miss)
3791 timing metavuln:packument:@jest/transform Completed in 248ms
3792 timing metavuln:load:security-advisory:@jest/transform:TlYHmS8BZBwkbsPHbTfH2/e91KJnOnqfC63ZoKdiRy+yt6biPd8BwjBdyfPUht1+ZO675I3Gg00RQPYaWiOm8Q== Completed in 3ms
3793 timing metavuln:cache:put:security-advisory:jest-haste-map:jM3bS1o4htRu+ACRH1gcErU4U2Iaalvaat1pZmyWiirmghW1371hURc/aE7fgn6m9mU4kt8GRZ0gy4wwGUZ7mQ== Completed in 22ms
3794 timing metavuln:calculate:security-advisory:jest-haste-map:TlYHmS8BZBwkbsPHbTfH2/e91KJnOnqfC63ZoKdiRy+yt6biPd8BwjBdyfPUht1+ZO675I3Gg00RQPYaWiOm8Q== Completed in 250ms
3795 timing metavuln:cache:put:security-advisory:@jest/transform:frAXQpmFOgCLjrxLELwz/nGg5XiK/ZNDWwX3TPmrK4kjdo/GsnOnUL1px5EXlvvS4e0p7qsR8mhVO87fIAkI8w== Completed in 11ms
3796 timing metavuln:calculate:security-advisory:@jest/transform:TlYHmS8BZBwkbsPHbTfH2/e91KJnOnqfC63ZoKdiRy+yt6biPd8BwjBdyfPUht1+ZO675I3Gg00RQPYaWiOm8Q== Completed in 262ms
3797 http fetch GET 200 https://registry.npmjs.org/@jest%2fcore 312ms (cache miss)
3798 timing metavuln:packument:@jest/core Completed in 316ms
3799 timing metavuln:load:security-advisory:@jest/core:TlYHmS8BZBwkbsPHbTfH2/e91KJnOnqfC63ZoKdiRy+yt6biPd8BwjBdyfPUht1+ZO675I3Gg00RQPYaWiOm8Q== Completed in 4ms
3800 timing metavuln:cache:put:security-advisory:@jest/core:03W5UBAiciMv+HbF52DVjKaiJDsW8n4o9l0N1bD9irL9aHp0XpkH6yRZbIXa21hJn/+RFQL1MCcLgDa/4eDK4w== Completed in 11ms
3801 timing metavuln:calculate:security-advisory:@jest/core:TlYHmS8BZBwkbsPHbTfH2/e91KJnOnqfC63ZoKdiRy+yt6biPd8BwjBdyfPUht1+ZO675I3Gg00RQPYaWiOm8Q== Completed in 331ms
3802 timing metavuln:cache:get:security-advisory:postcss:tmHYDPE1UVxPaRKZT9ru10S2PG7HaFVF7Z4GmgB6cUo+mRoTCphDiou0e19GAujSzXwfRWgbN5N8PHmsKOoxPA== Completed in 2ms
3803 http fetch GET 200 https://registry.npmjs.org/rxjs/-/rxjs-7.8.1.tgz 33128ms (cache miss)
3804 timing reifyNode:node_modules/rxjs Completed in 33980ms
3805 http fetch GET 200 https://registry.npmjs.org/postcss 153ms (cache miss)
3806 timing metavuln:packument:postcss Completed in 157ms
3807 timing metavuln:load:security-advisory:postcss:SvMVdtEUVO5ESues2DL9aEFMy6oMG+saOn/tNitKJcx7q7CvMfC5ZcstpC8dbnZl5KL/q/3pYBvQrAPBFsC+nQ== Completed in 7ms
3808 timing metavuln:cache:put:security-advisory:postcss:tmHYDPE1UVxPaRKZT9ru10S2PG7HaFVF7Z4GmgB6cUo+mRoTCphDiou0e19GAujSzXwfRWgbN5N8PHmsKOoxPA== Completed in 7ms
3809 timing metavuln:calculate:security-advisory:postcss:SvMVdtEUVO5ESues2DL9aEFMy6oMG+saOn/tNitKJcx7q7CvMfC5ZcstpC8dbnZl5KL/q/3pYBvQrAPBFsC+nQ== Completed in 172ms
3810 timing metavuln:cache:get:security-advisory:fastify-method-override:ZDPGuMazvs7qKrue/+ZVigiFmeut/y23hQFlb/kCvBjOt63fLVBVFAAWAmB/N3sEQF7bxjwt50HiQTTJGyEpvQ== Completed in 2ms
3811 timing metavuln:load:security-advisory:fastify-method-override:TmkHz1g6xKc2pnDD1h6+ZDKMikxz0M1BBY/wyR9ER8446AKOUk6gXjoSR2douZ5enAllzNSKaynTW1H+LBi1CA== Completed in 1ms
3812 timing metavuln:cache:get:security-advisory:fastify-reverse-routes:E14+sZiQmNHMZ8DBhBeAvQL9a79kH5VraBSPDUqz5BJQ9sR1+a7NBZxGmZfAePmakPx+9euK8Dee7Ub1dqaKYA== Completed in 3ms
3813 timing metavuln:cache:put:security-advisory:fastify-method-override:ZDPGuMazvs7qKrue/+ZVigiFmeut/y23hQFlb/kCvBjOt63fLVBVFAAWAmB/N3sEQF7bxjwt50HiQTTJGyEpvQ== Completed in 13ms
3814 timing metavuln:calculate:security-advisory:fastify-method-override:TmkHz1g6xKc2pnDD1h6+ZDKMikxz0M1BBY/wyR9ER8446AKOUk6gXjoSR2douZ5enAllzNSKaynTW1H+LBi1CA== Completed in 16ms
3815 http fetch GET 200 https://registry.npmjs.org/fastify-reverse-routes 344ms (cache miss)
3816 timing metavuln:packument:fastify-reverse-routes Completed in 345ms
3817 timing metavuln:load:security-advisory:fastify-reverse-routes:TmkHz1g6xKc2pnDD1h6+ZDKMikxz0M1BBY/wyR9ER8446AKOUk6gXjoSR2douZ5enAllzNSKaynTW1H+LBi1CA== Completed in 0ms
3818 timing metavuln:cache:put:security-advisory:fastify-reverse-routes:E14+sZiQmNHMZ8DBhBeAvQL9a79kH5VraBSPDUqz5BJQ9sR1+a7NBZxGmZfAePmakPx+9euK8Dee7Ub1dqaKYA== Completed in 7ms
3819 timing metavuln:calculate:security-advisory:fastify-reverse-routes:TmkHz1g6xKc2pnDD1h6+ZDKMikxz0M1BBY/wyR9ER8446AKOUk6gXjoSR2douZ5enAllzNSKaynTW1H+LBi1CA== Completed in 352ms
3820 timing metavuln:cache:get:security-advisory:pug:Bod8uHjOpAFcodGsdvWZubJRAED6zypMgl3ly6hCbBJ4kIFKsF2l0fd9HBsYkM1DJmjCj+BxWBZMHfDPYyrFRQ== Completed in 1ms
3821 timing metavuln:load:security-advisory:pug:jYtA+ua4XfswkuObBtnwWn2fYvQUK4ca+Iv1+bqgs4mXRLiX4zUdwwNSawL0T4CvKtEq8q6TFgvFydQ8OKg+/Q== Completed in 2ms
3822 timing metavuln:cache:put:security-advisory:pug:Bod8uHjOpAFcodGsdvWZubJRAED6zypMgl3ly6hCbBJ4kIFKsF2l0fd9HBsYkM1DJmjCj+BxWBZMHfDPYyrFRQ== Completed in 8ms
3823 timing metavuln:calculate:security-advisory:pug:jYtA+ua4XfswkuObBtnwWn2fYvQUK4ca+Iv1+bqgs4mXRLiX4zUdwwNSawL0T4CvKtEq8q6TFgvFydQ8OKg+/Q== Completed in 12ms
3824 timing metavuln:cache:get:security-advisory:cacache:ZKKH6FeXVezCkmJxNdr8cb+cWhdTHbx9sSvBVh7Bt05r2WZFpcN8lnj7uzmuMTQ5c3MUcojkQiyKj2o2hwlvNQ== Completed in 3ms
3825 timing metavuln:load:security-advisory:cacache:XkIoP7Nf5iKP9YjMhFMb4neCa/uLRHRkTYo4Mvfph4wiuO48y3y1Gluh8DODgoAL3QlAsmTvISh8PEMP/u+YXA== Completed in 3ms
3826 timing metavuln:cache:get:security-advisory:node-gyp:So9Ghlj0YIsOMg5/v89tRGZI4GZ0Tgjxvu2QIKnF9p+/NX0gD3xeqzKmml5tbWTiLx4a/bAUghc+RqxIcITYPw== Completed in 7ms
3827 timing metavuln:cache:get:security-advisory:pacote:HmWoO57Ll1c/SzDCTCWEzlykZiBJDvMmiuXxfmePwyxvYE3FBu2JBH8oyGCX5hT1BzDLURCwK0YkQAn2ttmnDQ== Completed in 6ms
3828 timing metavuln:cache:get:security-advisory:sqlite3:ke7br+MH/O1VJ9UhOw59AQrWi1rjfmY8yZ5i8cYSjViY7yutiQ/2rTiAbK1yCh6R7iUdxDW18wNNMaIfVsT2OQ== Completed in 5ms
3829 timing metavuln:cache:put:security-advisory:cacache:ZKKH6FeXVezCkmJxNdr8cb+cWhdTHbx9sSvBVh7Bt05r2WZFpcN8lnj7uzmuMTQ5c3MUcojkQiyKj2o2hwlvNQ== Completed in 54ms
3830 timing metavuln:calculate:security-advisory:cacache:XkIoP7Nf5iKP9YjMhFMb4neCa/uLRHRkTYo4Mvfph4wiuO48y3y1Gluh8DODgoAL3QlAsmTvISh8PEMP/u+YXA== Completed in 60ms
3831 http fetch GET 200 https://registry.npmjs.org/node-gyp 109ms (cache miss)
3832 timing metavuln:packument:node-gyp Completed in 112ms
3833 timing metavuln:load:security-advisory:node-gyp:XkIoP7Nf5iKP9YjMhFMb4neCa/uLRHRkTYo4Mvfph4wiuO48y3y1Gluh8DODgoAL3QlAsmTvISh8PEMP/u+YXA== Completed in 9ms
3834 timing metavuln:cache:put:security-advisory:node-gyp:So9Ghlj0YIsOMg5/v89tRGZI4GZ0Tgjxvu2QIKnF9p+/NX0gD3xeqzKmml5tbWTiLx4a/bAUghc+RqxIcITYPw== Completed in 19ms
3835 timing metavuln:calculate:security-advisory:node-gyp:XkIoP7Nf5iKP9YjMhFMb4neCa/uLRHRkTYo4Mvfph4wiuO48y3y1Gluh8DODgoAL3QlAsmTvISh8PEMP/u+YXA== Completed in 141ms
3836 http fetch GET 200 https://registry.npmjs.org/pacote 158ms (cache miss)
3837 timing metavuln:packument:pacote Completed in 162ms
3838 timing metavuln:load:security-advisory:pacote:XkIoP7Nf5iKP9YjMhFMb4neCa/uLRHRkTYo4Mvfph4wiuO48y3y1Gluh8DODgoAL3QlAsmTvISh8PEMP/u+YXA== Completed in 9ms
3839 timing metavuln:cache:put:security-advisory:pacote:HmWoO57Ll1c/SzDCTCWEzlykZiBJDvMmiuXxfmePwyxvYE3FBu2JBH8oyGCX5hT1BzDLURCwK0YkQAn2ttmnDQ== Completed in 10ms
3840 timing metavuln:calculate:security-advisory:pacote:XkIoP7Nf5iKP9YjMhFMb4neCa/uLRHRkTYo4Mvfph4wiuO48y3y1Gluh8DODgoAL3QlAsmTvISh8PEMP/u+YXA== Completed in 182ms
3841 http fetch GET 200 https://registry.npmjs.org/sqlite3 300ms (cache miss)
3842 timing metavuln:packument:sqlite3 Completed in 302ms
3843 timing metavuln:load:security-advisory:sqlite3:XkIoP7Nf5iKP9YjMhFMb4neCa/uLRHRkTYo4Mvfph4wiuO48y3y1Gluh8DODgoAL3QlAsmTvISh8PEMP/u+YXA== Completed in 1ms
3844 timing metavuln:cache:put:security-advisory:sqlite3:ke7br+MH/O1VJ9UhOw59AQrWi1rjfmY8yZ5i8cYSjViY7yutiQ/2rTiAbK1yCh6R7iUdxDW18wNNMaIfVsT2OQ== Completed in 9ms
3845 timing metavuln:calculate:security-advisory:sqlite3:XkIoP7Nf5iKP9YjMhFMb4neCa/uLRHRkTYo4Mvfph4wiuO48y3y1Gluh8DODgoAL3QlAsmTvISh8PEMP/u+YXA== Completed in 312ms
3846 timing metavuln:cache:get:security-advisory:prebuild-install:jRqqdHWbOREw15H5SdurWE62CscvPSSYzDYeqtuoOjAS5T4a/EWVlt/5yu0vDTLEYuFXij3+w7qsCx2Gdyt/0A== Completed in 1ms
3847 http fetch GET 200 https://registry.npmjs.org/prebuild-install 99ms (cache miss)
3848 timing metavuln:packument:prebuild-install Completed in 100ms
3849 timing metavuln:load:security-advisory:prebuild-install:cvuUIK3mvYU/u7TShVqDjuuoWy7Jgl2iyysqZzndeGLLwvbCDiePQ/rot9wwSNqpYc8yRaszF/7dU1Uelp1dUw== Completed in 1ms
3850 timing metavuln:cache:put:security-advisory:prebuild-install:jRqqdHWbOREw15H5SdurWE62CscvPSSYzDYeqtuoOjAS5T4a/EWVlt/5yu0vDTLEYuFXij3+w7qsCx2Gdyt/0A== Completed in 7ms
3851 timing metavuln:calculate:security-advisory:prebuild-install:cvuUIK3mvYU/u7TShVqDjuuoWy7Jgl2iyysqZzndeGLLwvbCDiePQ/rot9wwSNqpYc8yRaszF/7dU1Uelp1dUw== Completed in 108ms
3852 timing metavuln:cache:get:security-advisory:sequelize:WP/J+bn63vzyhlFPu4gR5kILxEgdoa3SkHTx4OxjNEQkXzXPPFWVnAe7UrJ7qQH9YqkETnZXjCoBObFPCIcNYg== Completed in 0ms
3853 timing metavuln:load:security-advisory:sequelize:IkyJOqfhkev0E9tRX4zbgkqtsxJX67cd4upO2f1EheDpncnx522qyf9oLyXwjDcWGeZOQHSqJUAh/kUyYH60qQ== Completed in 41ms
3854 timing metavuln:cache:put:security-advisory:sequelize:WP/J+bn63vzyhlFPu4gR5kILxEgdoa3SkHTx4OxjNEQkXzXPPFWVnAe7UrJ7qQH9YqkETnZXjCoBObFPCIcNYg== Completed in 9ms
3855 timing metavuln:calculate:security-advisory:sequelize:IkyJOqfhkev0E9tRX4zbgkqtsxJX67cd4upO2f1EheDpncnx522qyf9oLyXwjDcWGeZOQHSqJUAh/kUyYH60qQ== Completed in 51ms
3856 timing metavuln:cache:get:security-advisory:@webpack-cli/configtest:b4m8NuooYTIA52NRofpykXKsNJXhI/hZokfJmZK3eMyZ91+Gy7N4DTPkKnSOjHMTDNtz3tKcpUaQlXgYolFajw== Completed in 9ms
3857 timing metavuln:cache:get:security-advisory:@webpack-cli/info:4Ds6078ZextuCWT6jXrsLa2Pd6hu32g4nY8H0+T8m+aNKVhEB+52Q1eUKB1D7t/Yrw589oA8B9wCx3mYH5Czxg== Completed in 8ms
3858 timing metavuln:cache:get:security-advisory:@webpack-cli/serve:P+MTiTWti/cexrtrDQJD8+RBcrtMy6Jp7vN92Es/wHBog8SMX86eBjTDijQuCnC+gyaCX0FrEqKPYrcWHqsQUA== Completed in 7ms
3859 timing metavuln:cache:get:security-advisory:css-loader:Ow76q8hhhU3MvyLxgnm1y/zYo7Fm99dr11gKzfApuH8ncvHl4guATrwKI/IqfjYipYNSdQJKvS0ecZLpxoiVmQ== Completed in 6ms
3860 timing metavuln:cache:get:security-advisory:mini-css-extract-plugin:G55y4j6io8Q0QytwZFEND0SCeOlZDD4Vj1H2U/A+S3fJbvRCbCyz3KTSkkMgsfR41LScHaNAhK7X/sWIKBGcAw== Completed in 6ms
3861 timing metavuln:cache:get:security-advisory:style-loader://zsLE/rNXdfMckNmpQNmCoWkrP2Nf7A28LGm4q43CiVrFNuxtrmx0tN+1t0mRm8jyGzzBYXQ9oXn2Zl71qHDA== Completed in 5ms
3862 timing metavuln:cache:get:security-advisory:terser-webpack-plugin:OYMC0geGD8QKOno0urEqU4CzSfBbjPVdXorYRugje09dSj0v95b22iyrJDHHzhuhDvgdM+pkY+8LIQ1bjQveVw== Completed in 4ms
3863 timing metavuln:cache:get:security-advisory:webpack-cli:NppzCdkvi81KMTMlBTFbaCoFY8gtVck+ljspUq01iJFvWJ0Elli7ukXQBmz7c1UtSEy7ZuJxrJ2UZIkY/mZfhg== Completed in 1ms
3864 timing metavuln:load:security-advisory:webpack-cli:IzHFkMfHDC+SV3IL23ZHngntgLDUgyESA9Ge8Mh5rKNVcDpaWLuTZIcoUJg4/bAH+BQlnDzJ4nLfJCy6fOIM0A== Completed in 23ms
3865 timing metavuln:cache:put:security-advisory:webpack-cli:NppzCdkvi81KMTMlBTFbaCoFY8gtVck+ljspUq01iJFvWJ0Elli7ukXQBmz7c1UtSEy7ZuJxrJ2UZIkY/mZfhg== Completed in 16ms
3866 timing metavuln:calculate:security-advisory:webpack-cli:IzHFkMfHDC+SV3IL23ZHngntgLDUgyESA9Ge8Mh5rKNVcDpaWLuTZIcoUJg4/bAH+BQlnDzJ4nLfJCy6fOIM0A== Completed in 41ms
3867 http fetch GET 200 https://registry.npmjs.org/@webpack-cli%2fserve 162ms (cache miss)
3868 timing metavuln:packument:@webpack-cli/serve Completed in 163ms
3869 timing metavuln:load:security-advisory:@webpack-cli/serve:IzHFkMfHDC+SV3IL23ZHngntgLDUgyESA9Ge8Mh5rKNVcDpaWLuTZIcoUJg4/bAH+BQlnDzJ4nLfJCy6fOIM0A== Completed in 1ms
3870 http fetch GET 200 https://registry.npmjs.org/@webpack-cli%2finfo 174ms (cache miss)
3871 timing metavuln:packument:@webpack-cli/info Completed in 175ms
3872 timing metavuln:load:security-advisory:@webpack-cli/info:IzHFkMfHDC+SV3IL23ZHngntgLDUgyESA9Ge8Mh5rKNVcDpaWLuTZIcoUJg4/bAH+BQlnDzJ4nLfJCy6fOIM0A== Completed in 1ms
3873 http fetch GET 200 https://registry.npmjs.org/style-loader 176ms (cache miss)
3874 timing metavuln:packument:style-loader Completed in 178ms
3875 timing metavuln:load:security-advisory:style-loader:IzHFkMfHDC+SV3IL23ZHngntgLDUgyESA9Ge8Mh5rKNVcDpaWLuTZIcoUJg4/bAH+BQlnDzJ4nLfJCy6fOIM0A== Completed in 9ms
3876 http fetch GET 200 https://registry.npmjs.org/css-loader 197ms (cache miss)
3877 timing metavuln:packument:css-loader Completed in 200ms
3878 timing metavuln:load:security-advisory:css-loader:IzHFkMfHDC+SV3IL23ZHngntgLDUgyESA9Ge8Mh5rKNVcDpaWLuTZIcoUJg4/bAH+BQlnDzJ4nLfJCy6fOIM0A== Completed in 5ms
3879 timing metavuln:cache:put:security-advisory:@webpack-cli/serve:P+MTiTWti/cexrtrDQJD8+RBcrtMy6Jp7vN92Es/wHBog8SMX86eBjTDijQuCnC+gyaCX0FrEqKPYrcWHqsQUA== Completed in 47ms
3880 timing metavuln:calculate:security-advisory:@webpack-cli/serve:IzHFkMfHDC+SV3IL23ZHngntgLDUgyESA9Ge8Mh5rKNVcDpaWLuTZIcoUJg4/bAH+BQlnDzJ4nLfJCy6fOIM0A== Completed in 211ms
3881 http fetch GET 200 https://registry.npmjs.org/terser-webpack-plugin 207ms (cache miss)
3882 timing metavuln:packument:terser-webpack-plugin Completed in 211ms
3883 timing metavuln:load:security-advisory:terser-webpack-plugin:IzHFkMfHDC+SV3IL23ZHngntgLDUgyESA9Ge8Mh5rKNVcDpaWLuTZIcoUJg4/bAH+BQlnDzJ4nLfJCy6fOIM0A== Completed in 5ms
3884 http fetch GET 200 https://registry.npmjs.org/mini-css-extract-plugin 222ms (cache miss)
3885 timing metavuln:packument:mini-css-extract-plugin Completed in 225ms
3886 timing metavuln:load:security-advisory:mini-css-extract-plugin:IzHFkMfHDC+SV3IL23ZHngntgLDUgyESA9Ge8Mh5rKNVcDpaWLuTZIcoUJg4/bAH+BQlnDzJ4nLfJCy6fOIM0A== Completed in 5ms
3887 timing metavuln:cache:put:security-advisory:@webpack-cli/info:4Ds6078ZextuCWT6jXrsLa2Pd6hu32g4nY8H0+T8m+aNKVhEB+52Q1eUKB1D7t/Yrw589oA8B9wCx3mYH5Czxg== Completed in 61ms
3888 timing metavuln:calculate:security-advisory:@webpack-cli/info:IzHFkMfHDC+SV3IL23ZHngntgLDUgyESA9Ge8Mh5rKNVcDpaWLuTZIcoUJg4/bAH+BQlnDzJ4nLfJCy6fOIM0A== Completed in 237ms
3889 timing metavuln:cache:put:security-advisory:style-loader://zsLE/rNXdfMckNmpQNmCoWkrP2Nf7A28LGm4q43CiVrFNuxtrmx0tN+1t0mRm8jyGzzBYXQ9oXn2Zl71qHDA== Completed in 52ms
3890 timing metavuln:calculate:security-advisory:style-loader:IzHFkMfHDC+SV3IL23ZHngntgLDUgyESA9Ge8Mh5rKNVcDpaWLuTZIcoUJg4/bAH+BQlnDzJ4nLfJCy6fOIM0A== Completed in 239ms
3891 timing metavuln:cache:put:security-advisory:css-loader:Ow76q8hhhU3MvyLxgnm1y/zYo7Fm99dr11gKzfApuH8ncvHl4guATrwKI/IqfjYipYNSdQJKvS0ecZLpxoiVmQ== Completed in 44ms
3892 timing metavuln:calculate:security-advisory:css-loader:IzHFkMfHDC+SV3IL23ZHngntgLDUgyESA9Ge8Mh5rKNVcDpaWLuTZIcoUJg4/bAH+BQlnDzJ4nLfJCy6fOIM0A== Completed in 249ms
3893 timing metavuln:cache:put:security-advisory:terser-webpack-plugin:OYMC0geGD8QKOno0urEqU4CzSfBbjPVdXorYRugje09dSj0v95b22iyrJDHHzhuhDvgdM+pkY+8LIQ1bjQveVw== Completed in 35ms
3894 timing metavuln:calculate:security-advisory:terser-webpack-plugin:IzHFkMfHDC+SV3IL23ZHngntgLDUgyESA9Ge8Mh5rKNVcDpaWLuTZIcoUJg4/bAH+BQlnDzJ4nLfJCy6fOIM0A== Completed in 251ms
3895 timing metavuln:cache:put:security-advisory:mini-css-extract-plugin:G55y4j6io8Q0QytwZFEND0SCeOlZDD4Vj1H2U/A+S3fJbvRCbCyz3KTSkkMgsfR41LScHaNAhK7X/sWIKBGcAw== Completed in 24ms
3896 timing metavuln:calculate:security-advisory:mini-css-extract-plugin:IzHFkMfHDC+SV3IL23ZHngntgLDUgyESA9Ge8Mh5rKNVcDpaWLuTZIcoUJg4/bAH+BQlnDzJ4nLfJCy6fOIM0A== Completed in 256ms
3897 http fetch GET 200 https://registry.npmjs.org/@webpack-cli%2fconfigtest 341ms (cache miss)
3898 timing metavuln:packument:@webpack-cli/configtest Completed in 342ms
3899 timing metavuln:load:security-advisory:@webpack-cli/configtest:IzHFkMfHDC+SV3IL23ZHngntgLDUgyESA9Ge8Mh5rKNVcDpaWLuTZIcoUJg4/bAH+BQlnDzJ4nLfJCy6fOIM0A== Completed in 0ms
3900 timing metavuln:cache:put:security-advisory:@webpack-cli/configtest:b4m8NuooYTIA52NRofpykXKsNJXhI/hZokfJmZK3eMyZ91+Gy7N4DTPkKnSOjHMTDNtz3tKcpUaQlXgYolFajw== Completed in 21ms
3901 timing metavuln:calculate:security-advisory:@webpack-cli/configtest:IzHFkMfHDC+SV3IL23ZHngntgLDUgyESA9Ge8Mh5rKNVcDpaWLuTZIcoUJg4/bAH+BQlnDzJ4nLfJCy6fOIM0A== Completed in 363ms
3902 timing metavuln:cache:get:security-advisory:fastify-error-page:jFLobgupm1ygdOxTlUvCIArNYaFGGKBaaLAoJ8OKqbKNtBGSdJkKNTpzczRFYEIoK/2FzNs3+s9I4+12F+M70A== Completed in 2ms
3903 http fetch GET 200 https://registry.npmjs.org/fastify-error-page 332ms (cache miss)
3904 timing metavuln:packument:fastify-error-page Completed in 333ms
3905 timing metavuln:load:security-advisory:fastify-error-page:GCj7wAVwXmpdpHsZ3FBltk4ddq703nJZceXkq77o3f+gaNLubEhWMdGOuTbsQUIPAj4PXvzoyIJlnaLab4wWyA== Completed in 0ms
3906 timing metavuln:cache:put:security-advisory:fastify-error-page:jFLobgupm1ygdOxTlUvCIArNYaFGGKBaaLAoJ8OKqbKNtBGSdJkKNTpzczRFYEIoK/2FzNs3+s9I4+12F+M70A== Completed in 8ms
3907 timing metavuln:calculate:security-advisory:fastify-error-page:GCj7wAVwXmpdpHsZ3FBltk4ddq703nJZceXkq77o3f+gaNLubEhWMdGOuTbsQUIPAj4PXvzoyIJlnaLab4wWyA== Completed in 341ms
3908 timing metavuln:cache:get:security-advisory:fastify:lycCXiLX7WYkPGWyOZfK/x2MyEabGa58Yp0NN6fq6Yb6R/bh9aYOAn3zOTXTfsMH3UEP1cjjw4Kj5YdQJT91Fg== Completed in 0ms
3909 timing metavuln:load:security-advisory:fastify:UfYeYMGFnlVOh6z1dqFizSqjGi7YyyQMRc3JQ1VnZ/OBVx1zGC6e+b6mEKG/IaRMMtjP5WJ2749QJ6iB38mozA== Completed in 12ms
3910 timing metavuln:cache:put:security-advisory:fastify:lycCXiLX7WYkPGWyOZfK/x2MyEabGa58Yp0NN6fq6Yb6R/bh9aYOAn3zOTXTfsMH3UEP1cjjw4Kj5YdQJT91Fg== Completed in 10ms
3911 timing metavuln:calculate:security-advisory:fastify:UfYeYMGFnlVOh6z1dqFizSqjGi7YyyQMRc3JQ1VnZ/OBVx1zGC6e+b6mEKG/IaRMMtjP5WJ2749QJ6iB38mozA== Completed in 25ms
3912 timing metavuln:cache:get:security-advisory:socks-proxy-agent:O35lPVDdakgt3PlMJ9Zvn535r+Rq41+Bl/9fFt/aDDpWq0oHeg7o+DHqp/GCXtD2sFx/QS2MkwRqg1u8nOKHkQ== Completed in 2ms
3913 http fetch GET 200 https://registry.npmjs.org/socks-proxy-agent 267ms (cache miss)
3914 timing metavuln:packument:socks-proxy-agent Completed in 267ms
3915 timing metavuln:load:security-advisory:socks-proxy-agent:re7e5WgYC0N2yCcyKEpIVOef1b0RSDx7Y0SpqokON2S0og4NBc+basQ12t25Rom7giF5cYm2S3iMuCSJlhszhQ== Completed in 3ms
3916 timing metavuln:cache:put:security-advisory:socks-proxy-agent:O35lPVDdakgt3PlMJ9Zvn535r+Rq41+Bl/9fFt/aDDpWq0oHeg7o+DHqp/GCXtD2sFx/QS2MkwRqg1u8nOKHkQ== Completed in 9ms
3917 timing metavuln:calculate:security-advisory:socks-proxy-agent:re7e5WgYC0N2yCcyKEpIVOef1b0RSDx7Y0SpqokON2S0og4NBc+basQ12t25Rom7giF5cYm2S3iMuCSJlhszhQ== Completed in 282ms
3918 timing metavuln:cache:get:security-advisory:make-fetch-happen:0LJLaUsTsOTt0bj1OL3cqVYrk7lvpgXvpzJ2UUd8Cb3Y8Timfa9H/X57YLz6DYaaz6ITAYUkP7q6s7RCZzsPRA== Completed in 2ms
3919 timing metavuln:cache:get:security-advisory:pacote:fdHRUjIzPHbEPkiEGBOF084+8qC5myz6KFe073YGrK/hEJ/Bts3/qQTt8duUEvkNDN3YiPL3fMK14HiOP4ZAmQ== Completed in 1ms
3920 timing metavuln:load:security-advisory:pacote:ZKKH6FeXVezCkmJxNdr8cb+cWhdTHbx9sSvBVh7Bt05r2WZFpcN8lnj7uzmuMTQ5c3MUcojkQiyKj2o2hwlvNQ== Completed in 13ms
3921 timing metavuln:cache:put:security-advisory:pacote:fdHRUjIzPHbEPkiEGBOF084+8qC5myz6KFe073YGrK/hEJ/Bts3/qQTt8duUEvkNDN3YiPL3fMK14HiOP4ZAmQ== Completed in 9ms
3922 timing metavuln:calculate:security-advisory:pacote:ZKKH6FeXVezCkmJxNdr8cb+cWhdTHbx9sSvBVh7Bt05r2WZFpcN8lnj7uzmuMTQ5c3MUcojkQiyKj2o2hwlvNQ== Completed in 23ms
3923 http fetch GET 200 https://registry.npmjs.org/make-fetch-happen 110ms (cache miss)
3924 timing metavuln:packument:make-fetch-happen Completed in 112ms
3925 timing metavuln:load:security-advisory:make-fetch-happen:ZKKH6FeXVezCkmJxNdr8cb+cWhdTHbx9sSvBVh7Bt05r2WZFpcN8lnj7uzmuMTQ5c3MUcojkQiyKj2o2hwlvNQ== Completed in 4ms
3926 timing metavuln:cache:put:security-advisory:make-fetch-happen:0LJLaUsTsOTt0bj1OL3cqVYrk7lvpgXvpzJ2UUd8Cb3Y8Timfa9H/X57YLz6DYaaz6ITAYUkP7q6s7RCZzsPRA== Completed in 10ms
3927 timing metavuln:calculate:security-advisory:make-fetch-happen:ZKKH6FeXVezCkmJxNdr8cb+cWhdTHbx9sSvBVh7Bt05r2WZFpcN8lnj7uzmuMTQ5c3MUcojkQiyKj2o2hwlvNQ== Completed in 127ms
3928 timing metavuln:cache:get:security-advisory:@npmcli/run-script:t/F/6nLeHFJZpdFt48fAkOTioY2XzuqnHYN2TwmauE6R0psfJ3BU8j4rkTdYclbIRzewTTBgVa7kK7jj/e0aug== Completed in 1ms
3929 timing metavuln:cache:get:security-advisory:sqlite3:SvVTZ72ZvHplHNkrCIRyTUOLny8IWXY/EGl7YyLkPWdJwjBpLvLCopjXECkT6XY8IyaPi7p5A/676y8Cb1b6Rw== Completed in 0ms
3930 timing metavuln:load:security-advisory:sqlite3:So9Ghlj0YIsOMg5/v89tRGZI4GZ0Tgjxvu2QIKnF9p+/NX0gD3xeqzKmml5tbWTiLx4a/bAUghc+RqxIcITYPw== Completed in 3ms
3931 timing metavuln:cache:put:security-advisory:sqlite3:SvVTZ72ZvHplHNkrCIRyTUOLny8IWXY/EGl7YyLkPWdJwjBpLvLCopjXECkT6XY8IyaPi7p5A/676y8Cb1b6Rw== Completed in 12ms
3932 timing metavuln:calculate:security-advisory:sqlite3:So9Ghlj0YIsOMg5/v89tRGZI4GZ0Tgjxvu2QIKnF9p+/NX0gD3xeqzKmml5tbWTiLx4a/bAUghc+RqxIcITYPw== Completed in 15ms
3933 http fetch GET 200 https://registry.npmjs.org/@npmcli%2frun-script 156ms (cache miss)
3934 timing metavuln:packument:@npmcli/run-script Completed in 157ms
3935 timing metavuln:load:security-advisory:@npmcli/run-script:So9Ghlj0YIsOMg5/v89tRGZI4GZ0Tgjxvu2QIKnF9p+/NX0gD3xeqzKmml5tbWTiLx4a/bAUghc+RqxIcITYPw== Completed in 6ms
3936 timing metavuln:cache:put:security-advisory:@npmcli/run-script:t/F/6nLeHFJZpdFt48fAkOTioY2XzuqnHYN2TwmauE6R0psfJ3BU8j4rkTdYclbIRzewTTBgVa7kK7jj/e0aug== Completed in 10ms
3937 timing metavuln:calculate:security-advisory:@npmcli/run-script:So9Ghlj0YIsOMg5/v89tRGZI4GZ0Tgjxvu2QIKnF9p+/NX0gD3xeqzKmml5tbWTiLx4a/bAUghc+RqxIcITYPw== Completed in 174ms
3938 timing metavuln:cache:get:security-advisory:npm-check-updates:JNpkTVVUsRobd+p6uh3iVIl4HIHUG9bCV83rAoBjbtwVa04kVw0x+lAagVOroay3mXsz8ResBCYrchRs3oo53w== Completed in 1ms
3939 timing metavuln:load:security-advisory:npm-check-updates:HmWoO57Ll1c/SzDCTCWEzlykZiBJDvMmiuXxfmePwyxvYE3FBu2JBH8oyGCX5hT1BzDLURCwK0YkQAn2ttmnDQ== Completed in 33ms
3940 timing metavuln:cache:put:security-advisory:npm-check-updates:JNpkTVVUsRobd+p6uh3iVIl4HIHUG9bCV83rAoBjbtwVa04kVw0x+lAagVOroay3mXsz8ResBCYrchRs3oo53w== Completed in 12ms
3941 timing metavuln:calculate:security-advisory:npm-check-updates:HmWoO57Ll1c/SzDCTCWEzlykZiBJDvMmiuXxfmePwyxvYE3FBu2JBH8oyGCX5hT1BzDLURCwK0YkQAn2ttmnDQ== Completed in 46ms
3942 timing metavuln:cache:get:security-advisory:@sigstore/sign:10l9g7lyOtUiaymJIzakQwyDh7u0SngaoMyiGKDxdQ25uMECk49CUPcd0df6TQWPSewvJ5miEwn4cD1IhNUejQ== Completed in 5ms
3943 timing metavuln:cache:get:security-advisory:npm-check-updates:3i8lRzcsAkI/tZLiNQj4DOxGh0NQ1+tqu4pYIrb/UT/KemyfHRef0AUgZE7e+4JuuOvnU+jryHK2Vq9f1x9ZPA== Completed in 5ms
3944 timing metavuln:load:security-advisory:npm-check-updates:0LJLaUsTsOTt0bj1OL3cqVYrk7lvpgXvpzJ2UUd8Cb3Y8Timfa9H/X57YLz6DYaaz6ITAYUkP7q6s7RCZzsPRA== Completed in 10ms
3945 timing metavuln:cache:get:security-advisory:npm-registry-fetch:wRvnQS3WXC0uMZ7AhOVXM3YmmvsfbnTHUqtmHO7ChONmdK7tMdSmrvWYbVApc+lpCHeP0Y+OrXot1sPrO5lOpA== Completed in 15ms
3946 timing metavuln:cache:get:security-advisory:sigstore:j6kUgwrDckHD7tQcTecqXu3x7u40pZu/SPOwRt0J9JjkDu1TyEGhnQPxywVaK9+Oc7a/WCh+Am9wyg08r/CXiQ== Completed in 15ms
3947 timing metavuln:cache:get:security-advisory:tuf-js:AmhgF0Zj4tGR38DkGGkmAGHBUI5eiXrnbeM91EelsxyC3F4AOJ4j3GZe0tAWRSFn+pQyaPpnaSjJu+5NjD0xng== Completed in 14ms
3948 timing metavuln:cache:get:security-advisory:node-gyp:UJ4r2qM6avZry6QP2R4Y8NF69NBv99SrxA+RB86R7cjWfhxNFmpSjSbRT41hKkhGk3o5gptyZkyG+hgnpAhwqw== Completed in 13ms
3949 timing metavuln:load:security-advisory:node-gyp:0LJLaUsTsOTt0bj1OL3cqVYrk7lvpgXvpzJ2UUd8Cb3Y8Timfa9H/X57YLz6DYaaz6ITAYUkP7q6s7RCZzsPRA== Completed in 5ms
3950 timing metavuln:cache:put:security-advisory:npm-check-updates:3i8lRzcsAkI/tZLiNQj4DOxGh0NQ1+tqu4pYIrb/UT/KemyfHRef0AUgZE7e+4JuuOvnU+jryHK2Vq9f1x9ZPA== Completed in 23ms
3951 timing metavuln:calculate:security-advisory:npm-check-updates:0LJLaUsTsOTt0bj1OL3cqVYrk7lvpgXvpzJ2UUd8Cb3Y8Timfa9H/X57YLz6DYaaz6ITAYUkP7q6s7RCZzsPRA== Completed in 38ms
3952 timing metavuln:cache:put:security-advisory:node-gyp:UJ4r2qM6avZry6QP2R4Y8NF69NBv99SrxA+RB86R7cjWfhxNFmpSjSbRT41hKkhGk3o5gptyZkyG+hgnpAhwqw== Completed in 17ms
3953 timing metavuln:calculate:security-advisory:node-gyp:0LJLaUsTsOTt0bj1OL3cqVYrk7lvpgXvpzJ2UUd8Cb3Y8Timfa9H/X57YLz6DYaaz6ITAYUkP7q6s7RCZzsPRA== Completed in 35ms
3954 http fetch GET 200 https://registry.npmjs.org/sigstore 104ms (cache miss)
3955 timing metavuln:packument:sigstore Completed in 106ms
3956 timing metavuln:load:security-advisory:sigstore:0LJLaUsTsOTt0bj1OL3cqVYrk7lvpgXvpzJ2UUd8Cb3Y8Timfa9H/X57YLz6DYaaz6ITAYUkP7q6s7RCZzsPRA== Completed in 1ms
3957 timing metavuln:cache:put:security-advisory:sigstore:j6kUgwrDckHD7tQcTecqXu3x7u40pZu/SPOwRt0J9JjkDu1TyEGhnQPxywVaK9+Oc7a/WCh+Am9wyg08r/CXiQ== Completed in 8ms
3958 timing metavuln:calculate:security-advisory:sigstore:0LJLaUsTsOTt0bj1OL3cqVYrk7lvpgXvpzJ2UUd8Cb3Y8Timfa9H/X57YLz6DYaaz6ITAYUkP7q6s7RCZzsPRA== Completed in 116ms
3959 http fetch GET 200 https://registry.npmjs.org/tuf-js 308ms (cache miss)
3960 timing metavuln:packument:tuf-js Completed in 309ms
3961 timing metavuln:load:security-advisory:tuf-js:0LJLaUsTsOTt0bj1OL3cqVYrk7lvpgXvpzJ2UUd8Cb3Y8Timfa9H/X57YLz6DYaaz6ITAYUkP7q6s7RCZzsPRA== Completed in 1ms
3962 http fetch GET 200 https://registry.npmjs.org/npm-registry-fetch 322ms (cache miss)
3963 timing metavuln:packument:npm-registry-fetch Completed in 324ms
3964 timing metavuln:load:security-advisory:npm-registry-fetch:0LJLaUsTsOTt0bj1OL3cqVYrk7lvpgXvpzJ2UUd8Cb3Y8Timfa9H/X57YLz6DYaaz6ITAYUkP7q6s7RCZzsPRA== Completed in 7ms
3965 timing metavuln:cache:put:security-advisory:tuf-js:AmhgF0Zj4tGR38DkGGkmAGHBUI5eiXrnbeM91EelsxyC3F4AOJ4j3GZe0tAWRSFn+pQyaPpnaSjJu+5NjD0xng== Completed in 22ms
3966 timing metavuln:calculate:security-advisory:tuf-js:0LJLaUsTsOTt0bj1OL3cqVYrk7lvpgXvpzJ2UUd8Cb3Y8Timfa9H/X57YLz6DYaaz6ITAYUkP7q6s7RCZzsPRA== Completed in 333ms
3967 timing metavuln:cache:put:security-advisory:npm-registry-fetch:wRvnQS3WXC0uMZ7AhOVXM3YmmvsfbnTHUqtmHO7ChONmdK7tMdSmrvWYbVApc+lpCHeP0Y+OrXot1sPrO5lOpA== Completed in 11ms
3968 timing metavuln:calculate:security-advisory:npm-registry-fetch:0LJLaUsTsOTt0bj1OL3cqVYrk7lvpgXvpzJ2UUd8Cb3Y8Timfa9H/X57YLz6DYaaz6ITAYUkP7q6s7RCZzsPRA== Completed in 342ms
3969 http fetch GET 200 https://registry.npmjs.org/@sigstore%2fsign 356ms (cache miss)
3970 timing metavuln:packument:@sigstore/sign Completed in 357ms
3971 timing metavuln:load:security-advisory:@sigstore/sign:0LJLaUsTsOTt0bj1OL3cqVYrk7lvpgXvpzJ2UUd8Cb3Y8Timfa9H/X57YLz6DYaaz6ITAYUkP7q6s7RCZzsPRA== Completed in 2ms
3972 timing metavuln:cache:put:security-advisory:@sigstore/sign:10l9g7lyOtUiaymJIzakQwyDh7u0SngaoMyiGKDxdQ25uMECk49CUPcd0df6TQWPSewvJ5miEwn4cD1IhNUejQ== Completed in 9ms
3973 timing metavuln:calculate:security-advisory:@sigstore/sign:0LJLaUsTsOTt0bj1OL3cqVYrk7lvpgXvpzJ2UUd8Cb3Y8Timfa9H/X57YLz6DYaaz6ITAYUkP7q6s7RCZzsPRA== Completed in 368ms
3974 timing metavuln:cache:get:security-advisory:pacote:e1czRYCwdHyjajAuVd871uqLQCs6PAdF9ZuE0Rzcng7ya6lyqxTjQcd28M1lnRGxUNR3GCN/Le6saL8C0T9Ydw== Completed in 1ms
3975 timing metavuln:load:security-advisory:pacote:t/F/6nLeHFJZpdFt48fAkOTioY2XzuqnHYN2TwmauE6R0psfJ3BU8j4rkTdYclbIRzewTTBgVa7kK7jj/e0aug== Completed in 6ms
3976 timing metavuln:cache:put:security-advisory:pacote:e1czRYCwdHyjajAuVd871uqLQCs6PAdF9ZuE0Rzcng7ya6lyqxTjQcd28M1lnRGxUNR3GCN/Le6saL8C0T9Ydw== Completed in 14ms
3977 timing metavuln:calculate:security-advisory:pacote:t/F/6nLeHFJZpdFt48fAkOTioY2XzuqnHYN2TwmauE6R0psfJ3BU8j4rkTdYclbIRzewTTBgVa7kK7jj/e0aug== Completed in 21ms
3978 timing metavuln:cache:get:security-advisory:pacote:T0/NHJBvig50mBwOky1jRkA9GFCAmeFg6bhNckML60AFifDiMEQE4mDWCMFCL3a5UOr27w2gZLbEbSu6r5ZsYA== Completed in 1ms
3979 timing metavuln:load:security-advisory:pacote:j6kUgwrDckHD7tQcTecqXu3x7u40pZu/SPOwRt0J9JjkDu1TyEGhnQPxywVaK9+Oc7a/WCh+Am9wyg08r/CXiQ== Completed in 4ms
3980 timing metavuln:cache:put:security-advisory:pacote:T0/NHJBvig50mBwOky1jRkA9GFCAmeFg6bhNckML60AFifDiMEQE4mDWCMFCL3a5UOr27w2gZLbEbSu6r5ZsYA== Completed in 9ms
3981 timing metavuln:calculate:security-advisory:pacote:j6kUgwrDckHD7tQcTecqXu3x7u40pZu/SPOwRt0J9JjkDu1TyEGhnQPxywVaK9+Oc7a/WCh+Am9wyg08r/CXiQ== Completed in 16ms
3982 timing metavuln:cache:get:security-advisory:@sigstore/tuf:hR0eqHPFDh/eUx01kNZ5WglnFhJW4NtHSHL7jjM/jl2YgI+DwgqqbMJxQ5AIMnBFLn5mFmTiGdLfpvvhLwbPrQ== Completed in 2ms
3983 http fetch GET 200 https://registry.npmjs.org/@sigstore%2ftuf 301ms (cache miss)
3984 timing metavuln:packument:@sigstore/tuf Completed in 302ms
3985 timing metavuln:load:security-advisory:@sigstore/tuf:AmhgF0Zj4tGR38DkGGkmAGHBUI5eiXrnbeM91EelsxyC3F4AOJ4j3GZe0tAWRSFn+pQyaPpnaSjJu+5NjD0xng== Completed in 2ms
3986 timing metavuln:cache:put:security-advisory:@sigstore/tuf:hR0eqHPFDh/eUx01kNZ5WglnFhJW4NtHSHL7jjM/jl2YgI+DwgqqbMJxQ5AIMnBFLn5mFmTiGdLfpvvhLwbPrQ== Completed in 31ms
3987 timing metavuln:calculate:security-advisory:@sigstore/tuf:AmhgF0Zj4tGR38DkGGkmAGHBUI5eiXrnbeM91EelsxyC3F4AOJ4j3GZe0tAWRSFn+pQyaPpnaSjJu+5NjD0xng== Completed in 335ms
3988 timing metavuln:cache:get:security-advisory:pacote:KxEQ4Yvd0pcGgvnqxHqTwxeHnhnjVZjYM9xw3S+kIjEzfQ+8BbZo/W3o7hoLiZQRsLBHrsl25NVR/sK1obcmdQ== Completed in 2ms
3989 timing metavuln:load:security-advisory:pacote:wRvnQS3WXC0uMZ7AhOVXM3YmmvsfbnTHUqtmHO7ChONmdK7tMdSmrvWYbVApc+lpCHeP0Y+OrXot1sPrO5lOpA== Completed in 9ms
3990 timing metavuln:cache:put:security-advisory:pacote:KxEQ4Yvd0pcGgvnqxHqTwxeHnhnjVZjYM9xw3S+kIjEzfQ+8BbZo/W3o7hoLiZQRsLBHrsl25NVR/sK1obcmdQ== Completed in 29ms
3991 timing metavuln:calculate:security-advisory:pacote:wRvnQS3WXC0uMZ7AhOVXM3YmmvsfbnTHUqtmHO7ChONmdK7tMdSmrvWYbVApc+lpCHeP0Y+OrXot1sPrO5lOpA== Completed in 40ms
3992 timing metavuln:cache:get:security-advisory:sigstore:3YBiF0Xif/BrfI6b2MqbEWN/4nJxSEri5r55mOzdGCI7Y9rFpqbaO9k7sLS3F6r9u29tNs26+azEHNTTvj0siQ== Completed in 1ms
3993 timing metavuln:load:security-advisory:sigstore:10l9g7lyOtUiaymJIzakQwyDh7u0SngaoMyiGKDxdQ25uMECk49CUPcd0df6TQWPSewvJ5miEwn4cD1IhNUejQ== Completed in 2ms
3994 timing metavuln:cache:put:security-advisory:sigstore:3YBiF0Xif/BrfI6b2MqbEWN/4nJxSEri5r55mOzdGCI7Y9rFpqbaO9k7sLS3F6r9u29tNs26+azEHNTTvj0siQ== Completed in 30ms
3995 timing metavuln:calculate:security-advisory:sigstore:10l9g7lyOtUiaymJIzakQwyDh7u0SngaoMyiGKDxdQ25uMECk49CUPcd0df6TQWPSewvJ5miEwn4cD1IhNUejQ== Completed in 34ms
3996 timing metavuln:cache:get:security-advisory:sigstore:aITOn0FupFZDbwkk3wN1GSTIV3B37EczjtUAPfwtybyIZWoX7F891PyZ+hFptLzV1SKZVLofgoDKNBcksoF8Uw== Completed in 2ms
3997 timing metavuln:load:security-advisory:sigstore:hR0eqHPFDh/eUx01kNZ5WglnFhJW4NtHSHL7jjM/jl2YgI+DwgqqbMJxQ5AIMnBFLn5mFmTiGdLfpvvhLwbPrQ== Completed in 1ms
3998 timing metavuln:cache:put:security-advisory:sigstore:aITOn0FupFZDbwkk3wN1GSTIV3B37EczjtUAPfwtybyIZWoX7F891PyZ+hFptLzV1SKZVLofgoDKNBcksoF8Uw== Completed in 27ms
3999 timing metavuln:calculate:security-advisory:sigstore:hR0eqHPFDh/eUx01kNZ5WglnFhJW4NtHSHL7jjM/jl2YgI+DwgqqbMJxQ5AIMnBFLn5mFmTiGdLfpvvhLwbPrQ== Completed in 31ms
4000 timing auditReport:init Completed in 29783ms
4001 timing reify:audit Completed in 37229ms
4002 http fetch GET 200 https://registry.npmjs.org/date-fns/-/date-fns-2.30.0.tgz 42793ms (cache miss)
4003 timing reifyNode:node_modules/date-fns Completed in 44037ms
4004 timing reify:unpack Completed in 44132ms
4005 timing reify:unretire Completed in 1ms
4006 timing build:queue Completed in 76ms
4007 timing build:link:node_modules/jest-cli Completed in 8ms
4008 timing build:link:node_modules/@babel/parser Completed in 34ms
4009 timing build:link:node_modules/@istanbuljs/load-nyc-config/node_modules/js-yaml Completed in 25ms
4010 timing build:link:node_modules/@npmcli/git/node_modules/which Completed in 25ms
4011 timing build:link:node_modules/@npmcli/promise-spawn/node_modules/which Completed in 25ms
4012 timing build:link:node_modules/@babel/core/node_modules/semver Completed in 26ms
4013 timing build:link:node_modules/@babel/helper-compilation-targets/node_modules/semver Completed in 25ms
4014 timing build:link:node_modules/@npmcli/run-script/node_modules/which Completed in 25ms
4015 timing build:link:node_modules/babel-plugin-istanbul/node_modules/semver Completed in 25ms
4016 timing build:link:node_modules/fastify-cli/node_modules/pino-pretty Completed in 24ms
4017 timing build:link:node_modules/js-beautify/node_modules/nopt Completed in 24ms
4018 timing build:link:node_modules/fastify-objectionjs/node_modules/knex Completed in 25ms
4019 timing build:link:node_modules/eslint-plugin-import/node_modules/semver Completed in 25ms
4020 timing build:link:node_modules/is-expression/node_modules/acorn Completed in 25ms
4021 timing build:link:node_modules/browserslist Completed in 35ms
4022 timing build:link:node_modules/node-gyp/node_modules/nopt Completed in 25ms
4023 timing build:link:node_modules/eslint-config-airbnb-base/node_modules/semver Completed in 26ms
4024 timing build:link:node_modules/concurrently Completed in 35ms
4025 timing build:link:node_modules/color-support Completed in 35ms
4026 timing build:link:node_modules/create-jest Completed in 34ms
4027 timing build:link:node_modules/eslint Completed in 33ms
4028 timing build:link:node_modules/@fastify/secure-session Completed in 36ms
4029 timing build:link:node_modules/cssesc Completed in 34ms
4030 timing build:link:node_modules/envinfo Completed in 34ms
4031 timing build:link:node_modules/editorconfig Completed in 34ms
4032 timing build:link:node_modules/fastify-cli Completed in 33ms
4033 timing build:link:node_modules/generify Completed in 33ms
4034 timing build:link:node_modules/glob Completed in 33ms
4035 timing build:link:node_modules/acorn Completed in 35ms
4036 timing build:link:node_modules/@npmcli/installed-package-contents Completed in 35ms
4037 timing build:link:node_modules/import-local Completed in 33ms
4038 timing build:link:node_modules/sqlite3/node_modules/node-gyp Completed in 24ms
4039 timing build:link:node_modules/npm-check-updates/node_modules/rimraf Completed in 24ms
4040 timing build:link:node_modules/esprima Completed in 33ms
4041 timing build:link:node_modules/js-yaml Completed in 31ms
4042 timing build:link:node_modules/js-beautify Completed in 33ms
4043 timing build:link:node_modules/is-docker Completed in 33ms
4044 timing build:link:node_modules/is-ci Completed in 33ms
4045 timing build:link:node_modules/knex Completed in 32ms
4046 timing build:link:node_modules/jest Completed in 33ms
4047 timing build:link:node_modules/markdown-it Completed in 32ms
4048 timing build:link:node_modules/json5 Completed in 32ms
4049 timing build:link:node_modules/jsesc Completed in 32ms
4050 timing build:link:node_modules/node-gyp Completed in 31ms
4051 timing build:link:node_modules/nanoid Completed in 31ms
4052 timing build:link:node_modules/mustache Completed in 31ms
4053 timing build:link:node_modules/mime Completed in 32ms
4054 timing build:link:node_modules/mkdirp Completed in 32ms
4055 timing build:link:node_modules/npm-check-updates Completed in 31ms
4056 timing build:link:node_modules/node-gyp-build Completed in 31ms
4057 timing build:link:node_modules/pino Completed in 30ms
4058 timing build:link:node_modules/nopt Completed in 31ms
4059 timing build:link:node_modules/parse-github-url Completed in 30ms
4060 timing build:link:node_modules/pino-pretty Completed in 30ms
4061 timing build:link:node_modules/prebuild-install Completed in 30ms
4062 timing build:link:node_modules/pacote Completed in 30ms
4063 timing build:link:node_modules/semver Completed in 29ms
4064 timing build:link:node_modules/rc Completed in 30ms
4065 timing build:link:node_modules/rimraf Completed in 29ms
4066 timing build:link:node_modules/sigstore Completed in 29ms
4067 timing build:link:node_modules/resolve Completed in 29ms
4068 timing build:link:node_modules/sequelize-cli Completed in 30ms
4069 timing build:link:node_modules/terser Completed in 30ms
4070 timing build:link:node_modules/webpack Completed in 29ms
4071 timing build:link:node_modules/tree-kill Completed in 29ms
4072 timing build:link:node_modules/update-browserslist-db Completed in 29ms
4073 timing build:link:node_modules/uuid Completed in 29ms
4074 timing build:link:node_modules/webpack-cli Completed in 29ms
4075 timing build:link:node_modules/which Completed in 29ms
4076 timing build:link:node_modules/tsconfig-paths/node_modules/json5 Completed in 27ms
4077 timing build:link Completed in 40ms
4078 info run @vscode/sqlite3@5.1.2 install node_modules/@vscode/sqlite3 node-gyp rebuild
4079 info run better-sqlite3@8.7.0 install node_modules/better-sqlite3 prebuild-install || node-gyp rebuild --release
4080 info run sodium-native@4.1.1 install node_modules/sodium-native node-gyp-build
4081 info run sqlite3@5.1.7 install node_modules/sqlite3 prebuild-install -r napi || node-gyp rebuild
4082 info run sodium-native@4.1.1 install { code: 0, signal: null }
4083 timing build:run:install:node_modules/sodium-native Completed in 104ms
4084 info run sqlite3@5.1.7 install { code: 0, signal: null }
4085 timing build:run:install:node_modules/sqlite3 Completed in 1371ms
4086 info run better-sqlite3@8.7.0 install { code: 0, signal: null }
4087 timing build:run:install:node_modules/better-sqlite3 Completed in 1667ms
4088 info run @vscode/sqlite3@5.1.2 install { code: 0, signal: null }
4089 timing build:run:install:node_modules/@vscode/sqlite3 Completed in 105118ms
4090 timing build:run:install Completed in 105118ms
4091 info run es5-ext@0.10.64 postinstall node_modules/es5-ext  node -e "try{require('./_postinstall')}catch(e){}" || exit 0
4092 info run es5-ext@0.10.64 postinstall { code: 0, signal: null }
4093 timing build:run:postinstall:node_modules/es5-ext Completed in 62ms
4094 timing build:run:postinstall Completed in 62ms
4095 timing build:deps Completed in 105296ms
4096 timing build Completed in 105297ms
4097 timing reify:build Completed in 105300ms
4098 timing reify:trash Completed in 1ms
4099 timing reify:save Completed in 432ms
4100 timing reify Completed in 151167ms
4101 silly ADD node_modules/youch
4102 silly ADD node_modules/youch/node_modules/cookie
4103 silly ADD node_modules/yocto-queue
4104 silly ADD node_modules/yargs-parser
4105 silly ADD node_modules/yargs
4106 silly ADD node_modules/yallist
4107 silly ADD node_modules/y18n
4108 silly ADD node_modules/xtend
4109 silly ADD node_modules/xdg-basedir
4110 silly ADD node_modules/write-file-atomic
4111 silly ADD node_modules/wrappy
4112 silly ADD node_modules/wrap-ansi-cjs
4113 silly ADD node_modules/wrap-ansi
4114 silly ADD node_modules/wrap-ansi/node_modules/strip-ansi
4115 silly ADD node_modules/wrap-ansi/node_modules/string-width
4116 silly ADD node_modules/wrap-ansi/node_modules/emoji-regex
4117 silly ADD node_modules/wrap-ansi/node_modules/ansi-styles
4118 silly ADD node_modules/wrap-ansi/node_modules/ansi-regex
4119 silly ADD node_modules/wkx
4120 silly ADD node_modules/with
4121 silly ADD node_modules/wildcard
4122 silly ADD node_modules/widest-line
4123 silly ADD node_modules/widest-line/node_modules/strip-ansi
4124 silly ADD node_modules/widest-line/node_modules/string-width
4125 silly ADD node_modules/widest-line/node_modules/emoji-regex
4126 silly ADD node_modules/widest-line/node_modules/ansi-regex
4127 silly ADD node_modules/wide-align
4128 silly ADD node_modules/which-typed-array
4129 silly ADD node_modules/which-boxed-primitive
4130 silly ADD node_modules/which
4131 silly ADD node_modules/webpack-sources
4132 silly ADD node_modules/webpack-merge
4133 silly ADD node_modules/webpack-cli
4134 silly ADD node_modules/webpack-cli/node_modules/interpret
4135 silly ADD node_modules/webpack
4136 silly ADD node_modules/webpack/node_modules/schema-utils
4137 silly ADD node_modules/webpack/node_modules/graceful-fs
4138 silly ADD node_modules/webpack/node_modules/estraverse
4139 silly ADD node_modules/webpack/node_modules/eslint-scope
4140 silly ADD node_modules/watchpack
4141 silly ADD node_modules/walker
4142 silly ADD node_modules/void-elements
4143 silly ADD node_modules/vary
4144 silly ADD node_modules/validator
4145 silly ADD node_modules/validate-npm-package-name
4146 silly ADD node_modules/validate-npm-package-license
4147 silly ADD node_modules/v8-to-istanbul
4148 silly ADD node_modules/uuid
4149 silly ADD node_modules/util-deprecate
4150 silly ADD node_modules/uri-js
4151 silly ADD node_modules/update-notifier
4152 silly ADD node_modules/update-notifier/node_modules/chalk
4153 silly ADD node_modules/update-browserslist-db
4154 silly ADD node_modules/untildify
4155 silly ADD node_modules/universalify
4156 silly ADD node_modules/unique-string
4157 silly ADD node_modules/unique-slug
4158 silly ADD node_modules/unique-filename
4159 silly ADD node_modules/undici-types
4160 silly ADD node_modules/unbox-primitive
4161 silly ADD node_modules/umzug
4162 silly ADD node_modules/uc.micro
4163 silly ADD node_modules/typedarray-to-buffer
4164 silly ADD node_modules/typed-array-length
4165 silly ADD node_modules/typed-array-byte-offset
4166 silly ADD node_modules/typed-array-byte-length
4167 silly ADD node_modules/typed-array-buffer
4168 silly ADD node_modules/type-is
4169 silly ADD node_modules/type-fest
4170 silly ADD node_modules/type-detect
4171 silly ADD node_modules/type-check
4172 silly ADD node_modules/type
4173 silly ADD node_modules/tunnel-agent
4174 silly ADD node_modules/tuf-js
4175 silly ADD node_modules/tslib
4176 silly ADD node_modules/tsconfig-paths
4177 silly ADD node_modules/tsconfig-paths/node_modules/strip-bom
4178 silly ADD node_modules/tsconfig-paths/node_modules/json5
4179 silly ADD node_modules/tree-kill
4180 silly ADD node_modules/toposort-class
4181 silly ADD node_modules/token-stream
4182 silly ADD node_modules/toidentifier
4183 silly ADD node_modules/toad-cache
4184 silly ADD node_modules/to-regex-range
4185 silly ADD node_modules/to-fast-properties
4186 silly ADD node_modules/tmpl
4187 silly ADD node_modules/timers-ext
4188 silly ADD node_modules/tildify
4189 silly ADD node_modules/thread-stream
4190 silly ADD node_modules/text-table
4191 silly ADD node_modules/test-exclude
4192 silly ADD node_modules/test-exclude/node_modules/glob
4193 silly ADD node_modules/terser-webpack-plugin
4194 silly ADD node_modules/terser-webpack-plugin/node_modules/supports-color
4195 silly ADD node_modules/terser-webpack-plugin/node_modules/schema-utils
4196 silly ADD node_modules/terser-webpack-plugin/node_modules/jest-worker
4197 silly ADD node_modules/terser
4198 silly ADD node_modules/terser/node_modules/source-map-support
4199 silly ADD node_modules/terser/node_modules/commander
4200 silly ADD node_modules/tarn
4201 silly ADD node_modules/tar-stream
4202 silly ADD node_modules/tar-fs
4203 silly ADD node_modules/tar-fs/node_modules/chownr
4204 silly ADD node_modules/tar
4205 silly ADD node_modules/tapable
4206 silly ADD node_modules/supports-preserve-symlinks-flag
4207 silly ADD node_modules/supports-color
4208 silly ADD node_modules/style-loader
4209 silly ADD node_modules/strip-json-comments
4210 silly ADD node_modules/strip-final-newline
4211 silly ADD node_modules/strip-bom
4212 silly ADD node_modules/strip-ansi-cjs
4213 silly ADD node_modules/strip-ansi
4214 silly ADD node_modules/string.prototype.trimstart
4215 silly ADD node_modules/string.prototype.trimend
4216 silly ADD node_modules/string.prototype.trim
4217 silly ADD node_modules/string-width-cjs
4218 silly ADD node_modules/string-width
4219 silly ADD node_modules/string-length
4220 silly ADD node_modules/string_decoder
4221 silly ADD node_modules/statuses
4222 silly ADD node_modules/stack-utils
4223 silly ADD node_modules/stack-utils/node_modules/escape-string-regexp
4224 silly ADD node_modules/stack-trace
4225 silly ADD node_modules/ssri
4226 silly ADD node_modules/ssri/node_modules/minipass
4227 silly ADD node_modules/sqlite3
4228 silly ADD node_modules/sqlite3/node_modules/ssri
4229 silly ADD node_modules/sqlite3/node_modules/socks-proxy-agent
4230 silly ADD node_modules/sqlite3/node_modules/node-gyp
4231 silly ADD node_modules/sqlite3/node_modules/node-addon-api
4232 silly ADD node_modules/sqlite3/node_modules/minipass-fetch
4233 silly ADD node_modules/sqlite3/node_modules/make-fetch-happen
4234 silly ADD node_modules/sqlite3/node_modules/lru-cache
4235 silly ADD node_modules/sqlite3/node_modules/http-proxy-agent
4236 silly ADD node_modules/sqlite3/node_modules/glob
4237 silly ADD node_modules/sqlite3/node_modules/cacache
4238 silly ADD node_modules/sqlite3/node_modules/@tootallnate/once
4239 silly ADD node_modules/sqlite3/node_modules/@npmcli/move-file
4240 silly ADD node_modules/sqlite3/node_modules/@npmcli/fs
4241 silly ADD node_modules/sprintf-js
4242 silly ADD node_modules/split2
4243 silly ADD node_modules/spdx-license-ids
4244 silly ADD node_modules/spdx-expression-parse
4245 silly ADD node_modules/spdx-exceptions
4246 silly ADD node_modules/spdx-correct
4247 silly ADD node_modules/spawn-please
4248 silly ADD node_modules/spawn-command
4249 silly ADD node_modules/source-map-support
4250 silly ADD node_modules/source-map-js
4251 silly ADD node_modules/source-map
4252 silly ADD node_modules/sonic-boom
4253 silly ADD node_modules/sodium-native
4254 silly ADD node_modules/socks-proxy-agent
4255 silly ADD node_modules/socks
4256 silly ADD node_modules/smart-buffer
4257 silly ADD node_modules/slash
4258 silly ADD node_modules/sisteransi
4259 silly ADD node_modules/simple-get
4260 silly ADD node_modules/simple-concat
4261 silly ADD node_modules/sigstore
4262 silly ADD node_modules/signal-exit
4263 silly ADD node_modules/side-channel
4264 silly ADD node_modules/shell-quote
4265 silly ADD node_modules/shebang-regex
4266 silly ADD node_modules/shebang-command
4267 silly ADD node_modules/shallow-clone
4268 silly ADD node_modules/setprototypeof
4269 silly ADD node_modules/set-function-name
4270 silly ADD node_modules/set-function-length
4271 silly ADD node_modules/set-cookie-parser
4272 silly ADD node_modules/set-blocking
4273 silly ADD node_modules/serialize-javascript
4274 silly ADD node_modules/sequelize-pool
4275 silly ADD node_modules/sequelize-cli
4276 silly ADD node_modules/sequelize-cli/node_modules/yargs-parser
4277 silly ADD node_modules/sequelize-cli/node_modules/yargs
4278 silly ADD node_modules/sequelize-cli/node_modules/wrap-ansi
4279 silly ADD node_modules/sequelize-cli/node_modules/cliui
4280 silly ADD node_modules/sequelize
4281 silly ADD node_modules/semver-utils
4282 silly ADD node_modules/semver-diff
4283 silly ADD node_modules/semver
4284 silly ADD node_modules/semver/node_modules/lru-cache
4285 silly ADD node_modules/secure-json-parse
4286 silly ADD node_modules/schema-utils
4287 silly ADD node_modules/schema-utils/node_modules/json-schema-traverse
4288 silly ADD node_modules/schema-utils/node_modules/ajv-keywords
4289 silly ADD node_modules/schema-utils/node_modules/ajv
4290 silly ADD node_modules/safer-buffer
4291 silly ADD node_modules/safe-stable-stringify
4292 silly ADD node_modules/safe-regex2
4293 silly ADD node_modules/safe-regex-test
4294 silly ADD node_modules/safe-buffer
4295 silly ADD node_modules/safe-array-concat
4296 silly ADD node_modules/rxjs
4297 silly ADD node_modules/run-parallel
4298 silly ADD node_modules/rimraf
4299 silly ADD node_modules/rimraf/node_modules/glob
4300 silly ADD node_modules/rfdc
4301 silly ADD node_modules/reusify
4302 silly ADD node_modules/retry-as-promised
4303 silly ADD node_modules/retry
4304 silly ADD node_modules/ret
4305 silly ADD node_modules/responselike
4306 silly ADD node_modules/responselike/node_modules/lowercase-keys
4307 silly ADD node_modules/resolve.exports
4308 silly ADD node_modules/resolve-from
4309 silly ADD node_modules/resolve-cwd
4310 silly ADD node_modules/resolve-alpn
4311 silly ADD node_modules/resolve
4312 silly ADD node_modules/require-from-string
4313 silly ADD node_modules/require-directory
4314 silly ADD node_modules/remote-git-tags
4315 silly ADD node_modules/registry-url
4316 silly ADD node_modules/registry-auth-token
4317 silly ADD node_modules/regexp.prototype.flags
4318 silly ADD node_modules/regenerator-runtime
4319 silly ADD node_modules/rechoir
4320 silly ADD node_modules/real-require
4321 silly ADD node_modules/readdirp
4322 silly ADD node_modules/readable-stream
4323 silly ADD node_modules/read-package-json-fast
4324 silly ADD node_modules/read-package-json-fast/node_modules/json-parse-even-better-errors
4325 silly ADD node_modules/read-package-json
4326 silly ADD node_modules/read-package-json/node_modules/json-parse-even-better-errors
4327 silly ADD node_modules/react-is
4328 silly ADD node_modules/rc-config-loader
4329 silly ADD node_modules/rc
4330 silly ADD node_modules/rc/node_modules/strip-json-comments
4331 silly ADD node_modules/rc/node_modules/ini
4332 silly ADD node_modules/randombytes
4333 silly ADD node_modules/quick-lru
4334 silly ADD node_modules/quick-format-unescaped
4335 silly ADD node_modules/queue-microtask
4336 silly ADD node_modules/qs
4337 silly ADD node_modules/pure-rand
4338 silly ADD node_modules/pupa
4339 silly ADD node_modules/punycode
4340 silly ADD node_modules/pump
4341 silly ADD node_modules/pug-walk
4342 silly ADD node_modules/pug-strip-comments
4343 silly ADD node_modules/pug-runtime
4344 silly ADD node_modules/pug-parser
4345 silly ADD node_modules/pug-load
4346 silly ADD node_modules/pug-linker
4347 silly ADD node_modules/pug-lexer
4348 silly ADD node_modules/pug-filters
4349 silly ADD node_modules/pug-error
4350 silly ADD node_modules/pug-code-gen
4351 silly ADD node_modules/pug-attrs
4352 silly ADD node_modules/pug
4353 silly ADD node_modules/proxy-addr
4354 silly ADD node_modules/proto-list
4355 silly ADD node_modules/prompts-ncu
4356 silly ADD node_modules/prompts-ncu/node_modules/kleur
4357 silly ADD node_modules/prompts
4358 silly ADD node_modules/promise-retry
4359 silly ADD node_modules/promise-inflight
4360 silly ADD node_modules/promise
4361 silly ADD node_modules/progress
4362 silly ADD node_modules/process-warning
4363 silly ADD node_modules/process
4364 silly ADD node_modules/proc-log
4365 silly ADD node_modules/pretty-format
4366 silly ADD node_modules/pretty-format/node_modules/ansi-styles
4367 silly ADD node_modules/prelude-ls
4368 silly ADD node_modules/prebuild-install
4369 silly ADD node_modules/postgres-interval
4370 silly ADD node_modules/postgres-date
4371 silly ADD node_modules/postgres-bytea
4372 silly ADD node_modules/postgres-array
4373 silly ADD node_modules/postcss-value-parser
4374 silly ADD node_modules/postcss-selector-parser
4375 silly ADD node_modules/postcss-modules-values
4376 silly ADD node_modules/postcss-modules-scope
4377 silly ADD node_modules/postcss-modules-local-by-default
4378 silly ADD node_modules/postcss-modules-extract-imports
4379 silly ADD node_modules/postcss
4380 silly ADD node_modules/possible-typed-array-names
4381 silly ADD node_modules/pkg-up
4382 silly ADD node_modules/pkg-up/node_modules/path-exists
4383 silly ADD node_modules/pkg-up/node_modules/p-locate
4384 silly ADD node_modules/pkg-up/node_modules/p-limit
4385 silly ADD node_modules/pkg-up/node_modules/locate-path
4386 silly ADD node_modules/pkg-up/node_modules/find-up
4387 silly ADD node_modules/pkg-dir
4388 silly ADD node_modules/pkg-dir/node_modules/p-locate
4389 silly ADD node_modules/pkg-dir/node_modules/p-limit
4390 silly ADD node_modules/pkg-dir/node_modules/locate-path
4391 silly ADD node_modules/pkg-dir/node_modules/find-up
4392 silly ADD node_modules/pirates
4393 silly ADD node_modules/pino-std-serializers
4394 silly ADD node_modules/pino-pretty
4395 silly ADD node_modules/pino-pretty/node_modules/readable-stream
4396 silly ADD node_modules/pino-pretty/node_modules/help-me
4397 silly ADD node_modules/pino-pretty/node_modules/buffer
4398 silly ADD node_modules/pino-abstract-transport
4399 silly ADD node_modules/pino-abstract-transport/node_modules/split2
4400 silly ADD node_modules/pino-abstract-transport/node_modules/readable-stream
4401 silly ADD node_modules/pino-abstract-transport/node_modules/buffer
4402 silly ADD node_modules/pino
4403 silly ADD node_modules/picomatch
4404 silly ADD node_modules/picocolors
4405 silly ADD node_modules/pgpass
4406 silly ADD node_modules/pgpass/node_modules/split2
4407 silly ADD node_modules/pg-types
4408 silly ADD node_modules/pg-protocol
4409 silly ADD node_modules/pg-pool
4410 silly ADD node_modules/pg-int8
4411 silly ADD node_modules/pg-connection-string
4412 silly ADD node_modules/pg-cloudflare
4413 silly ADD node_modules/pg
4414 silly ADD node_modules/pg/node_modules/pg-connection-string
4415 silly ADD node_modules/path-type
4416 silly ADD node_modules/path-to-regexp
4417 silly ADD node_modules/path-scurry
4418 silly ADD node_modules/path-scurry/node_modules/minipass
4419 silly ADD node_modules/path-scurry/node_modules/lru-cache
4420 silly ADD node_modules/path-parse
4421 silly ADD node_modules/path-key
4422 silly ADD node_modules/path-is-absolute
4423 silly ADD node_modules/path-exists
4424 silly ADD node_modules/parse-json
4425 silly ADD node_modules/parse-github-url
4426 silly ADD node_modules/parent-module
4427 silly ADD node_modules/pacote
4428 silly ADD node_modules/pacote/node_modules/minipass
4429 silly ADD node_modules/pacote/node_modules/fs-minipass
4430 silly ADD node_modules/pacote/node_modules/fs-minipass/node_modules/minipass
4431 silly ADD node_modules/package-json
4432 silly ADD node_modules/p-try
4433 silly ADD node_modules/p-map
4434 silly ADD node_modules/p-locate
4435 silly ADD node_modules/p-limit
4436 silly ADD node_modules/p-cancelable
4437 silly ADD node_modules/optionator
4438 silly ADD node_modules/onetime
4439 silly ADD node_modules/once
4440 silly ADD node_modules/on-exit-leak-free
4441 silly ADD node_modules/objection-unique
4442 silly ADD node_modules/objection
4443 silly ADD node_modules/objection/node_modules/json-schema-traverse
4444 silly ADD node_modules/objection/node_modules/ajv
4445 silly ADD node_modules/object.values
4446 silly ADD node_modules/object.groupby
4447 silly ADD node_modules/object.fromentries
4448 silly ADD node_modules/object.entries
4449 silly ADD node_modules/object.assign
4450 silly ADD node_modules/object-keys
4451 silly ADD node_modules/object-inspect
4452 silly ADD node_modules/object-assign
4453 silly ADD node_modules/npmlog
4454 silly ADD node_modules/npm-run-path
4455 silly ADD node_modules/npm-registry-fetch
4456 silly ADD node_modules/npm-registry-fetch/node_modules/minipass
4457 silly ADD node_modules/npm-pick-manifest
4458 silly ADD node_modules/npm-packlist
4459 silly ADD node_modules/npm-package-arg
4460 silly ADD node_modules/npm-package-arg/node_modules/lru-cache
4461 silly ADD node_modules/npm-package-arg/node_modules/hosted-git-info
4462 silly ADD node_modules/npm-normalize-package-bin
4463 silly ADD node_modules/npm-install-checks
4464 silly ADD node_modules/npm-check-updates
4465 silly ADD node_modules/npm-check-updates/node_modules/strip-json-comments
4466 silly ADD node_modules/npm-check-updates/node_modules/strip-ansi
4467 silly ADD node_modules/npm-check-updates/node_modules/source-map-support
4468 silly ADD node_modules/npm-check-updates/node_modules/rimraf
4469 silly ADD node_modules/npm-check-updates/node_modules/minimatch
4470 silly ADD node_modules/npm-check-updates/node_modules/ini
4471 silly ADD node_modules/npm-check-updates/node_modules/chalk
4472 silly ADD node_modules/npm-check-updates/node_modules/brace-expansion
4473 silly ADD node_modules/npm-check-updates/node_modules/ansi-regex
4474 silly ADD node_modules/npm-bundled
4475 silly ADD node_modules/normalize-url
4476 silly ADD node_modules/normalize-path
4477 silly ADD node_modules/normalize-package-data
4478 silly ADD node_modules/normalize-package-data/node_modules/lru-cache
4479 silly ADD node_modules/normalize-package-data/node_modules/hosted-git-info
4480 silly ADD node_modules/nopt
4481 silly ADD node_modules/node-releases
4482 silly ADD node_modules/node-int64
4483 silly ADD node_modules/node-gyp-build
4484 silly ADD node_modules/node-gyp
4485 silly ADD node_modules/node-gyp/node_modules/unique-slug
4486 silly ADD node_modules/node-gyp/node_modules/unique-filename
4487 silly ADD node_modules/node-gyp/node_modules/ssri
4488 silly ADD node_modules/node-gyp/node_modules/nopt
4489 silly ADD node_modules/node-gyp/node_modules/minipass-fetch
4490 silly ADD node_modules/node-gyp/node_modules/make-fetch-happen
4491 silly ADD node_modules/node-gyp/node_modules/lru-cache
4492 silly ADD node_modules/node-gyp/node_modules/glob
4493 silly ADD node_modules/node-gyp/node_modules/cacache
4494 silly ADD node_modules/node-gyp/node_modules/cacache/node_modules/minimatch
4495 silly ADD node_modules/node-gyp/node_modules/cacache/node_modules/glob
4496 silly ADD node_modules/node-gyp/node_modules/brace-expansion
4497 silly ADD node_modules/node-gyp/node_modules/@npmcli/fs
4498 silly ADD node_modules/node-addon-api
4499 silly ADD node_modules/node-abi
4500 silly ADD node_modules/next-tick
4501 silly ADD node_modules/neo-async
4502 silly ADD node_modules/negotiator
4503 silly ADD node_modules/natural-compare
4504 silly ADD node_modules/napi-build-utils
4505 silly ADD node_modules/nanoid
4506 silly ADD node_modules/mustache
4507 silly ADD node_modules/ms
4508 silly ADD node_modules/moment-timezone
4509 silly ADD node_modules/moment
4510 silly ADD node_modules/mkdirp-classic
4511 silly ADD node_modules/mkdirp
4512 silly ADD node_modules/minizlib
4513 silly ADD node_modules/minipass-sized
4514 silly ADD node_modules/minipass-pipeline
4515 silly ADD node_modules/minipass-json-stream
4516 silly ADD node_modules/minipass-flush
4517 silly ADD node_modules/minipass-fetch
4518 silly ADD node_modules/minipass-fetch/node_modules/minipass
4519 silly ADD node_modules/minipass-collect
4520 silly ADD node_modules/minipass
4521 silly ADD node_modules/minimist
4522 silly ADD node_modules/minimatch
4523 silly ADD node_modules/mini-css-extract-plugin
4524 silly ADD node_modules/mimic-response
4525 silly ADD node_modules/mimic-fn
4526 silly ADD node_modules/mime-types
4527 silly ADD node_modules/mime-db
4528 silly ADD node_modules/mime
4529 silly ADD node_modules/micromatch
4530 silly ADD node_modules/merge2
4531 silly ADD node_modules/merge-stream
4532 silly ADD node_modules/memoizee
4533 silly ADD node_modules/media-typer
4534 silly ADD node_modules/mdurl
4535 silly ADD node_modules/markdown-it
4536 silly ADD node_modules/makeerror
4537 silly ADD node_modules/make-promises-safe
4538 silly ADD node_modules/make-fetch-happen
4539 silly ADD node_modules/make-fetch-happen/node_modules/minipass
4540 silly ADD node_modules/make-fetch-happen/node_modules/lru-cache
4541 silly ADD node_modules/make-dir
4542 silly ADD node_modules/lru-queue
4543 silly ADD node_modules/lru-cache
4544 silly ADD node_modules/lru-cache/node_modules/yallist
4545 silly ADD node_modules/lowercase-keys
4546 silly ADD node_modules/lodash.merge
4547 silly ADD node_modules/lodash.isempty
4548 silly ADD node_modules/lodash.compact
4549 silly ADD node_modules/lodash.castarray
4550 silly ADD node_modules/lodash
4551 silly ADD node_modules/locate-path
4552 silly ADD node_modules/loader-runner
4553 silly ADD node_modules/linkify-it
4554 silly ADD node_modules/lines-and-columns
4555 silly ADD node_modules/light-my-request
4556 silly ADD node_modules/levn
4557 silly ADD node_modules/leven
4558 silly ADD node_modules/latest-version
4559 silly ADD node_modules/knex
4560 silly ADD node_modules/kleur
4561 silly ADD node_modules/kind-of
4562 silly ADD node_modules/keyv
4563 silly ADD node_modules/jstransformer-markdown-it
4564 silly ADD node_modules/jstransformer
4565 silly ADD node_modules/jsonparse
4566 silly ADD node_modules/jsonlines
4567 silly ADD node_modules/jsonfile
4568 silly ADD node_modules/json5
4569 silly ADD node_modules/json-stable-stringify-without-jsonify
4570 silly ADD node_modules/json-schema-traverse
4571 silly ADD node_modules/json-schema-ref-resolver
4572 silly ADD node_modules/json-parse-helpfulerror
4573 silly ADD node_modules/json-parse-even-better-errors
4574 silly ADD node_modules/json-buffer
4575 silly ADD node_modules/jsesc
4576 silly ADD node_modules/js-yaml
4577 silly ADD node_modules/js-tokens
4578 silly ADD node_modules/js-stringify
4579 silly ADD node_modules/js-cookie
4580 silly ADD node_modules/js-beautify
4581 silly ADD node_modules/js-beautify/node_modules/nopt
4582 silly ADD node_modules/js-beautify/node_modules/abbrev
4583 silly ADD node_modules/jquery
4584 silly ADD node_modules/joycon
4585 silly ADD node_modules/jju
4586 silly ADD node_modules/jest-worker
4587 silly ADD node_modules/jest-worker/node_modules/supports-color
4588 silly ADD node_modules/jest-watcher
4589 silly ADD node_modules/jest-validate
4590 silly ADD node_modules/jest-validate/node_modules/camelcase
4591 silly ADD node_modules/jest-util
4592 silly ADD node_modules/jest-snapshot
4593 silly ADD node_modules/jest-runtime
4594 silly ADD node_modules/jest-runtime/node_modules/glob
4595 silly ADD node_modules/jest-runner
4596 silly ADD node_modules/jest-resolve-dependencies
4597 silly ADD node_modules/jest-resolve
4598 silly ADD node_modules/jest-regex-util
4599 silly ADD node_modules/jest-pnp-resolver
4600 silly ADD node_modules/jest-mock
4601 silly ADD node_modules/jest-message-util
4602 silly ADD node_modules/jest-matcher-utils
4603 silly ADD node_modules/jest-leak-detector
4604 silly ADD node_modules/jest-haste-map
4605 silly ADD node_modules/jest-get-type
4606 silly ADD node_modules/jest-environment-node
4607 silly ADD node_modules/jest-each
4608 silly ADD node_modules/jest-docblock
4609 silly ADD node_modules/jest-diff
4610 silly ADD node_modules/jest-config
4611 silly ADD node_modules/jest-config/node_modules/glob
4612 silly ADD node_modules/jest-cli
4613 silly ADD node_modules/jest-circus
4614 silly ADD node_modules/jest-changed-files
4615 silly ADD node_modules/jest
4616 silly ADD node_modules/jackspeak
4617 silly ADD node_modules/istanbul-reports
4618 silly ADD node_modules/istanbul-lib-source-maps
4619 silly ADD node_modules/istanbul-lib-report
4620 silly ADD node_modules/istanbul-lib-instrument
4621 silly ADD node_modules/istanbul-lib-coverage
4622 silly ADD node_modules/isobject
4623 silly ADD node_modules/isexe
4624 silly ADD node_modules/isbinaryfile
4625 silly ADD node_modules/isarray
4626 silly ADD node_modules/is-yarn-global
4627 silly ADD node_modules/is-weakref
4628 silly ADD node_modules/is-typedarray
4629 silly ADD node_modules/is-typed-array
4630 silly ADD node_modules/is-symbol
4631 silly ADD node_modules/is-string
4632 silly ADD node_modules/is-stream
4633 silly ADD node_modules/is-shared-array-buffer
4634 silly ADD node_modules/is-regex
4635 silly ADD node_modules/is-promise
4636 silly ADD node_modules/is-plain-object
4637 silly ADD node_modules/is-path-inside
4638 silly ADD node_modules/is-obj
4639 silly ADD node_modules/is-number-object
4640 silly ADD node_modules/is-number
4641 silly ADD node_modules/is-npm
4642 silly ADD node_modules/is-negative-zero
4643 silly ADD node_modules/is-lambda
4644 silly ADD node_modules/is-installed-globally
4645 silly ADD node_modules/is-glob
4646 silly ADD node_modules/is-generator-fn
4647 silly ADD node_modules/is-fullwidth-code-point
4648 silly ADD node_modules/is-extglob
4649 silly ADD node_modules/is-expression
4650 silly ADD node_modules/is-expression/node_modules/acorn
4651 silly ADD node_modules/is-docker
4652 silly ADD node_modules/is-date-object
4653 silly ADD node_modules/is-data-view
4654 silly ADD node_modules/is-core-module
4655 silly ADD node_modules/is-ci
4656 silly ADD node_modules/is-callable
4657 silly ADD node_modules/is-boolean-object
4658 silly ADD node_modules/is-binary-path
4659 silly ADD node_modules/is-bigint
4660 silly ADD node_modules/is-arrayish
4661 silly ADD node_modules/is-array-buffer
4662 silly ADD node_modules/ipaddr.js
4663 silly ADD node_modules/ip
4664 silly ADD node_modules/interpret
4665 silly ADD node_modules/internal-slot
4666 silly ADD node_modules/ini
4667 silly ADD node_modules/inherits
4668 silly ADD node_modules/inflight
4669 silly ADD node_modules/inflection
4670 silly ADD node_modules/infer-owner
4671 silly ADD node_modules/indent-string
4672 silly ADD node_modules/imurmurhash
4673 silly ADD node_modules/import-local
4674 silly ADD node_modules/import-lazy
4675 silly ADD node_modules/import-fresh
4676 silly ADD node_modules/import-fresh/node_modules/resolve-from
4677 silly ADD node_modules/ignore-walk
4678 silly ADD node_modules/ignore-walk/node_modules/minimatch
4679 silly ADD node_modules/ignore-walk/node_modules/brace-expansion
4680 silly ADD node_modules/ignore
4681 silly ADD node_modules/ieee754
4682 silly ADD node_modules/icss-utils
4683 silly ADD node_modules/iconv-lite
4684 silly ADD node_modules/i18next
4685 silly ADD node_modules/humanize-ms
4686 silly ADD node_modules/human-signals
4687 silly ADD node_modules/https-proxy-agent
4688 silly ADD node_modules/http2-wrapper
4689 silly ADD node_modules/http-proxy-agent
4690 silly ADD node_modules/http-errors
4691 silly ADD node_modules/http-cache-semantics
4692 silly ADD node_modules/html-escaper
4693 silly ADD node_modules/hosted-git-info
4694 silly ADD node_modules/hosted-git-info/node_modules/lru-cache
4695 silly ADD node_modules/help-me
4696 silly ADD node_modules/help-me/node_modules/minimatch
4697 silly ADD node_modules/help-me/node_modules/glob
4698 silly ADD node_modules/help-me/node_modules/brace-expansion
4699 silly ADD node_modules/hasown
4700 silly ADD node_modules/hashlru
4701 silly ADD node_modules/has-yarn
4702 silly ADD node_modules/has-unicode
4703 silly ADD node_modules/has-tostringtag
4704 silly ADD node_modules/has-symbols
4705 silly ADD node_modules/has-proto
4706 silly ADD node_modules/has-property-descriptors
4707 silly ADD node_modules/has-flag
4708 silly ADD node_modules/has-bigints
4709 silly ADD node_modules/graphemer
4710 silly ADD node_modules/graceful-fs
4711 silly ADD node_modules/got
4712 silly ADD node_modules/gopd
4713 silly ADD node_modules/globby
4714 silly ADD node_modules/globalthis
4715 silly ADD node_modules/globals
4716 silly ADD node_modules/global-dirs
4717 silly ADD node_modules/glob-to-regexp
4718 silly ADD node_modules/glob-parent
4719 silly ADD node_modules/glob
4720 silly ADD node_modules/glob/node_modules/minipass
4721 silly ADD node_modules/glob/node_modules/minimatch
4722 silly ADD node_modules/glob/node_modules/brace-expansion
4723 silly ADD node_modules/github-from-package
4724 silly ADD node_modules/getopts
4725 silly ADD node_modules/get-symbol-description
4726 silly ADD node_modules/get-stream
4727 silly ADD node_modules/get-stdin
4728 silly ADD node_modules/get-package-type
4729 silly ADD node_modules/get-intrinsic
4730 silly ADD node_modules/get-caller-file
4731 silly ADD node_modules/gensync
4732 silly ADD node_modules/generify
4733 silly ADD node_modules/gauge
4734 silly ADD node_modules/functions-have-names
4735 silly ADD node_modules/function.prototype.name
4736 silly ADD node_modules/function-bind
4737 silly ADD
4738 silly ADD node_modules/fs.realpath
4739 silly ADD node_modules/fs-minipass
4740 silly ADD node_modules/fs-extra
4741 silly ADD node_modules/fs-constants
4742 silly ADD node_modules/fp-and-or
4743 silly ADD node_modules/forwarded
4744 silly ADD node_modules/form-data-encoder
4745 silly ADD node_modules/foreground-child
4746 silly ADD node_modules/foreground-child/node_modules/signal-exit
4747 silly ADD node_modules/for-each
4748 silly ADD node_modules/flatted
4749 silly ADD node_modules/flat-cache
4750 silly ADD node_modules/find-up
4751 silly ADD node_modules/find-my-way
4752 silly ADD node_modules/fill-range
4753 silly ADD node_modules/file-uri-to-path
4754 silly ADD node_modules/file-entry-cache
4755 silly ADD node_modules/fb-watchman
4756 silly ADD node_modules/fastq
4757 silly ADD node_modules/fastify-reverse-routes
4758 silly ADD node_modules/fastify-plugin
4759 silly ADD node_modules/fastify-objectionjs
4760 silly ADD node_modules/fastify-objectionjs/node_modules/pg-connection-string
4761 silly ADD node_modules/fastify-objectionjs/node_modules/knex
4762 silly ADD node_modules/fastify-objectionjs/node_modules/fastify-plugin
4763 silly ADD node_modules/fastify-method-override
4764 silly ADD node_modules/fastify-method-override/node_modules/fastify-plugin
4765 silly ADD node_modules/fastify-error-page
4766 silly ADD node_modules/fastify-error-page/node_modules/fastify-plugin
4767 silly ADD node_modules/fastify-cli
4768 silly ADD node_modules/fastify-cli/node_modules/readable-stream
4769 silly ADD node_modules/fastify-cli/node_modules/pino-pretty
4770 silly ADD node_modules/fastify-cli/node_modules/pino-pretty/node_modules/help-me
4771 silly ADD node_modules/fastify-cli/node_modules/fastify-plugin
4772 silly ADD node_modules/fastify-cli/node_modules/buffer
4773 silly ADD node_modules/fastify
4774 silly ADD node_modules/fastest-levenshtein
4775 silly ADD node_modules/fast-uri
4776 silly ADD node_modules/fast-safe-stringify
4777 silly ADD node_modules/fast-redact
4778 silly ADD node_modules/fast-querystring
4779 silly ADD node_modules/fast-memoize
4780 silly ADD node_modules/fast-levenshtein
4781 silly ADD node_modules/fast-json-stringify
4782 silly ADD node_modules/fast-json-stringify/node_modules/json-schema-traverse
4783 silly ADD node_modules/fast-json-stringify/node_modules/ajv-formats
4784 silly ADD node_modules/fast-json-stringify/node_modules/ajv
4785 silly ADD node_modules/fast-json-stable-stringify
4786 silly ADD node_modules/fast-glob
4787 silly ADD node_modules/fast-glob/node_modules/glob-parent
4788 silly ADD node_modules/fast-deep-equal
4789 silly ADD node_modules/fast-decode-uri-component
4790 silly ADD node_modules/fast-copy
4791 silly ADD node_modules/fast-content-type-parse
4792 silly ADD node_modules/ext
4793 silly ADD node_modules/exponential-backoff
4794 silly ADD node_modules/expect
4795 silly ADD node_modules/expand-template
4796 silly ADD node_modules/exit
4797 silly ADD node_modules/execa
4798 silly ADD node_modules/events
4799 silly ADD node_modules/event-target-shim
4800 silly ADD node_modules/event-emitter
4801 silly ADD node_modules/esutils
4802 silly ADD node_modules/estraverse
4803 silly ADD node_modules/esrecurse
4804 silly ADD node_modules/esquery
4805 silly ADD node_modules/esprima
4806 silly ADD node_modules/espree
4807 silly ADD node_modules/espree/node_modules/eslint-visitor-keys
4808 silly ADD node_modules/esniff
4809 silly ADD node_modules/esm
4810 silly ADD node_modules/eslint-visitor-keys
4811 silly ADD node_modules/eslint-scope
4812 silly ADD node_modules/eslint-plugin-import
4813 silly ADD node_modules/eslint-plugin-import/node_modules/semver
4814 silly ADD node_modules/eslint-plugin-import/node_modules/doctrine
4815 silly ADD node_modules/eslint-plugin-import/node_modules/debug
4816 silly ADD node_modules/eslint-module-utils
4817 silly ADD node_modules/eslint-module-utils/node_modules/debug
4818 silly ADD node_modules/eslint-import-resolver-node
4819 silly ADD node_modules/eslint-import-resolver-node/node_modules/debug
4820 silly ADD node_modules/eslint-config-airbnb-base
4821 silly ADD node_modules/eslint-config-airbnb-base/node_modules/semver
4822 silly ADD node_modules/eslint
4823 silly ADD node_modules/eslint/node_modules/globals
4824 silly ADD node_modules/eslint/node_modules/espree
4825 silly ADD node_modules/eslint/node_modules/escape-string-regexp
4826 silly ADD node_modules/eslint/node_modules/@eslint/js
4827 silly ADD node_modules/eslint/node_modules/@eslint/eslintrc
4828 silly ADD node_modules/escape-string-regexp
4829 silly ADD node_modules/escape-html
4830 silly ADD node_modules/escape-goat
4831 silly ADD node_modules/escalade
4832 silly ADD node_modules/es6-weak-map
4833 silly ADD node_modules/es6-symbol
4834 silly ADD node_modules/es6-iterator
4835 silly ADD node_modules/es5-ext
4836 silly ADD node_modules/es-to-primitive
4837 silly ADD node_modules/es-shim-unscopables
4838 silly ADD node_modules/es-set-tostringtag
4839 silly ADD node_modules/es-object-atoms
4840 silly ADD node_modules/es-module-lexer
4841 silly ADD node_modules/es-errors
4842 silly ADD node_modules/es-define-property
4843 silly ADD node_modules/es-abstract
4844 silly ADD node_modules/error-ex
4845 silly ADD node_modules/err-code
4846 silly ADD node_modules/envinfo
4847 silly ADD node_modules/env-paths
4848 silly ADD node_modules/entities
4849 silly ADD node_modules/enhanced-resolve
4850 silly ADD node_modules/end-of-stream
4851 silly ADD node_modules/encoding
4852 silly ADD node_modules/emoji-regex
4853 silly ADD node_modules/emittery
4854 silly ADD node_modules/electron-to-chromium
4855 silly ADD node_modules/editorconfig
4856 silly ADD node_modules/editorconfig/node_modules/minimatch
4857 silly ADD node_modules/editorconfig/node_modules/brace-expansion
4858 silly ADD node_modules/eastasianwidth
4859 silly ADD node_modules/dottie
4860 silly ADD node_modules/dotenv
4861 silly ADD node_modules/dot-prop
4862 silly ADD node_modules/doctypes
4863 silly ADD node_modules/doctrine
4864 silly ADD node_modules/dir-glob
4865 silly ADD node_modules/diff-sequences
4866 silly ADD node_modules/detect-newline
4867 silly ADD node_modules/detect-libc
4868 silly ADD node_modules/depd
4869 silly ADD node_modules/delegates
4870 silly ADD node_modules/define-properties
4871 silly ADD node_modules/define-data-property
4872 silly ADD node_modules/defer-to-connect
4873 silly ADD node_modules/deepmerge
4874 silly ADD node_modules/deep-is
4875 silly ADD node_modules/deep-extend
4876 silly ADD node_modules/dedent
4877 silly ADD node_modules/decompress-response
4878 silly ADD node_modules/decompress-response/node_modules/mimic-response
4879 silly ADD node_modules/debug
4880 silly ADD node_modules/debug/node_modules/ms
4881 silly ADD node_modules/db-errors
4882 silly ADD node_modules/dateformat
4883 silly ADD node_modules/date-fns
4884 silly ADD node_modules/data-view-byte-offset
4885 silly ADD node_modules/data-view-byte-length
4886 silly ADD node_modules/data-view-buffer
4887 silly ADD node_modules/d
4888 silly ADD node_modules/cssesc
4889 silly ADD node_modules/css-loader
4890 silly ADD node_modules/crypto-random-string
4891 silly ADD node_modules/crypto-random-string/node_modules/type-fest
4892 silly ADD node_modules/cross-spawn
4893 silly ADD node_modules/create-jest
4894 silly ADD node_modules/cookie-signature
4895 silly ADD node_modules/cookie
4896 silly ADD node_modules/convert-source-map
4897 silly ADD node_modules/content-disposition
4898 silly ADD node_modules/constantinople
4899 silly ADD node_modules/console-control-strings
4900 silly ADD node_modules/confusing-browser-globals
4901 silly ADD node_modules/configstore
4902 silly ADD node_modules/configstore/node_modules/write-file-atomic
4903 silly ADD node_modules/config-chain
4904 silly ADD node_modules/config-chain/node_modules/ini
4905 silly ADD node_modules/concurrently
4906 silly ADD node_modules/concurrently/node_modules/supports-color
4907 silly ADD node_modules/concat-map
4908 silly ADD node_modules/commist
4909 silly ADD node_modules/commander
4910 silly ADD node_modules/colorette
4911 silly ADD node_modules/color-support
4912 silly ADD node_modules/color-name
4913 silly ADD node_modules/color-convert
4914 silly ADD node_modules/collect-v8-coverage
4915 silly ADD node_modules/co
4916 silly ADD node_modules/close-with-grace
4917 silly ADD node_modules/clone-response
4918 silly ADD node_modules/clone-deep
4919 silly ADD node_modules/cliui
4920 silly ADD node_modules/cliui/node_modules/wrap-ansi
4921 silly ADD node_modules/cli-table3
4922 silly ADD node_modules/cli-color
4923 silly ADD node_modules/cli-boxes
4924 silly ADD node_modules/clean-stack
4925 silly ADD node_modules/cjs-module-lexer
4926 silly ADD node_modules/ci-info
4927 silly ADD node_modules/chrome-trace-event
4928 silly ADD node_modules/chownr
4929 silly ADD node_modules/chokidar
4930 silly ADD node_modules/chokidar/node_modules/glob-parent
4931 silly ADD node_modules/character-parser
4932 silly ADD node_modules/char-regex
4933 silly ADD node_modules/chalk
4934 silly ADD node_modules/caniuse-lite
4935 silly ADD node_modules/camelcase
4936 silly ADD node_modules/callsites
4937 silly ADD node_modules/call-bind
4938 silly ADD node_modules/cacheable-request
4939 silly ADD node_modules/cacheable-request/node_modules/lowercase-keys
4940 silly ADD node_modules/cacheable-request/node_modules/get-stream
4941 silly ADD node_modules/cacheable-lookup
4942 silly ADD node_modules/cacache
4943 silly ADD node_modules/cacache/node_modules/unique-slug
4944 silly ADD node_modules/cacache/node_modules/unique-filename
4945 silly ADD node_modules/cacache/node_modules/minipass
4946 silly ADD node_modules/cacache/node_modules/lru-cache
4947 silly ADD node_modules/cacache/node_modules/fs-minipass
4948 silly ADD node_modules/builtins
4949 silly ADD node_modules/buffer-from
4950 silly ADD node_modules/buffer
4951 silly ADD node_modules/bser
4952 silly ADD node_modules/browserslist
4953 silly ADD node_modules/braces
4954 silly ADD node_modules/brace-expansion
4955 silly ADD node_modules/boxen
4956 silly ADD node_modules/boxen/node_modules/type-fest
4957 silly ADD node_modules/boxen/node_modules/strip-ansi
4958 silly ADD node_modules/boxen/node_modules/string-width
4959 silly ADD node_modules/boxen/node_modules/emoji-regex
4960 silly ADD node_modules/boxen/node_modules/chalk
4961 silly ADD node_modules/boxen/node_modules/camelcase
4962 silly ADD node_modules/boxen/node_modules/ansi-regex
4963 silly ADD node_modules/bootstrap
4964 silly ADD node_modules/bluebird
4965 silly ADD node_modules/bl
4966 silly ADD node_modules/bindings
4967 silly ADD node_modules/binary-extensions
4968 silly ADD node_modules/better-sqlite3
4969 silly ADD node_modules/base64-js
4970 silly ADD node_modules/balanced-match
4971 silly ADD node_modules/babel-walk
4972 silly ADD node_modules/babel-preset-jest
4973 silly ADD node_modules/babel-preset-current-node-syntax
4974 silly ADD node_modules/babel-plugin-jest-hoist
4975 silly ADD node_modules/babel-plugin-istanbul
4976 silly ADD node_modules/babel-plugin-istanbul/node_modules/semver
4977 silly ADD node_modules/babel-plugin-istanbul/node_modules/istanbul-lib-instrument
4978 silly ADD node_modules/babel-jest
4979 silly ADD node_modules/avvio
4980 silly ADD node_modules/available-typed-arrays
4981 silly ADD node_modules/atomic-sleep
4982 silly ADD node_modules/at-least-node
4983 silly ADD node_modules/assert-never
4984 silly ADD node_modules/asap
4985 silly ADD node_modules/arraybuffer.prototype.slice
4986 silly ADD node_modules/array.prototype.flatmap
4987 silly ADD node_modules/array.prototype.flat
4988 silly ADD node_modules/array.prototype.findlastindex
4989 silly ADD node_modules/array-union
4990 silly ADD node_modules/array-includes
4991 silly ADD node_modules/array-buffer-byte-length
4992 silly ADD node_modules/argparse
4993 silly ADD node_modules/are-we-there-yet
4994 silly ADD node_modules/archy
4995 silly ADD node_modules/aproba
4996 silly ADD node_modules/anymatch
4997 silly ADD node_modules/ansi-styles
4998 silly ADD node_modules/ansi-regex
4999 silly ADD node_modules/ansi-escapes
5000 silly ADD node_modules/ansi-escapes/node_modules/type-fest
5001 silly ADD node_modules/ansi-align
5002 silly ADD node_modules/ajv-keywords
5003 silly ADD node_modules/ajv-formats
5004 silly ADD node_modules/ajv-formats/node_modules/json-schema-traverse
5005 silly ADD node_modules/ajv-formats/node_modules/ajv
5006 silly ADD node_modules/ajv
5007 silly ADD node_modules/aggregate-error
5008 silly ADD node_modules/agentkeepalive
5009 silly ADD node_modules/agentkeepalive/node_modules/depd
5010 silly ADD node_modules/agent-base
5011 silly ADD node_modules/acorn-jsx
5012 silly ADD node_modules/acorn-import-assertions
5013 silly ADD node_modules/acorn
5014 silly ADD node_modules/abstract-logging
5015 silly ADD node_modules/abort-controller
5016 silly ADD node_modules/abbrev
5017 silly ADD node_modules/@xtuc/long
5018 silly ADD node_modules/@xtuc/ieee754
5019 silly ADD node_modules/@webpack-cli/serve
5020 silly ADD node_modules/@webpack-cli/info
5021 silly ADD node_modules/@webpack-cli/configtest
5022 silly ADD node_modules/@webassemblyjs/wast-printer
5023 silly ADD node_modules/@webassemblyjs/wasm-parser
5024 silly ADD node_modules/@webassemblyjs/wasm-opt
5025 silly ADD node_modules/@webassemblyjs/wasm-gen
5026 silly ADD node_modules/@webassemblyjs/wasm-edit
5027 silly ADD node_modules/@webassemblyjs/utf8
5028 silly ADD node_modules/@webassemblyjs/leb128
5029 silly ADD node_modules/@webassemblyjs/ieee754
5030 silly ADD node_modules/@webassemblyjs/helper-wasm-section
5031 silly ADD node_modules/@webassemblyjs/helper-wasm-bytecode
5032 silly ADD node_modules/@webassemblyjs/helper-numbers
5033 silly ADD node_modules/@webassemblyjs/helper-buffer
5034 silly ADD node_modules/@webassemblyjs/helper-api-error
5035 silly ADD node_modules/@webassemblyjs/floating-point-hex-parser
5036 silly ADD node_modules/@webassemblyjs/ast
5037 silly ADD node_modules/@vscode/sqlite3
5038 silly ADD node_modules/@ungap/structured-clone
5039 silly ADD node_modules/@types/yargs-parser
5040 silly ADD node_modules/@types/yargs
5041 silly ADD node_modules/@types/validator
5042 silly ADD node_modules/@types/stack-utils
5043 silly ADD node_modules/@types/stack-trace
5044 silly ADD node_modules/@types/semver-utils
5045 silly ADD node_modules/@types/responselike
5046 silly ADD node_modules/@types/node
5047 silly ADD node_modules/@types/ms
5048 silly ADD node_modules/@types/keyv
5049 silly ADD node_modules/@types/json5
5050 silly ADD node_modules/@types/json-schema
5051 silly ADD node_modules/@types/jest
5052 silly ADD node_modules/@types/istanbul-reports
5053 silly ADD node_modules/@types/istanbul-lib-report
5054 silly ADD node_modules/@types/istanbul-lib-coverage
5055 silly ADD node_modules/@types/http-cache-semantics
5056 silly ADD node_modules/@types/graceful-fs
5057 silly ADD node_modules/@types/estree
5058 silly ADD node_modules/@types/eslint-scope
5059 silly ADD node_modules/@types/eslint
5060 silly ADD node_modules/@types/debug
5061 silly ADD node_modules/@types/cacheable-request
5062 silly ADD node_modules/@types/babel__traverse
5063 silly ADD node_modules/@types/babel__template
5064 silly ADD node_modules/@types/babel__generator
5065 silly ADD node_modules/@types/babel__core
5066 silly ADD node_modules/@tufjs/models
5067 silly ADD node_modules/@tufjs/models/node_modules/minimatch
5068 silly ADD node_modules/@tufjs/models/node_modules/brace-expansion
5069 silly ADD node_modules/@tufjs/canonical-json
5070 silly ADD node_modules/@tootallnate/once
5071 silly ADD node_modules/@szmarczak/http-timer
5072 silly ADD node_modules/@sinonjs/fake-timers
5073 silly ADD node_modules/@sinonjs/commons
5074 silly ADD node_modules/@sindresorhus/is
5075 silly ADD node_modules/@sinclair/typebox
5076 silly ADD node_modules/@sigstore/tuf
5077 silly ADD node_modules/@sigstore/sign
5078 silly ADD node_modules/@sigstore/protobuf-specs
5079 silly ADD node_modules/@sigstore/bundle
5080 silly ADD node_modules/@rails/ujs
5081 silly ADD node_modules/@popperjs/core
5082 silly ADD node_modules/@pnpm/npm-conf
5083 silly ADD node_modules/@pnpm/network.ca-file
5084 silly ADD node_modules/@pkgjs/parseargs
5085 silly ADD node_modules/@one-ini/wasm
5086 silly ADD node_modules/@npmcli/run-script
5087 silly ADD node_modules/@npmcli/run-script/node_modules/which
5088 silly ADD node_modules/@npmcli/promise-spawn
5089 silly ADD node_modules/@npmcli/promise-spawn/node_modules/which
5090 silly ADD node_modules/@npmcli/node-gyp
5091 silly ADD node_modules/@npmcli/move-file
5092 silly ADD node_modules/@npmcli/installed-package-contents
5093 silly ADD node_modules/@npmcli/git
5094 silly ADD node_modules/@npmcli/git/node_modules/which
5095 silly ADD node_modules/@npmcli/git/node_modules/lru-cache
5096 silly ADD node_modules/@npmcli/fs
5097 silly ADD node_modules/@nodelib/fs.walk
5098 silly ADD node_modules/@nodelib/fs.stat
5099 silly ADD node_modules/@nodelib/fs.scandir
5100 silly ADD node_modules/@lukeed/ms
5101 silly ADD node_modules/@jridgewell/trace-mapping
5102 silly ADD node_modules/@jridgewell/sourcemap-codec
5103 silly ADD node_modules/@jridgewell/source-map
5104 silly ADD node_modules/@jridgewell/set-array
5105 silly ADD node_modules/@jridgewell/resolve-uri
5106 silly ADD node_modules/@jridgewell/gen-mapping
5107 silly ADD node_modules/@jest/types
5108 silly ADD node_modules/@jest/transform
5109 silly ADD node_modules/@jest/test-sequencer
5110 silly ADD node_modules/@jest/test-result
5111 silly ADD node_modules/@jest/source-map
5112 silly ADD node_modules/@jest/schemas
5113 silly ADD node_modules/@jest/reporters
5114 silly ADD node_modules/@jest/reporters/node_modules/glob
5115 silly ADD node_modules/@jest/globals
5116 silly ADD node_modules/@jest/fake-timers
5117 silly ADD node_modules/@jest/expect-utils
5118 silly ADD node_modules/@jest/expect
5119 silly ADD node_modules/@jest/environment
5120 silly ADD node_modules/@jest/core
5121 silly ADD node_modules/@jest/console
5122 silly ADD node_modules/@istanbuljs/schema
5123 silly ADD node_modules/@istanbuljs/load-nyc-config
5124 silly ADD node_modules/@istanbuljs/load-nyc-config/node_modules/p-locate
5125 silly ADD node_modules/@istanbuljs/load-nyc-config/node_modules/p-limit
5126 silly ADD node_modules/@istanbuljs/load-nyc-config/node_modules/locate-path
5127 silly ADD node_modules/@istanbuljs/load-nyc-config/node_modules/js-yaml
5128 silly ADD node_modules/@istanbuljs/load-nyc-config/node_modules/find-up
5129 silly ADD node_modules/@istanbuljs/load-nyc-config/node_modules/argparse
5130 silly ADD node_modules/@isaacs/cliui
5131 silly ADD node_modules/@isaacs/cliui/node_modules/strip-ansi
5132 silly ADD node_modules/@isaacs/cliui/node_modules/string-width
5133 silly ADD node_modules/@isaacs/cliui/node_modules/emoji-regex
5134 silly ADD node_modules/@isaacs/cliui/node_modules/ansi-regex
5135 silly ADD node_modules/@humanwhocodes/object-schema
5136 silly ADD node_modules/@humanwhocodes/module-importer
5137 silly ADD node_modules/@humanwhocodes/config-array
5138 silly ADD node_modules/@gar/promisify
5139 silly ADD node_modules/@fastify/view
5140 silly ADD node_modules/@fastify/view/node_modules/fastify-plugin
5141 silly ADD node_modules/@fastify/static
5142 silly ADD node_modules/@fastify/static/node_modules/fastify-plugin
5143 silly ADD node_modules/@fastify/sensible
5144 silly ADD node_modules/@fastify/sensible/node_modules/fastify-plugin
5145 silly ADD node_modules/@fastify/send
5146 silly ADD node_modules/@fastify/secure-session
5147 silly ADD node_modules/@fastify/secure-session/node_modules/fastify-plugin
5148 silly ADD node_modules/@fastify/merge-json-schemas
5149 silly ADD node_modules/@fastify/formbody
5150 silly ADD node_modules/@fastify/formbody/node_modules/fastify-plugin
5151 silly ADD node_modules/@fastify/flash
5152 silly ADD node_modules/@fastify/flash/node_modules/fastify-plugin
5153 silly ADD node_modules/@fastify/fast-json-stringify-compiler
5154 silly ADD node_modules/@fastify/error
5155 silly ADD node_modules/@fastify/deepmerge
5156 silly ADD node_modules/@fastify/cookie
5157 silly ADD node_modules/@fastify/cookie/node_modules/fastify-plugin
5158 silly ADD node_modules/@fastify/ajv-compiler
5159 silly ADD node_modules/@fastify/ajv-compiler/node_modules/json-schema-traverse
5160 silly ADD node_modules/@fastify/ajv-compiler/node_modules/ajv
5161 silly ADD node_modules/@fastify/accept-negotiator
5162 silly ADD node_modules/@eslint/js
5163 silly ADD node_modules/@eslint/eslintrc
5164 silly ADD node_modules/@eslint/eslintrc/node_modules/globals
5165 silly ADD node_modules/@eslint-community/regexpp
5166 silly ADD node_modules/@eslint-community/eslint-utils
5167 silly ADD node_modules/@discoveryjs/json-ext
5168 silly ADD node_modules/@colors/colors
5169 silly ADD node_modules/@bcoe/v8-coverage
5170 silly ADD node_modules/@babel/types
5171 silly ADD node_modules/@babel/traverse
5172 silly ADD node_modules/@babel/traverse/node_modules/globals
5173 silly ADD node_modules/@babel/template
5174 silly ADD node_modules/@babel/runtime
5175 silly ADD node_modules/@babel/plugin-syntax-typescript
5176 silly ADD node_modules/@babel/plugin-syntax-top-level-await
5177 silly ADD node_modules/@babel/plugin-syntax-optional-chaining
5178 silly ADD node_modules/@babel/plugin-syntax-optional-catch-binding
5179 silly ADD node_modules/@babel/plugin-syntax-object-rest-spread
5180 silly ADD node_modules/@babel/plugin-syntax-numeric-separator
5181 silly ADD node_modules/@babel/plugin-syntax-nullish-coalescing-operator
5182 silly ADD node_modules/@babel/plugin-syntax-logical-assignment-operators
5183 silly ADD node_modules/@babel/plugin-syntax-jsx
5184 silly ADD node_modules/@babel/plugin-syntax-json-strings
5185 silly ADD node_modules/@babel/plugin-syntax-import-meta
5186 silly ADD node_modules/@babel/plugin-syntax-class-properties
5187 silly ADD node_modules/@babel/plugin-syntax-bigint
5188 silly ADD node_modules/@babel/plugin-syntax-async-generators
5189 silly ADD node_modules/@babel/parser
5190 silly ADD node_modules/@babel/highlight
5191 silly ADD node_modules/@babel/highlight/node_modules/supports-color
5192 silly ADD node_modules/@babel/highlight/node_modules/has-flag
5193 silly ADD node_modules/@babel/highlight/node_modules/color-name
5194 silly ADD node_modules/@babel/highlight/node_modules/color-convert
5195 silly ADD node_modules/@babel/highlight/node_modules/chalk
5196 silly ADD node_modules/@babel/highlight/node_modules/ansi-styles
5197 silly ADD node_modules/@babel/helpers
5198 silly ADD node_modules/@babel/helper-validator-option
5199 silly ADD node_modules/@babel/helper-validator-identifier
5200 silly ADD node_modules/@babel/helper-string-parser
5201 silly ADD node_modules/@babel/helper-split-export-declaration
5202 silly ADD node_modules/@babel/helper-simple-access
5203 silly ADD node_modules/@babel/helper-plugin-utils
5204 silly ADD node_modules/@babel/helper-module-transforms
5205 silly ADD node_modules/@babel/helper-module-imports
5206 silly ADD node_modules/@babel/helper-hoist-variables
5207 silly ADD node_modules/@babel/helper-function-name
5208 silly ADD node_modules/@babel/helper-environment-visitor
5209 silly ADD node_modules/@babel/helper-compilation-targets
5210 silly ADD node_modules/@babel/helper-compilation-targets/node_modules/semver
5211 silly ADD node_modules/@babel/generator
5212 silly ADD node_modules/@babel/core
5213 silly ADD node_modules/@babel/core/node_modules/semver
5214 silly ADD node_modules/@babel/compat-data
5215 silly ADD node_modules/@babel/code-frame
5216 silly ADD node_modules/@ampproject/remapping
5217 silly ADD node_modules/@aashutoshrathi/word-wrap
5218 timing command:install Completed in 151254ms
5219 notice
5219 notice New [31mmajor[39m version of npm available! [31m10.5.0[39m -> [32m11.9.0[39m
5219 notice Changelog: [36mhttps://github.com/npm/cli/releases/tag/v11.9.0[39m
5219 notice Run [32mnpm install -g npm@11.9.0[39m to update!
5219 notice
5220 verbose exit 0
5221 timing npm Completed in 151459ms
5222 info ok
